"sale_id","created_at","sku","quantity","price_cents","total_cents","paid_cents"
"1","2026-09-09T05:00:00.000Z","SKU0001","4","800","3200","3200"
"29","2026-09-09T05:00:00.000Z","SKU0002","8","1000","8000","8000"
"57","2026-09-09T05:00:00.000Z","SKU0003","1","3000","3000","3000"
"63","2026-09-09T05:00:00.000Z","SKU0004","4","1500","6000","6000"
"88","2026-09-09T05:00:00.000Z","SKU0005","5","2000","10000","10000"
"112","2026-09-09T05:00:00.000Z","SKU0006","6","4500","27000","27000"
"137","2026-09-09T05:00:00.000Z","SKU0007","7","2500","17500","17500"
"185","2026-09-09T05:00:00.000Z","SKU0009","1","500","500","500"
"210","2026-09-09T05:00:00.000Z","SKU0010","2","2800","5600","5600"
"234","2026-09-09T05:00:00.000Z","SKU0011","3","800","2400","2400"
"259","2026-09-09T05:00:00.000Z","SKU0012","4","1000","4000","4000"
"284","2026-09-09T05:00:00.000Z","SKU0014","6","1500","9000","9000"
"309","2026-09-09T05:00:00.000Z","SKU0015","7","2000","14000","14000"
"357","2026-09-09T05:00:00.000Z","SKU0017","1","2500","2500","2500"
"382","2026-09-09T05:00:00.000Z","SKU0018","2","3500","7000","7000"
"406","2026-09-09T05:00:00.000Z","SKU0019","3","500","1500","1500"
"431","2026-09-09T05:00:00.000Z","SKU0020","4","2800","11200","11200"
"456","2026-09-09T05:00:00.000Z","SKU0021","5","800","4000","4000"
"480","2026-09-09T05:00:00.000Z","SKU0022","6","1000","6000","6000"
"505","2026-09-09T05:00:00.000Z","SKU0023","7","3000","21000","21000"
"553","2026-09-09T05:00:00.000Z","SKU0025","1","2000","2000","2000"
"578","2026-09-09T05:00:00.000Z","SKU0027","3","2500","7500","7500"
"603","2026-09-09T05:00:00.000Z","SKU0028","4","3500","14000","14000"
"628","2026-09-09T05:00:00.000Z","SKU0029","5","500","2500","2500"
"652","2026-09-09T05:00:00.000Z","SKU0030","6","2800","16800","16800"
"677","2026-09-09T05:00:00.000Z","SKU0031","7","800","5600","5600"
"725","2026-09-09T05:00:00.000Z","SKU0033","1","3000","3000","3000"
"750","2026-09-09T05:00:00.000Z","SKU0034","2","1500","3000","3000"
"774","2026-09-09T05:00:00.000Z","SKU0035","3","2000","6000","6000"
"799","2026-09-09T05:00:00.000Z","SKU0036","4","4500","18000","18000"
"824","2026-09-09T05:00:00.000Z","SKU0037","5","2500","12500","12500"
"848","2026-09-09T05:00:00.000Z","SKU0038","6","3500","21000","21000"
"897","2026-09-09T05:00:00.000Z","SKU0041","1","800","800","800"
"922","2026-09-09T05:00:00.000Z","SKU0042","2","1000","2000","2000"
"946","2026-09-09T05:00:00.000Z","SKU0043","3","3000","9000","9000"
"971","2026-09-09T05:00:00.000Z","SKU0044","4","1500","6000","6000"
"996","2026-09-09T05:00:00.000Z","SKU0045","5","2000","10000","10000"
"1020","2026-09-09T05:00:00.000Z","SKU0046","6","4500","27000","27000"
"1045","2026-09-09T05:00:00.000Z","SKU0047","7","2500","17500","17500"
"1093","2026-09-09T05:00:00.000Z","SKU0049","1","500","500","500"
"1118","2026-09-09T05:00:00.000Z","SKU0050","2","2800","5600","5600"
"1142","2026-09-09T05:00:00.000Z","SKU0051","3","800","2400","2400"
"1167","2026-09-09T05:00:00.000Z","SKU0053","5","3000","15000","15000"
"1191","2026-09-09T05:00:00.000Z","SKU0054","6","1500","9000","9000"
"1216","2026-09-09T05:00:00.000Z","SKU0055","7","2000","14000","14000"
"1264","2026-09-09T05:00:00.000Z","SKU0057","1","2500","2500","2500"
"1289","2026-09-09T05:00:00.000Z","SKU0058","2","3500","7000","7000"
"1313","2026-09-09T05:00:00.000Z","SKU0059","3","500","1500","1500"
"1338","2026-09-09T05:00:00.000Z","SKU0060","4","2800","11200","11200"
"1363","2026-09-09T05:00:00.000Z","SKU0061","5","800","4000","4000"
"1387","2026-09-09T05:00:00.000Z","SKU0062","6","1000","6000","6000"
"1412","2026-09-09T05:00:00.000Z","SKU0063","7","3000","21000","21000"
"1460","2026-09-09T05:00:00.000Z","SKU0066","2","4500","9000","9000"
"1484","2026-09-09T05:00:00.000Z","SKU0067","3","2500","7500","7500"
"1509","2026-09-09T05:00:00.000Z","SKU0068","4","3500","14000","14000"
"1534","2026-09-09T05:00:00.000Z","SKU0069","5","500","2500","2500"
"1558","2026-09-09T05:00:00.000Z","SKU0070","6","2800","16800","16800"
"1583","2026-09-09T05:00:00.000Z","SKU0071","7","800","5600","5600"
"1631","2026-09-09T05:00:00.000Z","SKU0073","1","3000","3000","3000"
"1656","2026-09-09T05:00:00.000Z","SKU0074","2","1500","3000","3000"
"1680","2026-09-09T05:00:00.000Z","SKU0075","3","2000","6000","6000"
"1705","2026-09-09T05:00:00.000Z","SKU0076","4","4500","18000","18000"
"1730","2026-09-09T05:00:00.000Z","SKU0077","5","2500","12500","12500"
"1754","2026-09-09T05:00:00.000Z","SKU0079","7","500","3500","3500"
"1802","2026-09-09T05:00:00.000Z","SKU0081","1","800","800","800"
"1827","2026-09-09T05:00:00.000Z","SKU0082","2","1000","2000","2000"
"1851","2026-09-09T05:00:00.000Z","SKU0083","3","3000","9000","9000"
"1876","2026-09-09T05:00:00.000Z","SKU0084","4","1500","6000","6000"
"1901","2026-09-09T05:00:00.000Z","SKU0085","5","2000","10000","10000"
"1925","2026-09-09T05:00:00.000Z","SKU0086","6","4500","27000","27000"
"1950","2026-09-09T05:00:00.000Z","SKU0087","7","2500","17500","17500"
"1998","2026-09-09T05:00:00.000Z","SKU0089","1","500","500","500"
"2023","2026-09-09T05:00:00.000Z","SKU0090","2","2800","5600","5600"
"2047","2026-09-09T05:00:00.000Z","SKU0092","4","1000","4000","4000"
"2072","2026-09-09T05:00:00.000Z","SKU0093","5","3000","15000","15000"
"2096","2026-09-09T05:00:00.000Z","SKU0094","6","1500","9000","9000"
"2121","2026-09-09T05:00:00.000Z","SKU0095","7","2000","14000","14000"
"2169","2026-09-09T05:00:00.000Z","SKU0097","1","2500","2500","2500"
"2194","2026-09-09T05:00:00.000Z","SKU0098","2","3500","7000","7000"
"2218","2026-09-09T05:00:00.000Z","SKU0099","3","500","1500","1500"
"2243","2026-09-09T05:00:00.000Z","SKU0100","4","2900","11600","11600"
"2268","2026-09-09T05:00:00.000Z","SKU0101","5","900","4500","4500"
"2292","2026-09-09T05:00:00.000Z","SKU0102","6","1100","6600","6600"
"2317","2026-09-09T05:00:00.000Z","SKU0103","7","3100","21700","21700"
"2341","2026-09-09T05:00:00.000Z","SKU0105","1","2100","2100","2100"
"2366","2026-09-09T05:00:00.000Z","SKU0106","2","4600","9200","9200"
"2390","2026-09-09T05:00:00.000Z","SKU0107","3","2600","7800","7800"
"2415","2026-09-09T05:00:00.000Z","SKU0108","4","3600","14400","14400"
"2440","2026-09-09T05:00:00.000Z","SKU0109","5","600","3000","3000"
"2464","2026-09-09T05:00:00.000Z","SKU0110","6","2900","17400","17400"
"2489","2026-09-09T05:00:00.000Z","SKU0111","7","900","6300","6300"
"2537","2026-09-09T05:00:00.000Z","SKU0113","1","3100","3100","3100"
"2562","2026-09-09T05:00:00.000Z","SKU0114","2","1600","3200","3200"
"2586","2026-09-09T05:00:00.000Z","SKU0115","3","2100","6300","6300"
"2611","2026-09-09T05:00:00.000Z","SKU0116","4","4600","18400","18400"
"2636","2026-09-09T05:00:00.000Z","SKU0118","6","3600","21600","21600"
"2661","2026-09-09T05:00:00.000Z","SKU0119","7","600","4200","4200"
"2709","2026-09-09T05:00:00.000Z","SKU0121","1","900","900","900"
"2734","2026-09-09T05:00:00.000Z","SKU0122","2","1100","2200","2200"
"2758","2026-09-09T05:00:00.000Z","SKU0123","3","3100","9300","9300"
"2783","2026-09-09T05:00:00.000Z","SKU0124","4","1600","6400","6400"
"2808","2026-09-09T05:00:00.000Z","SKU0125","5","2100","10500","10500"
"2832","2026-09-09T05:00:00.000Z","SKU0126","6","4600","27600","27600"
"2857","2026-09-09T05:00:00.000Z","SKU0127","7","2600","18200","18200"
"2905","2026-09-09T05:00:00.000Z","SKU0129","1","600","600","600"
"2930","2026-09-09T05:00:00.000Z","SKU0131","3","900","2700","2700"
"2955","2026-09-09T05:00:00.000Z","SKU0132","4","1100","4400","4400"
"2980","2026-09-09T05:00:00.000Z","SKU0133","5","3100","15500","15500"
"3004","2026-09-09T05:00:00.000Z","SKU0134","6","1600","9600","9600"
"3029","2026-09-09T05:00:00.000Z","SKU0135","7","2100","14700","14700"
"3077","2026-09-09T05:00:00.000Z","SKU0137","1","2600","2600","2600"
"3102","2026-09-09T05:00:00.000Z","SKU0138","2","3600","7200","7200"
"3126","2026-09-09T05:00:00.000Z","SKU0139","3","600","1800","1800"
"3151","2026-09-09T05:00:00.000Z","SKU0140","4","2900","11600","11600"
"3176","2026-09-09T05:00:00.000Z","SKU0141","5","900","4500","4500"
"3200","2026-09-09T05:00:00.000Z","SKU0142","6","1100","6600","6600"
"3249","2026-09-09T05:00:00.000Z","SKU0145","1","2100","2100","2100"
"3274","2026-09-09T05:00:00.000Z","SKU0146","2","4600","9200","9200"
"3298","2026-09-09T05:00:00.000Z","SKU0147","3","2600","7800","7800"
"3323","2026-09-09T05:00:00.000Z","SKU0148","4","3600","14400","14400"
"3348","2026-09-09T05:00:00.000Z","SKU0149","5","600","3000","3000"
"3372","2026-09-09T05:00:00.000Z","SKU0150","6","2900","17400","17400"
"3397","2026-09-09T05:00:00.000Z","SKU0151","7","900","6300","6300"
"3445","2026-09-09T05:00:00.000Z","SKU0153","1","3100","3100","3100"
"3470","2026-09-09T05:00:00.000Z","SKU0154","2","1600","3200","3200"
"3494","2026-09-09T05:00:00.000Z","SKU0155","3","2100","6300","6300"
"3519","2026-09-09T05:00:00.000Z","SKU0157","5","2600","13000","13000"
"3543","2026-09-09T05:00:00.000Z","SKU0158","6","3600","21600","21600"
"3568","2026-09-09T05:00:00.000Z","SKU0159","7","600","4200","4200"
"3616","2026-09-09T05:00:00.000Z","SKU0161","1","900","900","900"
"3641","2026-09-09T05:00:00.000Z","SKU0162","2","1100","2200","2200"
"3665","2026-09-09T05:00:00.000Z","SKU0163","3","3100","9300","9300"
"3690","2026-09-09T05:00:00.000Z","SKU0164","4","1600","6400","6400"
"3715","2026-09-09T05:00:00.000Z","SKU0165","5","2100","10500","10500"
"3739","2026-09-09T05:00:00.000Z","SKU0166","6","4600","27600","27600"
"3764","2026-09-09T05:00:00.000Z","SKU0167","7","2600","18200","18200"
"3812","2026-09-09T05:00:00.000Z","SKU0170","2","2900","5800","5800"
"3836","2026-09-09T05:00:00.000Z","SKU0171","3","900","2700","2700"
"3861","2026-09-09T05:00:00.000Z","SKU0172","4","1100","4400","4400"
"3886","2026-09-09T05:00:00.000Z","SKU0173","5","3100","15500","15500"
"3910","2026-09-09T05:00:00.000Z","SKU0174","6","1600","9600","9600"
"3935","2026-09-09T05:00:00.000Z","SKU0175","7","2100","14700","14700"
"3983","2026-09-09T05:00:00.000Z","SKU0177","1","2600","2600","2600"
"4008","2026-09-09T05:00:00.000Z","SKU0178","2","3600","7200","7200"
"4032","2026-09-09T05:00:00.000Z","SKU0179","3","600","1800","1800"
"4057","2026-09-09T05:00:00.000Z","SKU0180","4","2900","11600","11600"
"4082","2026-09-09T05:00:00.000Z","SKU0181","5","900","4500","4500"
"4106","2026-09-09T05:00:00.000Z","SKU0183","7","3100","21700","21700"
"4154","2026-09-09T05:00:00.000Z","SKU0185","1","2100","2100","2100"
"4179","2026-09-09T05:00:00.000Z","SKU0186","2","4600","9200","9200"
"4203","2026-09-09T05:00:00.000Z","SKU0187","3","2600","7800","7800"
"4228","2026-09-09T05:00:00.000Z","SKU0188","4","3600","14400","14400"
"4253","2026-09-09T05:00:00.000Z","SKU0189","5","600","3000","3000"
"4277","2026-09-09T05:00:00.000Z","SKU0190","6","2900","17400","17400"
"4302","2026-09-09T05:00:00.000Z","SKU0191","7","900","6300","6300"
"4350","2026-09-09T05:00:00.000Z","SKU0193","1","3100","3100","3100"
"4375","2026-09-09T05:00:00.000Z","SKU0194","2","1600","3200","3200"
"4399","2026-09-09T05:00:00.000Z","SKU0196","4","4600","18400","18400"
"4424","2026-09-09T05:00:00.000Z","SKU0197","5","2600","13000","13000"
"4448","2026-09-09T05:00:00.000Z","SKU0198","6","3600","21600","21600"
"4473","2026-09-09T05:00:00.000Z","SKU0199","7","600","4200","4200"
"4521","2026-09-09T05:00:00.000Z","SKU0201","1","1000","1000","1000"
"4546","2026-09-09T05:00:00.000Z","SKU0202","2","1200","2400","2400"
"4570","2026-09-09T05:00:00.000Z","SKU0203","3","3200","9600","9600"
"4595","2026-09-09T05:00:00.000Z","SKU0204","4","1700","6800","6800"
"4620","2026-09-09T05:00:00.000Z","SKU0205","5","2200","11000","11000"
"4644","2026-09-09T05:00:00.000Z","SKU0206","6","4700","28200","28200"
"4669","2026-09-09T05:00:00.000Z","SKU0207","7","2700","18900","18900"
"4693","2026-09-09T05:00:00.000Z","SKU0209","1","700","700","700"
"4718","2026-09-09T05:00:00.000Z","SKU0210","2","3000","6000","6000"
"4742","2026-09-09T05:00:00.000Z","SKU0211","3","1000","3000","3000"
"4767","2026-09-09T05:00:00.000Z","SKU0212","4","1200","4800","4800"
"4792","2026-09-09T05:00:00.000Z","SKU0213","5","3200","16000","16000"
"4816","2026-09-09T05:00:00.000Z","SKU0214","6","1700","10200","10200"
"4841","2026-09-09T05:00:00.000Z","SKU0215","7","2200","15400","15400"
"4889","2026-09-09T05:00:00.000Z","SKU0217","1","2700","2700","2700"
"4914","2026-09-09T05:00:00.000Z","SKU0218","2","3700","7400","7400"
"4938","2026-09-09T05:00:00.000Z","SKU0219","3","700","2100","2100"
"4963","2026-09-09T05:00:00.000Z","SKU0220","4","3000","12000","12000"
"4988","2026-09-09T05:00:00.000Z","SKU0222","6","1200","7200","7200"
"5013","2026-09-09T05:00:00.000Z","SKU0223","7","3200","22400","22400"
"5061","2026-09-09T05:00:00.000Z","SKU0225","1","2200","2200","2200"
"5086","2026-09-09T05:00:00.000Z","SKU0226","2","4700","9400","9400"
"5110","2026-09-09T05:00:00.000Z","SKU0227","3","2700","8100","8100"
"5135","2026-09-09T05:00:00.000Z","SKU0228","4","3700","14800","14800"
"5160","2026-09-09T05:00:00.000Z","SKU0229","5","700","3500","3500"
"5184","2026-09-09T05:00:00.000Z","SKU0230","6","3000","18000","18000"
"5209","2026-09-09T05:00:00.000Z","SKU0231","7","1000","7000","7000"
"5257","2026-09-09T05:00:00.000Z","SKU0233","1","3200","3200","3200"
"5282","2026-09-09T05:00:00.000Z","SKU0235","3","2200","6600","6600"
"5307","2026-09-09T05:00:00.000Z","SKU0236","4","4700","18800","18800"
"5332","2026-09-09T05:00:00.000Z","SKU0237","5","2700","13500","13500"
"5356","2026-09-09T05:00:00.000Z","SKU0238","6","3700","22200","22200"
"5381","2026-09-09T05:00:00.000Z","SKU0239","7","700","4900","4900"
"5429","2026-09-09T05:00:00.000Z","SKU0241","1","1000","1000","1000"
"5454","2026-09-09T05:00:00.000Z","SKU0242","2","1200","2400","2400"
"5478","2026-09-09T05:00:00.000Z","SKU0243","3","3200","9600","9600"
"5503","2026-09-09T05:00:00.000Z","SKU0244","4","1700","6800","6800"
"5528","2026-09-09T05:00:00.000Z","SKU0245","5","2200","11000","11000"
"5552","2026-09-09T05:00:00.000Z","SKU0246","6","4700","28200","28200"
"5601","2026-09-09T05:00:00.000Z","SKU0249","1","700","700","700"
"5626","2026-09-09T05:00:00.000Z","SKU0250","2","3000","6000","6000"
"5650","2026-09-09T05:00:00.000Z","SKU0251","3","1000","3000","3000"
"5675","2026-09-09T05:00:00.000Z","SKU0252","4","1200","4800","4800"
"5700","2026-09-09T05:00:00.000Z","SKU0253","5","3200","16000","16000"
"5724","2026-09-09T05:00:00.000Z","SKU0254","6","1700","10200","10200"
"5749","2026-09-09T05:00:00.000Z","SKU0255","7","2200","15400","15400"
"5797","2026-09-09T05:00:00.000Z","SKU0257","1","2700","2700","2700"
"5822","2026-09-09T05:00:00.000Z","SKU0258","2","3700","7400","7400"
"5846","2026-09-09T05:00:00.000Z","SKU0259","3","700","2100","2100"
"5871","2026-09-09T05:00:00.000Z","SKU0261","5","1000","5000","5000"
"5895","2026-09-09T05:00:00.000Z","SKU0262","6","1200","7200","7200"
"5920","2026-09-09T05:00:00.000Z","SKU0263","7","3200","22400","22400"
"5968","2026-09-09T05:00:00.000Z","SKU0265","1","2200","2200","2200"
"5993","2026-09-09T05:00:00.000Z","SKU0266","2","4700","9400","9400"
"6017","2026-09-09T05:00:00.000Z","SKU0267","3","2700","8100","8100"
"6042","2026-09-09T05:00:00.000Z","SKU0268","4","3700","14800","14800"
"6067","2026-09-09T05:00:00.000Z","SKU0269","5","700","3500","3500"
"6091","2026-09-09T05:00:00.000Z","SKU0270","6","3000","18000","18000"
"6116","2026-09-09T05:00:00.000Z","SKU0271","7","1000","7000","7000"
"6164","2026-09-09T05:00:00.000Z","SKU0274","2","1700","3400","3400"
"6188","2026-09-09T05:00:00.000Z","SKU0275","3","2200","6600","6600"
"6213","2026-09-09T05:00:00.000Z","SKU0276","4","4700","18800","18800"
"6238","2026-09-09T05:00:00.000Z","SKU0277","5","2700","13500","13500"
"6262","2026-09-09T05:00:00.000Z","SKU0278","6","3700","22200","22200"
"6287","2026-09-09T05:00:00.000Z","SKU0279","7","700","4900","4900"
"6335","2026-09-09T05:00:00.000Z","SKU0281","1","1000","1000","1000"
"6360","2026-09-09T05:00:00.000Z","SKU0282","2","1200","2400","2400"
"6384","2026-09-09T05:00:00.000Z","SKU0283","3","3200","9600","9600"
"6409","2026-09-09T05:00:00.000Z","SKU0284","4","1700","6800","6800"
"6434","2026-09-09T05:00:00.000Z","SKU0285","5","2200","11000","11000"
"6458","2026-09-09T05:00:00.000Z","SKU0287","7","2700","18900","18900"
"6506","2026-09-09T05:00:00.000Z","SKU0289","1","700","700","700"
"6531","2026-09-09T05:00:00.000Z","SKU0290","2","3000","6000","6000"
"6555","2026-09-09T05:00:00.000Z","SKU0291","3","1000","3000","3000"
"6580","2026-09-09T05:00:00.000Z","SKU0292","4","1200","4800","4800"
"6605","2026-09-09T05:00:00.000Z","SKU0293","5","3200","16000","16000"
"6629","2026-09-09T05:00:00.000Z","SKU0294","6","1700","10200","10200"
"6654","2026-09-09T05:00:00.000Z","SKU0295","7","2200","15400","15400"
"6702","2026-09-09T05:00:00.000Z","SKU0297","1","2700","2700","2700"
"6727","2026-09-09T05:00:00.000Z","SKU0298","2","3700","7400","7400"
"6751","2026-09-09T05:00:00.000Z","SKU0300","4","3100","12400","12400"
"6776","2026-09-09T05:00:00.000Z","SKU0301","5","1100","5500","5500"
"6800","2026-09-09T05:00:00.000Z","SKU0302","6","1300","7800","7800"
"6825","2026-09-09T05:00:00.000Z","SKU0303","7","3300","23100","23100"
"6873","2026-09-09T05:00:00.000Z","SKU0305","1","2300","2300","2300"
"6898","2026-09-09T05:00:00.000Z","SKU0306","2","4800","9600","9600"
"6922","2026-09-09T05:00:00.000Z","SKU0307","3","2800","8400","8400"
"6947","2026-09-09T05:00:00.000Z","SKU0308","4","3800","15200","15200"
"6972","2026-09-09T05:00:00.000Z","SKU0309","5","800","4000","4000"
"6996","2026-09-09T05:00:00.000Z","SKU0310","6","3100","18600","18600"
"7021","2026-09-09T05:00:00.000Z","SKU0311","7","1100","7700","7700"
"7045","2026-09-09T05:00:00.000Z","SKU0313","1","3300","3300","3300"
"7070","2026-09-09T05:00:00.000Z","SKU0314","2","1800","3600","3600"
"7094","2026-09-09T05:00:00.000Z","SKU0315","3","2300","6900","6900"
"7119","2026-09-09T05:00:00.000Z","SKU0316","4","4800","19200","19200"
"7144","2026-09-09T05:00:00.000Z","SKU0317","5","2800","14000","14000"
"7168","2026-09-09T05:00:00.000Z","SKU0318","6","3800","22800","22800"
"7193","2026-09-09T05:00:00.000Z","SKU0319","7","800","5600","5600"
"7241","2026-09-09T05:00:00.000Z","SKU0321","1","1100","1100","1100"
"7266","2026-09-09T05:00:00.000Z","SKU0322","2","1300","2600","2600"
"7290","2026-09-09T05:00:00.000Z","SKU0323","3","3300","9900","9900"
"7315","2026-09-09T05:00:00.000Z","SKU0324","4","1800","7200","7200"
"7340","2026-09-09T05:00:00.000Z","SKU0326","6","4800","28800","28800"
"7365","2026-09-09T05:00:00.000Z","SKU0327","7","2800","19600","19600"
"7413","2026-09-09T05:00:00.000Z","SKU0329","1","800","800","800"
"7438","2026-09-09T05:00:00.000Z","SKU0330","2","3100","6200","6200"
"7462","2026-09-09T05:00:00.000Z","SKU0331","3","1100","3300","3300"
"7487","2026-09-09T05:00:00.000Z","SKU0332","4","1300","5200","5200"
"7512","2026-09-09T05:00:00.000Z","SKU0333","5","3300","16500","16500"
"7536","2026-09-09T05:00:00.000Z","SKU0334","6","1800","10800","10800"
"7561","2026-09-09T05:00:00.000Z","SKU0335","7","2300","16100","16100"
"7609","2026-09-09T05:00:00.000Z","SKU0337","1","2800","2800","2800"
"7634","2026-09-09T05:00:00.000Z","SKU0339","3","800","2400","2400"
"7659","2026-09-09T05:00:00.000Z","SKU0340","4","3100","12400","12400"
"7684","2026-09-09T05:00:00.000Z","SKU0341","5","1100","5500","5500"
"7708","2026-09-09T05:00:00.000Z","SKU0342","6","1300","7800","7800"
"7733","2026-09-09T05:00:00.000Z","SKU0343","7","3300","23100","23100"
"7781","2026-09-09T05:00:00.000Z","SKU0345","1","2300","2300","2300"
"7806","2026-09-09T05:00:00.000Z","SKU0346","2","4800","9600","9600"
"7830","2026-09-09T05:00:00.000Z","SKU0347","3","2800","8400","8400"
"7855","2026-09-09T05:00:00.000Z","SKU0348","4","3800","15200","15200"
"7880","2026-09-09T05:00:00.000Z","SKU0349","5","800","4000","4000"
"7904","2026-09-09T05:00:00.000Z","SKU0350","6","3100","18600","18600"
"7953","2026-09-09T05:00:00.000Z","SKU0353","1","3300","3300","3300"
"7978","2026-09-09T05:00:00.000Z","SKU0354","2","1800","3600","3600"
"8002","2026-09-09T05:00:00.000Z","SKU0355","3","2300","6900","6900"
"8027","2026-09-09T05:00:00.000Z","SKU0356","4","4800","19200","19200"
"8052","2026-09-09T05:00:00.000Z","SKU0357","5","2800","14000","14000"
"8076","2026-09-09T05:00:00.000Z","SKU0358","6","3800","22800","22800"
"8101","2026-09-09T05:00:00.000Z","SKU0359","7","800","5600","5600"
"8149","2026-09-09T05:00:00.000Z","SKU0361","1","1100","1100","1100"
"8174","2026-09-09T05:00:00.000Z","SKU0362","2","1300","2600","2600"
"8198","2026-09-09T05:00:00.000Z","SKU0363","3","3300","9900","9900"
"8223","2026-09-09T05:00:00.000Z","SKU0365","5","2300","11500","11500"
"8247","2026-09-09T05:00:00.000Z","SKU0366","6","4800","28800","28800"
"8272","2026-09-09T05:00:00.000Z","SKU0367","7","2800","19600","19600"
"8320","2026-09-09T05:00:00.000Z","SKU0369","1","800","800","800"
"8345","2026-09-09T05:00:00.000Z","SKU0370","2","3100","6200","6200"
"8369","2026-09-09T05:00:00.000Z","SKU0371","3","1100","3300","3300"
"8394","2026-09-09T05:00:00.000Z","SKU0372","4","1300","5200","5200"
"8419","2026-09-09T05:00:00.000Z","SKU0373","5","3300","16500","16500"
"8443","2026-09-09T05:00:00.000Z","SKU0374","6","1800","10800","10800"
"8468","2026-09-09T05:00:00.000Z","SKU0375","7","2300","16100","16100"
"8516","2026-09-09T05:00:00.000Z","SKU0378","2","3800","7600","7600"
"8540","2026-09-09T05:00:00.000Z","SKU0379","3","800","2400","2400"
"8565","2026-09-09T05:00:00.000Z","SKU0380","4","3100","12400","12400"
"8590","2026-09-09T05:00:00.000Z","SKU0381","5","1100","5500","5500"
"8614","2026-09-09T05:00:00.000Z","SKU0382","6","1300","7800","7800"
"8639","2026-09-09T05:00:00.000Z","SKU0383","7","3300","23100","23100"
"8687","2026-09-09T05:00:00.000Z","SKU0385","1","2300","2300","2300"
"8712","2026-09-09T05:00:00.000Z","SKU0386","2","4800","9600","9600"
"8736","2026-09-09T05:00:00.000Z","SKU0387","3","2800","8400","8400"
"8761","2026-09-09T05:00:00.000Z","SKU0388","4","3800","15200","15200"
"8786","2026-09-09T05:00:00.000Z","SKU0389","5","800","4000","4000"
"8810","2026-09-09T05:00:00.000Z","SKU0391","7","1100","7700","7700"
"8858","2026-09-09T05:00:00.000Z","SKU0393","1","3300","3300","3300"
"8883","2026-09-09T05:00:00.000Z","SKU0394","2","1800","3600","3600"
"8907","2026-09-09T05:00:00.000Z","SKU0395","3","2300","6900","6900"
"8932","2026-09-09T05:00:00.000Z","SKU0396","4","4800","19200","19200"
"8957","2026-09-09T05:00:00.000Z","SKU0397","5","2800","14000","14000"
"8981","2026-09-09T05:00:00.000Z","SKU0398","6","3800","22800","22800"
"9006","2026-09-09T05:00:00.000Z","SKU0399","7","800","5600","5600"
"9054","2026-09-09T05:00:00.000Z","SKU0401","1","1200","1200","1200"
"9079","2026-09-09T05:00:00.000Z","SKU0402","2","1400","2800","2800"
"9103","2026-09-09T05:00:00.000Z","SKU0404","4","1900","7600","7600"
"9128","2026-09-09T05:00:00.000Z","SKU0405","5","2400","12000","12000"
"9152","2026-09-09T05:00:00.000Z","SKU0406","6","4900","29400","29400"
"9177","2026-09-09T05:00:00.000Z","SKU0407","7","2900","20300","20300"
"9225","2026-09-09T05:00:00.000Z","SKU0409","1","900","900","900"
"9250","2026-09-09T05:00:00.000Z","SKU0410","2","3200","6400","6400"
"9274","2026-09-09T05:00:00.000Z","SKU0411","3","1200","3600","3600"
"9299","2026-09-09T05:00:00.000Z","SKU0412","4","1400","5600","5600"
"9324","2026-09-09T05:00:00.000Z","SKU0413","5","3400","17000","17000"
"9348","2026-09-09T05:00:00.000Z","SKU0414","6","1900","11400","11400"
"9373","2026-09-09T05:00:00.000Z","SKU0415","7","2400","16800","16800"
"9397","2026-09-09T05:00:00.000Z","SKU0417","1","2900","2900","2900"
"9422","2026-09-09T05:00:00.000Z","SKU0418","2","3900","7800","7800"
"9446","2026-09-09T05:00:00.000Z","SKU0419","3","900","2700","2700"
"9471","2026-09-09T05:00:00.000Z","SKU0420","4","3200","12800","12800"
"9496","2026-09-09T05:00:00.000Z","SKU0421","5","1200","6000","6000"
"9520","2026-09-09T05:00:00.000Z","SKU0422","6","1400","8400","8400"
"9545","2026-09-09T05:00:00.000Z","SKU0423","7","3400","23800","23800"
"9593","2026-09-09T05:00:00.000Z","SKU0425","1","2400","2400","2400"
"9618","2026-09-09T05:00:00.000Z","SKU0426","2","4900","9800","9800"
"9642","2026-09-09T05:00:00.000Z","SKU0427","3","2900","8700","8700"
"9667","2026-09-09T05:00:00.000Z","SKU0428","4","3900","15600","15600"
"9692","2026-09-09T05:00:00.000Z","SKU0430","6","3200","19200","19200"
"9717","2026-09-09T05:00:00.000Z","SKU0431","7","1200","8400","8400"
"9765","2026-09-09T05:00:00.000Z","SKU0433","1","3400","3400","3400"
"9790","2026-09-09T05:00:00.000Z","SKU0434","2","1900","3800","3800"
"9814","2026-09-09T05:00:00.000Z","SKU0435","3","2400","7200","7200"
"9839","2026-09-09T05:00:00.000Z","SKU0436","4","4900","19600","19600"
"9864","2026-09-09T05:00:00.000Z","SKU0437","5","2900","14500","14500"
"9888","2026-09-09T05:00:00.000Z","SKU0438","6","3900","23400","23400"
"9913","2026-09-09T05:00:00.000Z","SKU0439","7","900","6300","6300"
"9961","2026-09-09T05:00:00.000Z","SKU0441","1","1200","1200","1200"
"9986","2026-09-09T05:00:00.000Z","SKU0443","3","3400","10200","10200"
"10011","2026-09-09T05:00:00.000Z","SKU0444","4","1900","7600","7600"
"10036","2026-09-09T05:00:00.000Z","SKU0445","5","2400","12000","12000"
"10060","2026-09-09T05:00:00.000Z","SKU0446","6","4900","29400","29400"
"10085","2026-09-09T05:00:00.000Z","SKU0447","7","2900","20300","20300"
"10133","2026-09-09T05:00:00.000Z","SKU0449","1","900","900","900"
"10158","2026-09-09T05:00:00.000Z","SKU0450","2","3200","6400","6400"
"10182","2026-09-09T05:00:00.000Z","SKU0451","3","1200","3600","3600"
"10207","2026-09-09T05:00:00.000Z","SKU0452","4","1400","5600","5600"
"10232","2026-09-09T05:00:00.000Z","SKU0453","5","3400","17000","17000"
"10256","2026-09-09T05:00:00.000Z","SKU0454","6","1900","11400","11400"
"10305","2026-09-09T05:00:00.000Z","SKU0457","1","2900","2900","2900"
"10330","2026-09-09T05:00:00.000Z","SKU0458","2","3900","7800","7800"
"10354","2026-09-09T05:00:00.000Z","SKU0459","3","900","2700","2700"
"10379","2026-09-09T05:00:00.000Z","SKU0460","4","3200","12800","12800"
"10404","2026-09-09T05:00:00.000Z","SKU0461","5","1200","6000","6000"
"10428","2026-09-09T05:00:00.000Z","SKU0462","6","1400","8400","8400"
"10453","2026-09-09T05:00:00.000Z","SKU0463","7","3400","23800","23800"
"10501","2026-09-09T05:00:00.000Z","SKU0465","1","2400","2400","2400"
"10526","2026-09-09T05:00:00.000Z","SKU0466","2","4900","9800","9800"
"10550","2026-09-09T05:00:00.000Z","SKU0467","3","2900","8700","8700"
"10575","2026-09-09T05:00:00.000Z","SKU0469","5","900","4500","4500"
"10599","2026-09-09T05:00:00.000Z","SKU0470","6","3200","19200","19200"
"10624","2026-09-09T05:00:00.000Z","SKU0471","7","1200","8400","8400"
"10672","2026-09-09T05:00:00.000Z","SKU0473","1","3400","3400","3400"
"10697","2026-09-09T05:00:00.000Z","SKU0474","2","1900","3800","3800"
"10721","2026-09-09T05:00:00.000Z","SKU0475","3","2400","7200","7200"
"10746","2026-09-09T05:00:00.000Z","SKU0476","4","4900","19600","19600"
"10771","2026-09-09T05:00:00.000Z","SKU0477","5","2900","14500","14500"
"10795","2026-09-09T05:00:00.000Z","SKU0478","6","3900","23400","23400"
"10820","2026-09-09T05:00:00.000Z","SKU0479","7","900","6300","6300"
"10868","2026-09-09T05:00:00.000Z","SKU0482","2","1400","2800","2800"
"10892","2026-09-09T05:00:00.000Z","SKU0483","3","3400","10200","10200"
"10917","2026-09-09T05:00:00.000Z","SKU0484","4","1900","7600","7600"
"10942","2026-09-09T05:00:00.000Z","SKU0485","5","2400","12000","12000"
"10966","2026-09-09T05:00:00.000Z","SKU0486","6","4900","29400","29400"
"10991","2026-09-09T05:00:00.000Z","SKU0487","7","2900","20300","20300"
"11039","2026-09-09T05:00:00.000Z","SKU0489","1","900","900","900"
"11064","2026-09-09T05:00:00.000Z","SKU0490","2","3200","6400","6400"
"11088","2026-09-09T05:00:00.000Z","SKU0491","3","1200","3600","3600"
"11113","2026-09-09T05:00:00.000Z","SKU0492","4","1400","5600","5600"
"11138","2026-09-09T05:00:00.000Z","SKU0493","5","3400","17000","17000"
"11162","2026-09-09T05:00:00.000Z","SKU0495","7","2400","16800","16800"
"11210","2026-09-09T05:00:00.000Z","SKU0497","1","2900","2900","2900"
"11235","2026-09-09T05:00:00.000Z","SKU0498","2","3900","7800","7800"
"11259","2026-09-09T05:00:00.000Z","SKU0499","3","900","2700","2700"
"2","2026-09-10T05:00:00.000Z","SKU0001","4","800","3200","3200"
"30","2026-09-10T05:00:00.000Z","SKU0002","8","1000","8000","8000"
"64","2026-09-10T05:00:00.000Z","SKU0004","7","1500","10500","10500"
"113","2026-09-10T05:00:00.000Z","SKU0006","1","4500","4500","4500"
"138","2026-09-10T05:00:00.000Z","SKU0007","2","2500","5000","5000"
"161","2026-09-10T05:00:00.000Z","SKU0008","3","3500","10500","10500"
"186","2026-09-10T05:00:00.000Z","SKU0009","4","500","2000","2000"
"211","2026-09-10T05:00:00.000Z","SKU0010","5","2800","14000","14000"
"235","2026-09-10T05:00:00.000Z","SKU0011","6","800","4800","4800"
"260","2026-09-10T05:00:00.000Z","SKU0012","7","1000","7000","7000"
"285","2026-09-10T05:00:00.000Z","SKU0014","1","1500","1500","1500"
"310","2026-09-10T05:00:00.000Z","SKU0015","2","2000","4000","4000"
"333","2026-09-10T05:00:00.000Z","SKU0016","3","4500","13500","13500"
"358","2026-09-10T05:00:00.000Z","SKU0017","4","2500","10000","10000"
"383","2026-09-10T05:00:00.000Z","SKU0018","5","3500","17500","17500"
"407","2026-09-10T05:00:00.000Z","SKU0019","6","500","3000","3000"
"432","2026-09-10T05:00:00.000Z","SKU0020","7","2800","19600","19600"
"481","2026-09-10T05:00:00.000Z","SKU0022","1","1000","1000","1000"
"506","2026-09-10T05:00:00.000Z","SKU0023","2","3000","6000","6000"
"529","2026-09-10T05:00:00.000Z","SKU0024","3","1500","4500","4500"
"554","2026-09-10T05:00:00.000Z","SKU0025","4","2000","8000","8000"
"579","2026-09-10T05:00:00.000Z","SKU0027","6","2500","15000","15000"
"604","2026-09-10T05:00:00.000Z","SKU0028","7","3500","24500","24500"
"653","2026-09-10T05:00:00.000Z","SKU0030","1","2800","2800","2800"
"678","2026-09-10T05:00:00.000Z","SKU0031","2","800","1600","1600"
"701","2026-09-10T05:00:00.000Z","SKU0032","3","1000","3000","3000"
"726","2026-09-10T05:00:00.000Z","SKU0033","4","3000","12000","12000"
"751","2026-09-10T05:00:00.000Z","SKU0034","5","1500","7500","7500"
"775","2026-09-10T05:00:00.000Z","SKU0035","6","2000","12000","12000"
"800","2026-09-10T05:00:00.000Z","SKU0036","7","4500","31500","31500"
"849","2026-09-10T05:00:00.000Z","SKU0038","1","3500","3500","3500"
"873","2026-09-10T05:00:00.000Z","SKU0040","3","2800","8400","8400"
"898","2026-09-10T05:00:00.000Z","SKU0041","4","800","3200","3200"
"923","2026-09-10T05:00:00.000Z","SKU0042","5","1000","5000","5000"
"947","2026-09-10T05:00:00.000Z","SKU0043","6","3000","18000","18000"
"972","2026-09-10T05:00:00.000Z","SKU0044","7","1500","10500","10500"
"1021","2026-09-10T05:00:00.000Z","SKU0046","1","4500","4500","4500"
"1046","2026-09-10T05:00:00.000Z","SKU0047","2","2500","5000","5000"
"1069","2026-09-10T05:00:00.000Z","SKU0048","3","3500","10500","10500"
"1094","2026-09-10T05:00:00.000Z","SKU0049","4","500","2000","2000"
"1119","2026-09-10T05:00:00.000Z","SKU0050","5","2800","14000","14000"
"1143","2026-09-10T05:00:00.000Z","SKU0051","6","800","4800","4800"
"1192","2026-09-10T05:00:00.000Z","SKU0054","1","1500","1500","1500"
"1217","2026-09-10T05:00:00.000Z","SKU0055","2","2000","4000","4000"
"1240","2026-09-10T05:00:00.000Z","SKU0056","3","4500","13500","13500"
"1265","2026-09-10T05:00:00.000Z","SKU0057","4","2500","10000","10000"
"1290","2026-09-10T05:00:00.000Z","SKU0058","5","3500","17500","17500"
"1314","2026-09-10T05:00:00.000Z","SKU0059","6","500","3000","3000"
"1339","2026-09-10T05:00:00.000Z","SKU0060","7","2800","19600","19600"
"1388","2026-09-10T05:00:00.000Z","SKU0062","1","1000","1000","1000"
"1413","2026-09-10T05:00:00.000Z","SKU0063","2","3000","6000","6000"
"1436","2026-09-10T05:00:00.000Z","SKU0064","3","1500","4500","4500"
"1461","2026-09-10T05:00:00.000Z","SKU0066","5","4500","22500","22500"
"1485","2026-09-10T05:00:00.000Z","SKU0067","6","2500","15000","15000"
"1510","2026-09-10T05:00:00.000Z","SKU0068","7","3500","24500","24500"
"1559","2026-09-10T05:00:00.000Z","SKU0070","1","2800","2800","2800"
"1584","2026-09-10T05:00:00.000Z","SKU0071","2","800","1600","1600"
"1607","2026-09-10T05:00:00.000Z","SKU0072","3","1000","3000","3000"
"1632","2026-09-10T05:00:00.000Z","SKU0073","4","3000","12000","12000"
"1657","2026-09-10T05:00:00.000Z","SKU0074","5","1500","7500","7500"
"1681","2026-09-10T05:00:00.000Z","SKU0075","6","2000","12000","12000"
"1706","2026-09-10T05:00:00.000Z","SKU0076","7","4500","31500","31500"
"1755","2026-09-10T05:00:00.000Z","SKU0079","2","500","1000","1000"
"1778","2026-09-10T05:00:00.000Z","SKU0080","3","2800","8400","8400"
"1803","2026-09-10T05:00:00.000Z","SKU0081","4","800","3200","3200"
"1828","2026-09-10T05:00:00.000Z","SKU0082","5","1000","5000","5000"
"1852","2026-09-10T05:00:00.000Z","SKU0083","6","3000","18000","18000"
"1877","2026-09-10T05:00:00.000Z","SKU0084","7","1500","10500","10500"
"1926","2026-09-10T05:00:00.000Z","SKU0086","1","4500","4500","4500"
"1951","2026-09-10T05:00:00.000Z","SKU0087","2","2500","5000","5000"
"1974","2026-09-10T05:00:00.000Z","SKU0088","3","3500","10500","10500"
"1999","2026-09-10T05:00:00.000Z","SKU0089","4","500","2000","2000"
"2024","2026-09-10T05:00:00.000Z","SKU0090","5","2800","14000","14000"
"2048","2026-09-10T05:00:00.000Z","SKU0092","7","1000","7000","7000"
"2097","2026-09-10T05:00:00.000Z","SKU0094","1","1500","1500","1500"
"2122","2026-09-10T05:00:00.000Z","SKU0095","2","2000","4000","4000"
"2145","2026-09-10T05:00:00.000Z","SKU0096","3","4500","13500","13500"
"2170","2026-09-10T05:00:00.000Z","SKU0097","4","2500","10000","10000"
"2195","2026-09-10T05:00:00.000Z","SKU0098","5","3500","17500","17500"
"2219","2026-09-10T05:00:00.000Z","SKU0099","6","500","3000","3000"
"2244","2026-09-10T05:00:00.000Z","SKU0100","7","2900","20300","20300"
"2293","2026-09-10T05:00:00.000Z","SKU0102","1","1100","1100","1100"
"2318","2026-09-10T05:00:00.000Z","SKU0103","2","3100","6200","6200"
"2342","2026-09-10T05:00:00.000Z","SKU0105","4","2100","8400","8400"
"2367","2026-09-10T05:00:00.000Z","SKU0106","5","4600","23000","23000"
"2391","2026-09-10T05:00:00.000Z","SKU0107","6","2600","15600","15600"
"2416","2026-09-10T05:00:00.000Z","SKU0108","7","3600","25200","25200"
"2465","2026-09-10T05:00:00.000Z","SKU0110","1","2900","2900","2900"
"2490","2026-09-10T05:00:00.000Z","SKU0111","2","900","1800","1800"
"2513","2026-09-10T05:00:00.000Z","SKU0112","3","1100","3300","3300"
"2538","2026-09-10T05:00:00.000Z","SKU0113","4","3100","12400","12400"
"2563","2026-09-10T05:00:00.000Z","SKU0114","5","1600","8000","8000"
"2587","2026-09-10T05:00:00.000Z","SKU0115","6","2100","12600","12600"
"2612","2026-09-10T05:00:00.000Z","SKU0116","7","4600","32200","32200"
"2637","2026-09-10T05:00:00.000Z","SKU0118","1","3600","3600","3600"
"2662","2026-09-10T05:00:00.000Z","SKU0119","2","600","1200","1200"
"2685","2026-09-10T05:00:00.000Z","SKU0120","3","2900","8700","8700"
"2710","2026-09-10T05:00:00.000Z","SKU0121","4","900","3600","3600"
"2735","2026-09-10T05:00:00.000Z","SKU0122","5","1100","5500","5500"
"2759","2026-09-10T05:00:00.000Z","SKU0123","6","3100","18600","18600"
"2784","2026-09-10T05:00:00.000Z","SKU0124","7","1600","11200","11200"
"2833","2026-09-10T05:00:00.000Z","SKU0126","1","4600","4600","4600"
"2858","2026-09-10T05:00:00.000Z","SKU0127","2","2600","5200","5200"
"2881","2026-09-10T05:00:00.000Z","SKU0128","3","3600","10800","10800"
"2906","2026-09-10T05:00:00.000Z","SKU0129","4","600","2400","2400"
"2931","2026-09-10T05:00:00.000Z","SKU0131","6","900","5400","5400"
"2956","2026-09-10T05:00:00.000Z","SKU0132","7","1100","7700","7700"
"3005","2026-09-10T05:00:00.000Z","SKU0134","1","1600","1600","1600"
"3030","2026-09-10T05:00:00.000Z","SKU0135","2","2100","4200","4200"
"3053","2026-09-10T05:00:00.000Z","SKU0136","3","4600","13800","13800"
"3078","2026-09-10T05:00:00.000Z","SKU0137","4","2600","10400","10400"
"3103","2026-09-10T05:00:00.000Z","SKU0138","5","3600","18000","18000"
"3127","2026-09-10T05:00:00.000Z","SKU0139","6","600","3600","3600"
"3152","2026-09-10T05:00:00.000Z","SKU0140","7","2900","20300","20300"
"3201","2026-09-10T05:00:00.000Z","SKU0142","1","1100","1100","1100"
"3225","2026-09-10T05:00:00.000Z","SKU0144","3","1600","4800","4800"
"3250","2026-09-10T05:00:00.000Z","SKU0145","4","2100","8400","8400"
"3275","2026-09-10T05:00:00.000Z","SKU0146","5","4600","23000","23000"
"3299","2026-09-10T05:00:00.000Z","SKU0147","6","2600","15600","15600"
"3324","2026-09-10T05:00:00.000Z","SKU0148","7","3600","25200","25200"
"3373","2026-09-10T05:00:00.000Z","SKU0150","1","2900","2900","2900"
"3398","2026-09-10T05:00:00.000Z","SKU0151","2","900","1800","1800"
"3421","2026-09-10T05:00:00.000Z","SKU0152","3","1100","3300","3300"
"3446","2026-09-10T05:00:00.000Z","SKU0153","4","3100","12400","12400"
"3471","2026-09-10T05:00:00.000Z","SKU0154","5","1600","8000","8000"
"3495","2026-09-10T05:00:00.000Z","SKU0155","6","2100","12600","12600"
"3544","2026-09-10T05:00:00.000Z","SKU0158","1","3600","3600","3600"
"3569","2026-09-10T05:00:00.000Z","SKU0159","2","600","1200","1200"
"3592","2026-09-10T05:00:00.000Z","SKU0160","3","2900","8700","8700"
"3617","2026-09-10T05:00:00.000Z","SKU0161","4","900","3600","3600"
"3642","2026-09-10T05:00:00.000Z","SKU0162","5","1100","5500","5500"
"3666","2026-09-10T05:00:00.000Z","SKU0163","6","3100","18600","18600"
"3691","2026-09-10T05:00:00.000Z","SKU0164","7","1600","11200","11200"
"3740","2026-09-10T05:00:00.000Z","SKU0166","1","4600","4600","4600"
"3765","2026-09-10T05:00:00.000Z","SKU0167","2","2600","5200","5200"
"3788","2026-09-10T05:00:00.000Z","SKU0168","3","3600","10800","10800"
"3813","2026-09-10T05:00:00.000Z","SKU0170","5","2900","14500","14500"
"3837","2026-09-10T05:00:00.000Z","SKU0171","6","900","5400","5400"
"3862","2026-09-10T05:00:00.000Z","SKU0172","7","1100","7700","7700"
"3911","2026-09-10T05:00:00.000Z","SKU0174","1","1600","1600","1600"
"3936","2026-09-10T05:00:00.000Z","SKU0175","2","2100","4200","4200"
"3959","2026-09-10T05:00:00.000Z","SKU0176","3","4600","13800","13800"
"3984","2026-09-10T05:00:00.000Z","SKU0177","4","2600","10400","10400"
"4009","2026-09-10T05:00:00.000Z","SKU0178","5","3600","18000","18000"
"4033","2026-09-10T05:00:00.000Z","SKU0179","6","600","3600","3600"
"4058","2026-09-10T05:00:00.000Z","SKU0180","7","2900","20300","20300"
"4107","2026-09-10T05:00:00.000Z","SKU0183","2","3100","6200","6200"
"4130","2026-09-10T05:00:00.000Z","SKU0184","3","1600","4800","4800"
"4155","2026-09-10T05:00:00.000Z","SKU0185","4","2100","8400","8400"
"4180","2026-09-10T05:00:00.000Z","SKU0186","5","4600","23000","23000"
"4204","2026-09-10T05:00:00.000Z","SKU0187","6","2600","15600","15600"
"4229","2026-09-10T05:00:00.000Z","SKU0188","7","3600","25200","25200"
"4278","2026-09-10T05:00:00.000Z","SKU0190","1","2900","2900","2900"
"4303","2026-09-10T05:00:00.000Z","SKU0191","2","900","1800","1800"
"4326","2026-09-10T05:00:00.000Z","SKU0192","3","1100","3300","3300"
"4351","2026-09-10T05:00:00.000Z","SKU0193","4","3100","12400","12400"
"4376","2026-09-10T05:00:00.000Z","SKU0194","5","1600","8000","8000"
"4400","2026-09-10T05:00:00.000Z","SKU0196","7","4600","32200","32200"
"4449","2026-09-10T05:00:00.000Z","SKU0198","1","3600","3600","3600"
"4474","2026-09-10T05:00:00.000Z","SKU0199","2","600","1200","1200"
"4497","2026-09-10T05:00:00.000Z","SKU0200","3","3000","9000","9000"
"4522","2026-09-10T05:00:00.000Z","SKU0201","4","1000","4000","4000"
"4547","2026-09-10T05:00:00.000Z","SKU0202","5","1200","6000","6000"
"4571","2026-09-10T05:00:00.000Z","SKU0203","6","3200","19200","19200"
"4596","2026-09-10T05:00:00.000Z","SKU0204","7","1700","11900","11900"
"4645","2026-09-10T05:00:00.000Z","SKU0206","1","4700","4700","4700"
"4670","2026-09-10T05:00:00.000Z","SKU0207","2","2700","5400","5400"
"4694","2026-09-10T05:00:00.000Z","SKU0209","4","700","2800","2800"
"4719","2026-09-10T05:00:00.000Z","SKU0210","5","3000","15000","15000"
"4743","2026-09-10T05:00:00.000Z","SKU0211","6","1000","6000","6000"
"4768","2026-09-10T05:00:00.000Z","SKU0212","7","1200","8400","8400"
"4817","2026-09-10T05:00:00.000Z","SKU0214","1","1700","1700","1700"
"4842","2026-09-10T05:00:00.000Z","SKU0215","2","2200","4400","4400"
"4865","2026-09-10T05:00:00.000Z","SKU0216","3","4700","14100","14100"
"4890","2026-09-10T05:00:00.000Z","SKU0217","4","2700","10800","10800"
"4915","2026-09-10T05:00:00.000Z","SKU0218","5","3700","18500","18500"
"4939","2026-09-10T05:00:00.000Z","SKU0219","6","700","4200","4200"
"4964","2026-09-10T05:00:00.000Z","SKU0220","7","3000","21000","21000"
"4989","2026-09-10T05:00:00.000Z","SKU0222","1","1200","1200","1200"
"5014","2026-09-10T05:00:00.000Z","SKU0223","2","3200","6400","6400"
"5037","2026-09-10T05:00:00.000Z","SKU0224","3","1700","5100","5100"
"5062","2026-09-10T05:00:00.000Z","SKU0225","4","2200","8800","8800"
"5087","2026-09-10T05:00:00.000Z","SKU0226","5","4700","23500","23500"
"5111","2026-09-10T05:00:00.000Z","SKU0227","6","2700","16200","16200"
"5136","2026-09-10T05:00:00.000Z","SKU0228","7","3700","25900","25900"
"5185","2026-09-10T05:00:00.000Z","SKU0230","1","3000","3000","3000"
"5210","2026-09-10T05:00:00.000Z","SKU0231","2","1000","2000","2000"
"5233","2026-09-10T05:00:00.000Z","SKU0232","3","1200","3600","3600"
"5258","2026-09-10T05:00:00.000Z","SKU0233","4","3200","12800","12800"
"5283","2026-09-10T05:00:00.000Z","SKU0235","6","2200","13200","13200"
"5308","2026-09-10T05:00:00.000Z","SKU0236","7","4700","32900","32900"
"5357","2026-09-10T05:00:00.000Z","SKU0238","1","3700","3700","3700"
"5382","2026-09-10T05:00:00.000Z","SKU0239","2","700","1400","1400"
"5405","2026-09-10T05:00:00.000Z","SKU0240","3","3000","9000","9000"
"5430","2026-09-10T05:00:00.000Z","SKU0241","4","1000","4000","4000"
"5455","2026-09-10T05:00:00.000Z","SKU0242","5","1200","6000","6000"
"5479","2026-09-10T05:00:00.000Z","SKU0243","6","3200","19200","19200"
"5504","2026-09-10T05:00:00.000Z","SKU0244","7","1700","11900","11900"
"5553","2026-09-10T05:00:00.000Z","SKU0246","1","4700","4700","4700"
"5577","2026-09-10T05:00:00.000Z","SKU0248","3","3700","11100","11100"
"5602","2026-09-10T05:00:00.000Z","SKU0249","4","700","2800","2800"
"5627","2026-09-10T05:00:00.000Z","SKU0250","5","3000","15000","15000"
"5651","2026-09-10T05:00:00.000Z","SKU0251","6","1000","6000","6000"
"5676","2026-09-10T05:00:00.000Z","SKU0252","7","1200","8400","8400"
"5725","2026-09-10T05:00:00.000Z","SKU0254","1","1700","1700","1700"
"5750","2026-09-10T05:00:00.000Z","SKU0255","2","2200","4400","4400"
"5773","2026-09-10T05:00:00.000Z","SKU0256","3","4700","14100","14100"
"5798","2026-09-10T05:00:00.000Z","SKU0257","4","2700","10800","10800"
"5823","2026-09-10T05:00:00.000Z","SKU0258","5","3700","18500","18500"
"5847","2026-09-10T05:00:00.000Z","SKU0259","6","700","4200","4200"
"5896","2026-09-10T05:00:00.000Z","SKU0262","1","1200","1200","1200"
"5921","2026-09-10T05:00:00.000Z","SKU0263","2","3200","6400","6400"
"5944","2026-09-10T05:00:00.000Z","SKU0264","3","1700","5100","5100"
"5969","2026-09-10T05:00:00.000Z","SKU0265","4","2200","8800","8800"
"5994","2026-09-10T05:00:00.000Z","SKU0266","5","4700","23500","23500"
"6018","2026-09-10T05:00:00.000Z","SKU0267","6","2700","16200","16200"
"6043","2026-09-10T05:00:00.000Z","SKU0268","7","3700","25900","25900"
"6092","2026-09-10T05:00:00.000Z","SKU0270","1","3000","3000","3000"
"6117","2026-09-10T05:00:00.000Z","SKU0271","2","1000","2000","2000"
"6140","2026-09-10T05:00:00.000Z","SKU0272","3","1200","3600","3600"
"6165","2026-09-10T05:00:00.000Z","SKU0274","5","1700","8500","8500"
"6189","2026-09-10T05:00:00.000Z","SKU0275","6","2200","13200","13200"
"6214","2026-09-10T05:00:00.000Z","SKU0276","7","4700","32900","32900"
"6263","2026-09-10T05:00:00.000Z","SKU0278","1","3700","3700","3700"
"6288","2026-09-10T05:00:00.000Z","SKU0279","2","700","1400","1400"
"6311","2026-09-10T05:00:00.000Z","SKU0280","3","3000","9000","9000"
"6336","2026-09-10T05:00:00.000Z","SKU0281","4","1000","4000","4000"
"6361","2026-09-10T05:00:00.000Z","SKU0282","5","1200","6000","6000"
"6385","2026-09-10T05:00:00.000Z","SKU0283","6","3200","19200","19200"
"6410","2026-09-10T05:00:00.000Z","SKU0284","7","1700","11900","11900"
"6459","2026-09-10T05:00:00.000Z","SKU0287","2","2700","5400","5400"
"6482","2026-09-10T05:00:00.000Z","SKU0288","3","3700","11100","11100"
"6507","2026-09-10T05:00:00.000Z","SKU0289","4","700","2800","2800"
"6532","2026-09-10T05:00:00.000Z","SKU0290","5","3000","15000","15000"
"6556","2026-09-10T05:00:00.000Z","SKU0291","6","1000","6000","6000"
"6581","2026-09-10T05:00:00.000Z","SKU0292","7","1200","8400","8400"
"6630","2026-09-10T05:00:00.000Z","SKU0294","1","1700","1700","1700"
"6655","2026-09-10T05:00:00.000Z","SKU0295","2","2200","4400","4400"
"6678","2026-09-10T05:00:00.000Z","SKU0296","3","4700","14100","14100"
"6703","2026-09-10T05:00:00.000Z","SKU0297","4","2700","10800","10800"
"6728","2026-09-10T05:00:00.000Z","SKU0298","5","3700","18500","18500"
"6752","2026-09-10T05:00:00.000Z","SKU0300","7","3100","21700","21700"
"6801","2026-09-10T05:00:00.000Z","SKU0302","1","1300","1300","1300"
"6826","2026-09-10T05:00:00.000Z","SKU0303","2","3300","6600","6600"
"6849","2026-09-10T05:00:00.000Z","SKU0304","3","1800","5400","5400"
"6874","2026-09-10T05:00:00.000Z","SKU0305","4","2300","9200","9200"
"6899","2026-09-10T05:00:00.000Z","SKU0306","5","4800","24000","24000"
"6923","2026-09-10T05:00:00.000Z","SKU0307","6","2800","16800","16800"
"6948","2026-09-10T05:00:00.000Z","SKU0308","7","3800","26600","26600"
"6997","2026-09-10T05:00:00.000Z","SKU0310","1","3100","3100","3100"
"7022","2026-09-10T05:00:00.000Z","SKU0311","2","1100","2200","2200"
"7046","2026-09-10T05:00:00.000Z","SKU0313","4","3300","13200","13200"
"7071","2026-09-10T05:00:00.000Z","SKU0314","5","1800","9000","9000"
"7095","2026-09-10T05:00:00.000Z","SKU0315","6","2300","13800","13800"
"7120","2026-09-10T05:00:00.000Z","SKU0316","7","4800","33600","33600"
"7169","2026-09-10T05:00:00.000Z","SKU0318","1","3800","3800","3800"
"7194","2026-09-10T05:00:00.000Z","SKU0319","2","800","1600","1600"
"7217","2026-09-10T05:00:00.000Z","SKU0320","3","3100","9300","9300"
"7242","2026-09-10T05:00:00.000Z","SKU0321","4","1100","4400","4400"
"7267","2026-09-10T05:00:00.000Z","SKU0322","5","1300","6500","6500"
"7291","2026-09-10T05:00:00.000Z","SKU0323","6","3300","19800","19800"
"7316","2026-09-10T05:00:00.000Z","SKU0324","7","1800","12600","12600"
"7341","2026-09-10T05:00:00.000Z","SKU0326","1","4800","4800","4800"
"7366","2026-09-10T05:00:00.000Z","SKU0327","2","2800","5600","5600"
"7389","2026-09-10T05:00:00.000Z","SKU0328","3","3800","11400","11400"
"7414","2026-09-10T05:00:00.000Z","SKU0329","4","800","3200","3200"
"7439","2026-09-10T05:00:00.000Z","SKU0330","5","3100","15500","15500"
"7463","2026-09-10T05:00:00.000Z","SKU0331","6","1100","6600","6600"
"7488","2026-09-10T05:00:00.000Z","SKU0332","7","1300","9100","9100"
"7537","2026-09-10T05:00:00.000Z","SKU0334","1","1800","1800","1800"
"7562","2026-09-10T05:00:00.000Z","SKU0335","2","2300","4600","4600"
"7585","2026-09-10T05:00:00.000Z","SKU0336","3","4800","14400","14400"
"7610","2026-09-10T05:00:00.000Z","SKU0337","4","2800","11200","11200"
"7635","2026-09-10T05:00:00.000Z","SKU0339","6","800","4800","4800"
"7660","2026-09-10T05:00:00.000Z","SKU0340","7","3100","21700","21700"
"7709","2026-09-10T05:00:00.000Z","SKU0342","1","1300","1300","1300"
"7734","2026-09-10T05:00:00.000Z","SKU0343","2","3300","6600","6600"
"7757","2026-09-10T05:00:00.000Z","SKU0344","3","1800","5400","5400"
"7782","2026-09-10T05:00:00.000Z","SKU0345","4","2300","9200","9200"
"7807","2026-09-10T05:00:00.000Z","SKU0346","5","4800","24000","24000"
"7831","2026-09-10T05:00:00.000Z","SKU0347","6","2800","16800","16800"
"7856","2026-09-10T05:00:00.000Z","SKU0348","7","3800","26600","26600"
"7905","2026-09-10T05:00:00.000Z","SKU0350","1","3100","3100","3100"
"7929","2026-09-10T05:00:00.000Z","SKU0352","3","1300","3900","3900"
"7954","2026-09-10T05:00:00.000Z","SKU0353","4","3300","13200","13200"
"7979","2026-09-10T05:00:00.000Z","SKU0354","5","1800","9000","9000"
"8003","2026-09-10T05:00:00.000Z","SKU0355","6","2300","13800","13800"
"8028","2026-09-10T05:00:00.000Z","SKU0356","7","4800","33600","33600"
"8077","2026-09-10T05:00:00.000Z","SKU0358","1","3800","3800","3800"
"8102","2026-09-10T05:00:00.000Z","SKU0359","2","800","1600","1600"
"8125","2026-09-10T05:00:00.000Z","SKU0360","3","3100","9300","9300"
"8150","2026-09-10T05:00:00.000Z","SKU0361","4","1100","4400","4400"
"8175","2026-09-10T05:00:00.000Z","SKU0362","5","1300","6500","6500"
"8199","2026-09-10T05:00:00.000Z","SKU0363","6","3300","19800","19800"
"8248","2026-09-10T05:00:00.000Z","SKU0366","1","4800","4800","4800"
"8273","2026-09-10T05:00:00.000Z","SKU0367","2","2800","5600","5600"
"8296","2026-09-10T05:00:00.000Z","SKU0368","3","3800","11400","11400"
"8321","2026-09-10T05:00:00.000Z","SKU0369","4","800","3200","3200"
"8346","2026-09-10T05:00:00.000Z","SKU0370","5","3100","15500","15500"
"8370","2026-09-10T05:00:00.000Z","SKU0371","6","1100","6600","6600"
"8395","2026-09-10T05:00:00.000Z","SKU0372","7","1300","9100","9100"
"8444","2026-09-10T05:00:00.000Z","SKU0374","1","1800","1800","1800"
"8469","2026-09-10T05:00:00.000Z","SKU0375","2","2300","4600","4600"
"8492","2026-09-10T05:00:00.000Z","SKU0376","3","4800","14400","14400"
"8517","2026-09-10T05:00:00.000Z","SKU0378","5","3800","19000","19000"
"8541","2026-09-10T05:00:00.000Z","SKU0379","6","800","4800","4800"
"8566","2026-09-10T05:00:00.000Z","SKU0380","7","3100","21700","21700"
"8615","2026-09-10T05:00:00.000Z","SKU0382","1","1300","1300","1300"
"8640","2026-09-10T05:00:00.000Z","SKU0383","2","3300","6600","6600"
"8663","2026-09-10T05:00:00.000Z","SKU0384","3","1800","5400","5400"
"8688","2026-09-10T05:00:00.000Z","SKU0385","4","2300","9200","9200"
"8713","2026-09-10T05:00:00.000Z","SKU0386","5","4800","24000","24000"
"8737","2026-09-10T05:00:00.000Z","SKU0387","6","2800","16800","16800"
"8762","2026-09-10T05:00:00.000Z","SKU0388","7","3800","26600","26600"
"8811","2026-09-10T05:00:00.000Z","SKU0391","2","1100","2200","2200"
"8834","2026-09-10T05:00:00.000Z","SKU0392","3","1300","3900","3900"
"8859","2026-09-10T05:00:00.000Z","SKU0393","4","3300","13200","13200"
"8884","2026-09-10T05:00:00.000Z","SKU0394","5","1800","9000","9000"
"8908","2026-09-10T05:00:00.000Z","SKU0395","6","2300","13800","13800"
"8933","2026-09-10T05:00:00.000Z","SKU0396","7","4800","33600","33600"
"8982","2026-09-10T05:00:00.000Z","SKU0398","1","3800","3800","3800"
"9007","2026-09-10T05:00:00.000Z","SKU0399","2","800","1600","1600"
"9030","2026-09-10T05:00:00.000Z","SKU0400","3","3200","9600","9600"
"9055","2026-09-10T05:00:00.000Z","SKU0401","4","1200","4800","4800"
"9080","2026-09-10T05:00:00.000Z","SKU0402","5","1400","7000","7000"
"9104","2026-09-10T05:00:00.000Z","SKU0404","7","1900","13300","13300"
"9153","2026-09-10T05:00:00.000Z","SKU0406","1","4900","4900","4900"
"9178","2026-09-10T05:00:00.000Z","SKU0407","2","2900","5800","5800"
"9201","2026-09-10T05:00:00.000Z","SKU0408","3","3900","11700","11700"
"9226","2026-09-10T05:00:00.000Z","SKU0409","4","900","3600","3600"
"9251","2026-09-10T05:00:00.000Z","SKU0410","5","3200","16000","16000"
"9275","2026-09-10T05:00:00.000Z","SKU0411","6","1200","7200","7200"
"9300","2026-09-10T05:00:00.000Z","SKU0412","7","1400","9800","9800"
"9349","2026-09-10T05:00:00.000Z","SKU0414","1","1900","1900","1900"
"9374","2026-09-10T05:00:00.000Z","SKU0415","2","2400","4800","4800"
"9398","2026-09-10T05:00:00.000Z","SKU0417","4","2900","11600","11600"
"9423","2026-09-10T05:00:00.000Z","SKU0418","5","3900","19500","19500"
"9447","2026-09-10T05:00:00.000Z","SKU0419","6","900","5400","5400"
"9472","2026-09-10T05:00:00.000Z","SKU0420","7","3200","22400","22400"
"9521","2026-09-10T05:00:00.000Z","SKU0422","1","1400","1400","1400"
"9546","2026-09-10T05:00:00.000Z","SKU0423","2","3400","6800","6800"
"9569","2026-09-10T05:00:00.000Z","SKU0424","3","1900","5700","5700"
"9594","2026-09-10T05:00:00.000Z","SKU0425","4","2400","9600","9600"
"9619","2026-09-10T05:00:00.000Z","SKU0426","5","4900","24500","24500"
"9643","2026-09-10T05:00:00.000Z","SKU0427","6","2900","17400","17400"
"9668","2026-09-10T05:00:00.000Z","SKU0428","7","3900","27300","27300"
"9693","2026-09-10T05:00:00.000Z","SKU0430","1","3200","3200","3200"
"9718","2026-09-10T05:00:00.000Z","SKU0431","2","1200","2400","2400"
"9741","2026-09-10T05:00:00.000Z","SKU0432","3","1400","4200","4200"
"9766","2026-09-10T05:00:00.000Z","SKU0433","4","3400","13600","13600"
"9791","2026-09-10T05:00:00.000Z","SKU0434","5","1900","9500","9500"
"9815","2026-09-10T05:00:00.000Z","SKU0435","6","2400","14400","14400"
"9840","2026-09-10T05:00:00.000Z","SKU0436","7","4900","34300","34300"
"9889","2026-09-10T05:00:00.000Z","SKU0438","1","3900","3900","3900"
"9914","2026-09-10T05:00:00.000Z","SKU0439","2","900","1800","1800"
"9937","2026-09-10T05:00:00.000Z","SKU0440","3","3200","9600","9600"
"9962","2026-09-10T05:00:00.000Z","SKU0441","4","1200","4800","4800"
"9987","2026-09-10T05:00:00.000Z","SKU0443","6","3400","20400","20400"
"10012","2026-09-10T05:00:00.000Z","SKU0444","7","1900","13300","13300"
"10061","2026-09-10T05:00:00.000Z","SKU0446","1","4900","4900","4900"
"10086","2026-09-10T05:00:00.000Z","SKU0447","2","2900","5800","5800"
"10109","2026-09-10T05:00:00.000Z","SKU0448","3","3900","11700","11700"
"10134","2026-09-10T05:00:00.000Z","SKU0449","4","900","3600","3600"
"10159","2026-09-10T05:00:00.000Z","SKU0450","5","3200","16000","16000"
"10183","2026-09-10T05:00:00.000Z","SKU0451","6","1200","7200","7200"
"10208","2026-09-10T05:00:00.000Z","SKU0452","7","1400","9800","9800"
"10257","2026-09-10T05:00:00.000Z","SKU0454","1","1900","1900","1900"
"10281","2026-09-10T05:00:00.000Z","SKU0456","3","4900","14700","14700"
"10306","2026-09-10T05:00:00.000Z","SKU0457","4","2900","11600","11600"
"10331","2026-09-10T05:00:00.000Z","SKU0458","5","3900","19500","19500"
"10355","2026-09-10T05:00:00.000Z","SKU0459","6","900","5400","5400"
"10380","2026-09-10T05:00:00.000Z","SKU0460","7","3200","22400","22400"
"10429","2026-09-10T05:00:00.000Z","SKU0462","1","1400","1400","1400"
"10454","2026-09-10T05:00:00.000Z","SKU0463","2","3400","6800","6800"
"10477","2026-09-10T05:00:00.000Z","SKU0464","3","1900","5700","5700"
"10502","2026-09-10T05:00:00.000Z","SKU0465","4","2400","9600","9600"
"10527","2026-09-10T05:00:00.000Z","SKU0466","5","4900","24500","24500"
"10551","2026-09-10T05:00:00.000Z","SKU0467","6","2900","17400","17400"
"10600","2026-09-10T05:00:00.000Z","SKU0470","1","3200","3200","3200"
"10625","2026-09-10T05:00:00.000Z","SKU0471","2","1200","2400","2400"
"10648","2026-09-10T05:00:00.000Z","SKU0472","3","1400","4200","4200"
"10673","2026-09-10T05:00:00.000Z","SKU0473","4","3400","13600","13600"
"10698","2026-09-10T05:00:00.000Z","SKU0474","5","1900","9500","9500"
"10722","2026-09-10T05:00:00.000Z","SKU0475","6","2400","14400","14400"
"10747","2026-09-10T05:00:00.000Z","SKU0476","7","4900","34300","34300"
"10796","2026-09-10T05:00:00.000Z","SKU0478","1","3900","3900","3900"
"10821","2026-09-10T05:00:00.000Z","SKU0479","2","900","1800","1800"
"10844","2026-09-10T05:00:00.000Z","SKU0480","3","3200","9600","9600"
"10869","2026-09-10T05:00:00.000Z","SKU0482","5","1400","7000","7000"
"10893","2026-09-10T05:00:00.000Z","SKU0483","6","3400","20400","20400"
"10918","2026-09-10T05:00:00.000Z","SKU0484","7","1900","13300","13300"
"10967","2026-09-10T05:00:00.000Z","SKU0486","1","4900","4900","4900"
"10992","2026-09-10T05:00:00.000Z","SKU0487","2","2900","5800","5800"
"11015","2026-09-10T05:00:00.000Z","SKU0488","3","3900","11700","11700"
"11040","2026-09-10T05:00:00.000Z","SKU0489","4","900","3600","3600"
"11065","2026-09-10T05:00:00.000Z","SKU0490","5","3200","16000","16000"
"11089","2026-09-10T05:00:00.000Z","SKU0491","6","1200","7200","7200"
"11114","2026-09-10T05:00:00.000Z","SKU0492","7","1400","9800","9800"
"11163","2026-09-10T05:00:00.000Z","SKU0495","2","2400","4800","4800"
"11186","2026-09-10T05:00:00.000Z","SKU0496","3","4900","14700","14700"
"11211","2026-09-10T05:00:00.000Z","SKU0497","4","2900","11600","11600"
"11236","2026-09-10T05:00:00.000Z","SKU0498","5","3900","19500","19500"
"11260","2026-09-10T05:00:00.000Z","SKU0499","6","900","5400","5400"
"3","2026-09-11T05:00:00.000Z","SKU0001","4","800","3200","3200"
"31","2026-09-11T05:00:00.000Z","SKU0002","8","1000","8000","8000"
"65","2026-09-11T05:00:00.000Z","SKU0004","2","1500","3000","3000"
"89","2026-09-11T05:00:00.000Z","SKU0005","3","2000","6000","6000"
"114","2026-09-11T05:00:00.000Z","SKU0006","4","4500","18000","18000"
"139","2026-09-11T05:00:00.000Z","SKU0007","5","2500","12500","12500"
"162","2026-09-11T05:00:00.000Z","SKU0008","6","3500","21000","21000"
"187","2026-09-11T05:00:00.000Z","SKU0009","7","500","3500","3500"
"236","2026-09-11T05:00:00.000Z","SKU0011","1","800","800","800"
"261","2026-09-11T05:00:00.000Z","SKU0012","2","1000","2000","2000"
"286","2026-09-11T05:00:00.000Z","SKU0014","4","1500","6000","6000"
"311","2026-09-11T05:00:00.000Z","SKU0015","5","2000","10000","10000"
"334","2026-09-11T05:00:00.000Z","SKU0016","6","4500","27000","27000"
"359","2026-09-11T05:00:00.000Z","SKU0017","7","2500","17500","17500"
"408","2026-09-11T05:00:00.000Z","SKU0019","1","500","500","500"
"433","2026-09-11T05:00:00.000Z","SKU0020","2","2800","5600","5600"
"457","2026-09-11T05:00:00.000Z","SKU0021","3","800","2400","2400"
"482","2026-09-11T05:00:00.000Z","SKU0022","4","1000","4000","4000"
"507","2026-09-11T05:00:00.000Z","SKU0023","5","3000","15000","15000"
"530","2026-09-11T05:00:00.000Z","SKU0024","6","1500","9000","9000"
"555","2026-09-11T05:00:00.000Z","SKU0025","7","2000","14000","14000"
"580","2026-09-11T05:00:00.000Z","SKU0027","1","2500","2500","2500"
"605","2026-09-11T05:00:00.000Z","SKU0028","2","3500","7000","7000"
"629","2026-09-11T05:00:00.000Z","SKU0029","3","500","1500","1500"
"654","2026-09-11T05:00:00.000Z","SKU0030","4","2800","11200","11200"
"679","2026-09-11T05:00:00.000Z","SKU0031","5","800","4000","4000"
"702","2026-09-11T05:00:00.000Z","SKU0032","6","1000","6000","6000"
"727","2026-09-11T05:00:00.000Z","SKU0033","7","3000","21000","21000"
"776","2026-09-11T05:00:00.000Z","SKU0035","1","2000","2000","2000"
"801","2026-09-11T05:00:00.000Z","SKU0036","2","4500","9000","9000"
"825","2026-09-11T05:00:00.000Z","SKU0037","3","2500","7500","7500"
"850","2026-09-11T05:00:00.000Z","SKU0038","4","3500","14000","14000"
"874","2026-09-11T05:00:00.000Z","SKU0040","6","2800","16800","16800"
"899","2026-09-11T05:00:00.000Z","SKU0041","7","800","5600","5600"
"948","2026-09-11T05:00:00.000Z","SKU0043","1","3000","3000","3000"
"973","2026-09-11T05:00:00.000Z","SKU0044","2","1500","3000","3000"
"997","2026-09-11T05:00:00.000Z","SKU0045","3","2000","6000","6000"
"1022","2026-09-11T05:00:00.000Z","SKU0046","4","4500","18000","18000"
"1047","2026-09-11T05:00:00.000Z","SKU0047","5","2500","12500","12500"
"1070","2026-09-11T05:00:00.000Z","SKU0048","6","3500","21000","21000"
"1095","2026-09-11T05:00:00.000Z","SKU0049","7","500","3500","3500"
"1144","2026-09-11T05:00:00.000Z","SKU0051","1","800","800","800"
"1168","2026-09-11T05:00:00.000Z","SKU0053","3","3000","9000","9000"
"1193","2026-09-11T05:00:00.000Z","SKU0054","4","1500","6000","6000"
"1218","2026-09-11T05:00:00.000Z","SKU0055","5","2000","10000","10000"
"1241","2026-09-11T05:00:00.000Z","SKU0056","6","4500","27000","27000"
"1266","2026-09-11T05:00:00.000Z","SKU0057","7","2500","17500","17500"
"1315","2026-09-11T05:00:00.000Z","SKU0059","1","500","500","500"
"1340","2026-09-11T05:00:00.000Z","SKU0060","2","2800","5600","5600"
"1364","2026-09-11T05:00:00.000Z","SKU0061","3","800","2400","2400"
"1389","2026-09-11T05:00:00.000Z","SKU0062","4","1000","4000","4000"
"1414","2026-09-11T05:00:00.000Z","SKU0063","5","3000","15000","15000"
"1437","2026-09-11T05:00:00.000Z","SKU0064","6","1500","9000","9000"
"1486","2026-09-11T05:00:00.000Z","SKU0067","1","2500","2500","2500"
"1511","2026-09-11T05:00:00.000Z","SKU0068","2","3500","7000","7000"
"1535","2026-09-11T05:00:00.000Z","SKU0069","3","500","1500","1500"
"1560","2026-09-11T05:00:00.000Z","SKU0070","4","2800","11200","11200"
"1585","2026-09-11T05:00:00.000Z","SKU0071","5","800","4000","4000"
"1608","2026-09-11T05:00:00.000Z","SKU0072","6","1000","6000","6000"
"1633","2026-09-11T05:00:00.000Z","SKU0073","7","3000","21000","21000"
"1682","2026-09-11T05:00:00.000Z","SKU0075","1","2000","2000","2000"
"1707","2026-09-11T05:00:00.000Z","SKU0076","2","4500","9000","9000"
"1731","2026-09-11T05:00:00.000Z","SKU0077","3","2500","7500","7500"
"1756","2026-09-11T05:00:00.000Z","SKU0079","5","500","2500","2500"
"1779","2026-09-11T05:00:00.000Z","SKU0080","6","2800","16800","16800"
"1804","2026-09-11T05:00:00.000Z","SKU0081","7","800","5600","5600"
"1853","2026-09-11T05:00:00.000Z","SKU0083","1","3000","3000","3000"
"1878","2026-09-11T05:00:00.000Z","SKU0084","2","1500","3000","3000"
"1902","2026-09-11T05:00:00.000Z","SKU0085","3","2000","6000","6000"
"1927","2026-09-11T05:00:00.000Z","SKU0086","4","4500","18000","18000"
"1952","2026-09-11T05:00:00.000Z","SKU0087","5","2500","12500","12500"
"1975","2026-09-11T05:00:00.000Z","SKU0088","6","3500","21000","21000"
"2000","2026-09-11T05:00:00.000Z","SKU0089","7","500","3500","3500"
"2049","2026-09-11T05:00:00.000Z","SKU0092","2","1000","2000","2000"
"2073","2026-09-11T05:00:00.000Z","SKU0093","3","3000","9000","9000"
"2098","2026-09-11T05:00:00.000Z","SKU0094","4","1500","6000","6000"
"2123","2026-09-11T05:00:00.000Z","SKU0095","5","2000","10000","10000"
"2146","2026-09-11T05:00:00.000Z","SKU0096","6","4500","27000","27000"
"2171","2026-09-11T05:00:00.000Z","SKU0097","7","2500","17500","17500"
"2220","2026-09-11T05:00:00.000Z","SKU0099","1","500","500","500"
"2245","2026-09-11T05:00:00.000Z","SKU0100","2","2900","5800","5800"
"2269","2026-09-11T05:00:00.000Z","SKU0101","3","900","2700","2700"
"2294","2026-09-11T05:00:00.000Z","SKU0102","4","1100","4400","4400"
"2319","2026-09-11T05:00:00.000Z","SKU0103","5","3100","15500","15500"
"2343","2026-09-11T05:00:00.000Z","SKU0105","7","2100","14700","14700"
"2392","2026-09-11T05:00:00.000Z","SKU0107","1","2600","2600","2600"
"2417","2026-09-11T05:00:00.000Z","SKU0108","2","3600","7200","7200"
"2441","2026-09-11T05:00:00.000Z","SKU0109","3","600","1800","1800"
"2466","2026-09-11T05:00:00.000Z","SKU0110","4","2900","11600","11600"
"2491","2026-09-11T05:00:00.000Z","SKU0111","5","900","4500","4500"
"2514","2026-09-11T05:00:00.000Z","SKU0112","6","1100","6600","6600"
"2539","2026-09-11T05:00:00.000Z","SKU0113","7","3100","21700","21700"
"2588","2026-09-11T05:00:00.000Z","SKU0115","1","2100","2100","2100"
"2613","2026-09-11T05:00:00.000Z","SKU0116","2","4600","9200","9200"
"2638","2026-09-11T05:00:00.000Z","SKU0118","4","3600","14400","14400"
"2663","2026-09-11T05:00:00.000Z","SKU0119","5","600","3000","3000"
"2686","2026-09-11T05:00:00.000Z","SKU0120","6","2900","17400","17400"
"2711","2026-09-11T05:00:00.000Z","SKU0121","7","900","6300","6300"
"2760","2026-09-11T05:00:00.000Z","SKU0123","1","3100","3100","3100"
"2785","2026-09-11T05:00:00.000Z","SKU0124","2","1600","3200","3200"
"2809","2026-09-11T05:00:00.000Z","SKU0125","3","2100","6300","6300"
"2834","2026-09-11T05:00:00.000Z","SKU0126","4","4600","18400","18400"
"2859","2026-09-11T05:00:00.000Z","SKU0127","5","2600","13000","13000"
"2882","2026-09-11T05:00:00.000Z","SKU0128","6","3600","21600","21600"
"2907","2026-09-11T05:00:00.000Z","SKU0129","7","600","4200","4200"
"2932","2026-09-11T05:00:00.000Z","SKU0131","1","900","900","900"
"2957","2026-09-11T05:00:00.000Z","SKU0132","2","1100","2200","2200"
"2981","2026-09-11T05:00:00.000Z","SKU0133","3","3100","9300","9300"
"3006","2026-09-11T05:00:00.000Z","SKU0134","4","1600","6400","6400"
"3031","2026-09-11T05:00:00.000Z","SKU0135","5","2100","10500","10500"
"3054","2026-09-11T05:00:00.000Z","SKU0136","6","4600","27600","27600"
"3079","2026-09-11T05:00:00.000Z","SKU0137","7","2600","18200","18200"
"3128","2026-09-11T05:00:00.000Z","SKU0139","1","600","600","600"
"3153","2026-09-11T05:00:00.000Z","SKU0140","2","2900","5800","5800"
"3177","2026-09-11T05:00:00.000Z","SKU0141","3","900","2700","2700"
"3202","2026-09-11T05:00:00.000Z","SKU0142","4","1100","4400","4400"
"3226","2026-09-11T05:00:00.000Z","SKU0144","6","1600","9600","9600"
"3251","2026-09-11T05:00:00.000Z","SKU0145","7","2100","14700","14700"
"3300","2026-09-11T05:00:00.000Z","SKU0147","1","2600","2600","2600"
"3325","2026-09-11T05:00:00.000Z","SKU0148","2","3600","7200","7200"
"3349","2026-09-11T05:00:00.000Z","SKU0149","3","600","1800","1800"
"3374","2026-09-11T05:00:00.000Z","SKU0150","4","2900","11600","11600"
"3399","2026-09-11T05:00:00.000Z","SKU0151","5","900","4500","4500"
"3422","2026-09-11T05:00:00.000Z","SKU0152","6","1100","6600","6600"
"3447","2026-09-11T05:00:00.000Z","SKU0153","7","3100","21700","21700"
"3496","2026-09-11T05:00:00.000Z","SKU0155","1","2100","2100","2100"
"3520","2026-09-11T05:00:00.000Z","SKU0157","3","2600","7800","7800"
"3545","2026-09-11T05:00:00.000Z","SKU0158","4","3600","14400","14400"
"3570","2026-09-11T05:00:00.000Z","SKU0159","5","600","3000","3000"
"3593","2026-09-11T05:00:00.000Z","SKU0160","6","2900","17400","17400"
"3618","2026-09-11T05:00:00.000Z","SKU0161","7","900","6300","6300"
"3667","2026-09-11T05:00:00.000Z","SKU0163","1","3100","3100","3100"
"3692","2026-09-11T05:00:00.000Z","SKU0164","2","1600","3200","3200"
"3716","2026-09-11T05:00:00.000Z","SKU0165","3","2100","6300","6300"
"3741","2026-09-11T05:00:00.000Z","SKU0166","4","4600","18400","18400"
"3766","2026-09-11T05:00:00.000Z","SKU0167","5","2600","13000","13000"
"3789","2026-09-11T05:00:00.000Z","SKU0168","6","3600","21600","21600"
"3838","2026-09-11T05:00:00.000Z","SKU0171","1","900","900","900"
"3863","2026-09-11T05:00:00.000Z","SKU0172","2","1100","2200","2200"
"3887","2026-09-11T05:00:00.000Z","SKU0173","3","3100","9300","9300"
"3912","2026-09-11T05:00:00.000Z","SKU0174","4","1600","6400","6400"
"3937","2026-09-11T05:00:00.000Z","SKU0175","5","2100","10500","10500"
"3960","2026-09-11T05:00:00.000Z","SKU0176","6","4600","27600","27600"
"3985","2026-09-11T05:00:00.000Z","SKU0177","7","2600","18200","18200"
"4034","2026-09-11T05:00:00.000Z","SKU0179","1","600","600","600"
"4059","2026-09-11T05:00:00.000Z","SKU0180","2","2900","5800","5800"
"4083","2026-09-11T05:00:00.000Z","SKU0181","3","900","2700","2700"
"4108","2026-09-11T05:00:00.000Z","SKU0183","5","3100","15500","15500"
"4131","2026-09-11T05:00:00.000Z","SKU0184","6","1600","9600","9600"
"4156","2026-09-11T05:00:00.000Z","SKU0185","7","2100","14700","14700"
"4205","2026-09-11T05:00:00.000Z","SKU0187","1","2600","2600","2600"
"4230","2026-09-11T05:00:00.000Z","SKU0188","2","3600","7200","7200"
"4254","2026-09-11T05:00:00.000Z","SKU0189","3","600","1800","1800"
"4279","2026-09-11T05:00:00.000Z","SKU0190","4","2900","11600","11600"
"4304","2026-09-11T05:00:00.000Z","SKU0191","5","900","4500","4500"
"4327","2026-09-11T05:00:00.000Z","SKU0192","6","1100","6600","6600"
"4352","2026-09-11T05:00:00.000Z","SKU0193","7","3100","21700","21700"
"4401","2026-09-11T05:00:00.000Z","SKU0196","2","4600","9200","9200"
"4425","2026-09-11T05:00:00.000Z","SKU0197","3","2600","7800","7800"
"4450","2026-09-11T05:00:00.000Z","SKU0198","4","3600","14400","14400"
"4475","2026-09-11T05:00:00.000Z","SKU0199","5","600","3000","3000"
"4498","2026-09-11T05:00:00.000Z","SKU0200","6","3000","18000","18000"
"4523","2026-09-11T05:00:00.000Z","SKU0201","7","1000","7000","7000"
"4572","2026-09-11T05:00:00.000Z","SKU0203","1","3200","3200","3200"
"4597","2026-09-11T05:00:00.000Z","SKU0204","2","1700","3400","3400"
"4621","2026-09-11T05:00:00.000Z","SKU0205","3","2200","6600","6600"
"4646","2026-09-11T05:00:00.000Z","SKU0206","4","4700","18800","18800"
"4671","2026-09-11T05:00:00.000Z","SKU0207","5","2700","13500","13500"
"4695","2026-09-11T05:00:00.000Z","SKU0209","7","700","4900","4900"
"4744","2026-09-11T05:00:00.000Z","SKU0211","1","1000","1000","1000"
"4769","2026-09-11T05:00:00.000Z","SKU0212","2","1200","2400","2400"
"4793","2026-09-11T05:00:00.000Z","SKU0213","3","3200","9600","9600"
"4818","2026-09-11T05:00:00.000Z","SKU0214","4","1700","6800","6800"
"4843","2026-09-11T05:00:00.000Z","SKU0215","5","2200","11000","11000"
"4866","2026-09-11T05:00:00.000Z","SKU0216","6","4700","28200","28200"
"4891","2026-09-11T05:00:00.000Z","SKU0217","7","2700","18900","18900"
"4940","2026-09-11T05:00:00.000Z","SKU0219","1","700","700","700"
"4965","2026-09-11T05:00:00.000Z","SKU0220","2","3000","6000","6000"
"4990","2026-09-11T05:00:00.000Z","SKU0222","4","1200","4800","4800"
"5015","2026-09-11T05:00:00.000Z","SKU0223","5","3200","16000","16000"
"5038","2026-09-11T05:00:00.000Z","SKU0224","6","1700","10200","10200"
"5063","2026-09-11T05:00:00.000Z","SKU0225","7","2200","15400","15400"
"5112","2026-09-11T05:00:00.000Z","SKU0227","1","2700","2700","2700"
"5137","2026-09-11T05:00:00.000Z","SKU0228","2","3700","7400","7400"
"5161","2026-09-11T05:00:00.000Z","SKU0229","3","700","2100","2100"
"5186","2026-09-11T05:00:00.000Z","SKU0230","4","3000","12000","12000"
"5211","2026-09-11T05:00:00.000Z","SKU0231","5","1000","5000","5000"
"5234","2026-09-11T05:00:00.000Z","SKU0232","6","1200","7200","7200"
"5259","2026-09-11T05:00:00.000Z","SKU0233","7","3200","22400","22400"
"5284","2026-09-11T05:00:00.000Z","SKU0235","1","2200","2200","2200"
"5309","2026-09-11T05:00:00.000Z","SKU0236","2","4700","9400","9400"
"5333","2026-09-11T05:00:00.000Z","SKU0237","3","2700","8100","8100"
"5358","2026-09-11T05:00:00.000Z","SKU0238","4","3700","14800","14800"
"5383","2026-09-11T05:00:00.000Z","SKU0239","5","700","3500","3500"
"5406","2026-09-11T05:00:00.000Z","SKU0240","6","3000","18000","18000"
"5431","2026-09-11T05:00:00.000Z","SKU0241","7","1000","7000","7000"
"5480","2026-09-11T05:00:00.000Z","SKU0243","1","3200","3200","3200"
"5505","2026-09-11T05:00:00.000Z","SKU0244","2","1700","3400","3400"
"5529","2026-09-11T05:00:00.000Z","SKU0245","3","2200","6600","6600"
"5554","2026-09-11T05:00:00.000Z","SKU0246","4","4700","18800","18800"
"5578","2026-09-11T05:00:00.000Z","SKU0248","6","3700","22200","22200"
"5603","2026-09-11T05:00:00.000Z","SKU0249","7","700","4900","4900"
"5652","2026-09-11T05:00:00.000Z","SKU0251","1","1000","1000","1000"
"5677","2026-09-11T05:00:00.000Z","SKU0252","2","1200","2400","2400"
"5701","2026-09-11T05:00:00.000Z","SKU0253","3","3200","9600","9600"
"5726","2026-09-11T05:00:00.000Z","SKU0254","4","1700","6800","6800"
"5751","2026-09-11T05:00:00.000Z","SKU0255","5","2200","11000","11000"
"5774","2026-09-11T05:00:00.000Z","SKU0256","6","4700","28200","28200"
"5799","2026-09-11T05:00:00.000Z","SKU0257","7","2700","18900","18900"
"5848","2026-09-11T05:00:00.000Z","SKU0259","1","700","700","700"
"5872","2026-09-11T05:00:00.000Z","SKU0261","3","1000","3000","3000"
"5897","2026-09-11T05:00:00.000Z","SKU0262","4","1200","4800","4800"
"5922","2026-09-11T05:00:00.000Z","SKU0263","5","3200","16000","16000"
"5945","2026-09-11T05:00:00.000Z","SKU0264","6","1700","10200","10200"
"5970","2026-09-11T05:00:00.000Z","SKU0265","7","2200","15400","15400"
"6019","2026-09-11T05:00:00.000Z","SKU0267","1","2700","2700","2700"
"6044","2026-09-11T05:00:00.000Z","SKU0268","2","3700","7400","7400"
"6068","2026-09-11T05:00:00.000Z","SKU0269","3","700","2100","2100"
"6093","2026-09-11T05:00:00.000Z","SKU0270","4","3000","12000","12000"
"6118","2026-09-11T05:00:00.000Z","SKU0271","5","1000","5000","5000"
"6141","2026-09-11T05:00:00.000Z","SKU0272","6","1200","7200","7200"
"6190","2026-09-11T05:00:00.000Z","SKU0275","1","2200","2200","2200"
"6215","2026-09-11T05:00:00.000Z","SKU0276","2","4700","9400","9400"
"6239","2026-09-11T05:00:00.000Z","SKU0277","3","2700","8100","8100"
"6264","2026-09-11T05:00:00.000Z","SKU0278","4","3700","14800","14800"
"6289","2026-09-11T05:00:00.000Z","SKU0279","5","700","3500","3500"
"6312","2026-09-11T05:00:00.000Z","SKU0280","6","3000","18000","18000"
"6337","2026-09-11T05:00:00.000Z","SKU0281","7","1000","7000","7000"
"6386","2026-09-11T05:00:00.000Z","SKU0283","1","3200","3200","3200"
"6411","2026-09-11T05:00:00.000Z","SKU0284","2","1700","3400","3400"
"6435","2026-09-11T05:00:00.000Z","SKU0285","3","2200","6600","6600"
"6460","2026-09-11T05:00:00.000Z","SKU0287","5","2700","13500","13500"
"6483","2026-09-11T05:00:00.000Z","SKU0288","6","3700","22200","22200"
"6508","2026-09-11T05:00:00.000Z","SKU0289","7","700","4900","4900"
"6557","2026-09-11T05:00:00.000Z","SKU0291","1","1000","1000","1000"
"6582","2026-09-11T05:00:00.000Z","SKU0292","2","1200","2400","2400"
"6606","2026-09-11T05:00:00.000Z","SKU0293","3","3200","9600","9600"
"6631","2026-09-11T05:00:00.000Z","SKU0294","4","1700","6800","6800"
"6656","2026-09-11T05:00:00.000Z","SKU0295","5","2200","11000","11000"
"6679","2026-09-11T05:00:00.000Z","SKU0296","6","4700","28200","28200"
"6704","2026-09-11T05:00:00.000Z","SKU0297","7","2700","18900","18900"
"6753","2026-09-11T05:00:00.000Z","SKU0300","2","3100","6200","6200"
"6777","2026-09-11T05:00:00.000Z","SKU0301","3","1100","3300","3300"
"6802","2026-09-11T05:00:00.000Z","SKU0302","4","1300","5200","5200"
"6827","2026-09-11T05:00:00.000Z","SKU0303","5","3300","16500","16500"
"6850","2026-09-11T05:00:00.000Z","SKU0304","6","1800","10800","10800"
"6875","2026-09-11T05:00:00.000Z","SKU0305","7","2300","16100","16100"
"6924","2026-09-11T05:00:00.000Z","SKU0307","1","2800","2800","2800"
"6949","2026-09-11T05:00:00.000Z","SKU0308","2","3800","7600","7600"
"6973","2026-09-11T05:00:00.000Z","SKU0309","3","800","2400","2400"
"6998","2026-09-11T05:00:00.000Z","SKU0310","4","3100","12400","12400"
"7023","2026-09-11T05:00:00.000Z","SKU0311","5","1100","5500","5500"
"7047","2026-09-11T05:00:00.000Z","SKU0313","7","3300","23100","23100"
"7096","2026-09-11T05:00:00.000Z","SKU0315","1","2300","2300","2300"
"7121","2026-09-11T05:00:00.000Z","SKU0316","2","4800","9600","9600"
"7145","2026-09-11T05:00:00.000Z","SKU0317","3","2800","8400","8400"
"7170","2026-09-11T05:00:00.000Z","SKU0318","4","3800","15200","15200"
"7195","2026-09-11T05:00:00.000Z","SKU0319","5","800","4000","4000"
"7218","2026-09-11T05:00:00.000Z","SKU0320","6","3100","18600","18600"
"7243","2026-09-11T05:00:00.000Z","SKU0321","7","1100","7700","7700"
"7292","2026-09-11T05:00:00.000Z","SKU0323","1","3300","3300","3300"
"7317","2026-09-11T05:00:00.000Z","SKU0324","2","1800","3600","3600"
"7342","2026-09-11T05:00:00.000Z","SKU0326","4","4800","19200","19200"
"7367","2026-09-11T05:00:00.000Z","SKU0327","5","2800","14000","14000"
"7390","2026-09-11T05:00:00.000Z","SKU0328","6","3800","22800","22800"
"7415","2026-09-11T05:00:00.000Z","SKU0329","7","800","5600","5600"
"7464","2026-09-11T05:00:00.000Z","SKU0331","1","1100","1100","1100"
"7489","2026-09-11T05:00:00.000Z","SKU0332","2","1300","2600","2600"
"7513","2026-09-11T05:00:00.000Z","SKU0333","3","3300","9900","9900"
"7538","2026-09-11T05:00:00.000Z","SKU0334","4","1800","7200","7200"
"7563","2026-09-11T05:00:00.000Z","SKU0335","5","2300","11500","11500"
"7586","2026-09-11T05:00:00.000Z","SKU0336","6","4800","28800","28800"
"7611","2026-09-11T05:00:00.000Z","SKU0337","7","2800","19600","19600"
"7636","2026-09-11T05:00:00.000Z","SKU0339","1","800","800","800"
"7661","2026-09-11T05:00:00.000Z","SKU0340","2","3100","6200","6200"
"7685","2026-09-11T05:00:00.000Z","SKU0341","3","1100","3300","3300"
"7710","2026-09-11T05:00:00.000Z","SKU0342","4","1300","5200","5200"
"7735","2026-09-11T05:00:00.000Z","SKU0343","5","3300","16500","16500"
"7758","2026-09-11T05:00:00.000Z","SKU0344","6","1800","10800","10800"
"7783","2026-09-11T05:00:00.000Z","SKU0345","7","2300","16100","16100"
"7832","2026-09-11T05:00:00.000Z","SKU0347","1","2800","2800","2800"
"7857","2026-09-11T05:00:00.000Z","SKU0348","2","3800","7600","7600"
"7881","2026-09-11T05:00:00.000Z","SKU0349","3","800","2400","2400"
"7906","2026-09-11T05:00:00.000Z","SKU0350","4","3100","12400","12400"
"7930","2026-09-11T05:00:00.000Z","SKU0352","6","1300","7800","7800"
"7955","2026-09-11T05:00:00.000Z","SKU0353","7","3300","23100","23100"
"8004","2026-09-11T05:00:00.000Z","SKU0355","1","2300","2300","2300"
"8029","2026-09-11T05:00:00.000Z","SKU0356","2","4800","9600","9600"
"8053","2026-09-11T05:00:00.000Z","SKU0357","3","2800","8400","8400"
"8078","2026-09-11T05:00:00.000Z","SKU0358","4","3800","15200","15200"
"8103","2026-09-11T05:00:00.000Z","SKU0359","5","800","4000","4000"
"8126","2026-09-11T05:00:00.000Z","SKU0360","6","3100","18600","18600"
"8151","2026-09-11T05:00:00.000Z","SKU0361","7","1100","7700","7700"
"8200","2026-09-11T05:00:00.000Z","SKU0363","1","3300","3300","3300"
"8224","2026-09-11T05:00:00.000Z","SKU0365","3","2300","6900","6900"
"8249","2026-09-11T05:00:00.000Z","SKU0366","4","4800","19200","19200"
"8274","2026-09-11T05:00:00.000Z","SKU0367","5","2800","14000","14000"
"8297","2026-09-11T05:00:00.000Z","SKU0368","6","3800","22800","22800"
"8322","2026-09-11T05:00:00.000Z","SKU0369","7","800","5600","5600"
"8371","2026-09-11T05:00:00.000Z","SKU0371","1","1100","1100","1100"
"8396","2026-09-11T05:00:00.000Z","SKU0372","2","1300","2600","2600"
"8420","2026-09-11T05:00:00.000Z","SKU0373","3","3300","9900","9900"
"8445","2026-09-11T05:00:00.000Z","SKU0374","4","1800","7200","7200"
"8470","2026-09-11T05:00:00.000Z","SKU0375","5","2300","11500","11500"
"8493","2026-09-11T05:00:00.000Z","SKU0376","6","4800","28800","28800"
"8542","2026-09-11T05:00:00.000Z","SKU0379","1","800","800","800"
"8567","2026-09-11T05:00:00.000Z","SKU0380","2","3100","6200","6200"
"8591","2026-09-11T05:00:00.000Z","SKU0381","3","1100","3300","3300"
"8616","2026-09-11T05:00:00.000Z","SKU0382","4","1300","5200","5200"
"8641","2026-09-11T05:00:00.000Z","SKU0383","5","3300","16500","16500"
"8664","2026-09-11T05:00:00.000Z","SKU0384","6","1800","10800","10800"
"8689","2026-09-11T05:00:00.000Z","SKU0385","7","2300","16100","16100"
"8738","2026-09-11T05:00:00.000Z","SKU0387","1","2800","2800","2800"
"8763","2026-09-11T05:00:00.000Z","SKU0388","2","3800","7600","7600"
"8787","2026-09-11T05:00:00.000Z","SKU0389","3","800","2400","2400"
"8812","2026-09-11T05:00:00.000Z","SKU0391","5","1100","5500","5500"
"8835","2026-09-11T05:00:00.000Z","SKU0392","6","1300","7800","7800"
"8860","2026-09-11T05:00:00.000Z","SKU0393","7","3300","23100","23100"
"8909","2026-09-11T05:00:00.000Z","SKU0395","1","2300","2300","2300"
"8934","2026-09-11T05:00:00.000Z","SKU0396","2","4800","9600","9600"
"8958","2026-09-11T05:00:00.000Z","SKU0397","3","2800","8400","8400"
"8983","2026-09-11T05:00:00.000Z","SKU0398","4","3800","15200","15200"
"9008","2026-09-11T05:00:00.000Z","SKU0399","5","800","4000","4000"
"9031","2026-09-11T05:00:00.000Z","SKU0400","6","3200","19200","19200"
"9056","2026-09-11T05:00:00.000Z","SKU0401","7","1200","8400","8400"
"9105","2026-09-11T05:00:00.000Z","SKU0404","2","1900","3800","3800"
"9129","2026-09-11T05:00:00.000Z","SKU0405","3","2400","7200","7200"
"9154","2026-09-11T05:00:00.000Z","SKU0406","4","4900","19600","19600"
"9179","2026-09-11T05:00:00.000Z","SKU0407","5","2900","14500","14500"
"9202","2026-09-11T05:00:00.000Z","SKU0408","6","3900","23400","23400"
"9227","2026-09-11T05:00:00.000Z","SKU0409","7","900","6300","6300"
"9276","2026-09-11T05:00:00.000Z","SKU0411","1","1200","1200","1200"
"9301","2026-09-11T05:00:00.000Z","SKU0412","2","1400","2800","2800"
"9325","2026-09-11T05:00:00.000Z","SKU0413","3","3400","10200","10200"
"9350","2026-09-11T05:00:00.000Z","SKU0414","4","1900","7600","7600"
"9375","2026-09-11T05:00:00.000Z","SKU0415","5","2400","12000","12000"
"9399","2026-09-11T05:00:00.000Z","SKU0417","7","2900","20300","20300"
"9448","2026-09-11T05:00:00.000Z","SKU0419","1","900","900","900"
"9473","2026-09-11T05:00:00.000Z","SKU0420","2","3200","6400","6400"
"9497","2026-09-11T05:00:00.000Z","SKU0421","3","1200","3600","3600"
"9522","2026-09-11T05:00:00.000Z","SKU0422","4","1400","5600","5600"
"9547","2026-09-11T05:00:00.000Z","SKU0423","5","3400","17000","17000"
"9570","2026-09-11T05:00:00.000Z","SKU0424","6","1900","11400","11400"
"9595","2026-09-11T05:00:00.000Z","SKU0425","7","2400","16800","16800"
"9644","2026-09-11T05:00:00.000Z","SKU0427","1","2900","2900","2900"
"9669","2026-09-11T05:00:00.000Z","SKU0428","2","3900","7800","7800"
"9694","2026-09-11T05:00:00.000Z","SKU0430","4","3200","12800","12800"
"9719","2026-09-11T05:00:00.000Z","SKU0431","5","1200","6000","6000"
"9742","2026-09-11T05:00:00.000Z","SKU0432","6","1400","8400","8400"
"9767","2026-09-11T05:00:00.000Z","SKU0433","7","3400","23800","23800"
"9816","2026-09-11T05:00:00.000Z","SKU0435","1","2400","2400","2400"
"9841","2026-09-11T05:00:00.000Z","SKU0436","2","4900","9800","9800"
"9865","2026-09-11T05:00:00.000Z","SKU0437","3","2900","8700","8700"
"9890","2026-09-11T05:00:00.000Z","SKU0438","4","3900","15600","15600"
"9915","2026-09-11T05:00:00.000Z","SKU0439","5","900","4500","4500"
"9938","2026-09-11T05:00:00.000Z","SKU0440","6","3200","19200","19200"
"9963","2026-09-11T05:00:00.000Z","SKU0441","7","1200","8400","8400"
"9988","2026-09-11T05:00:00.000Z","SKU0443","1","3400","3400","3400"
"10013","2026-09-11T05:00:00.000Z","SKU0444","2","1900","3800","3800"
"10037","2026-09-11T05:00:00.000Z","SKU0445","3","2400","7200","7200"
"10062","2026-09-11T05:00:00.000Z","SKU0446","4","4900","19600","19600"
"10087","2026-09-11T05:00:00.000Z","SKU0447","5","2900","14500","14500"
"10110","2026-09-11T05:00:00.000Z","SKU0448","6","3900","23400","23400"
"10135","2026-09-11T05:00:00.000Z","SKU0449","7","900","6300","6300"
"10184","2026-09-11T05:00:00.000Z","SKU0451","1","1200","1200","1200"
"10209","2026-09-11T05:00:00.000Z","SKU0452","2","1400","2800","2800"
"10233","2026-09-11T05:00:00.000Z","SKU0453","3","3400","10200","10200"
"10258","2026-09-11T05:00:00.000Z","SKU0454","4","1900","7600","7600"
"10282","2026-09-11T05:00:00.000Z","SKU0456","6","4900","29400","29400"
"10307","2026-09-11T05:00:00.000Z","SKU0457","7","2900","20300","20300"
"10356","2026-09-11T05:00:00.000Z","SKU0459","1","900","900","900"
"10381","2026-09-11T05:00:00.000Z","SKU0460","2","3200","6400","6400"
"10405","2026-09-11T05:00:00.000Z","SKU0461","3","1200","3600","3600"
"10430","2026-09-11T05:00:00.000Z","SKU0462","4","1400","5600","5600"
"10455","2026-09-11T05:00:00.000Z","SKU0463","5","3400","17000","17000"
"10478","2026-09-11T05:00:00.000Z","SKU0464","6","1900","11400","11400"
"10503","2026-09-11T05:00:00.000Z","SKU0465","7","2400","16800","16800"
"10552","2026-09-11T05:00:00.000Z","SKU0467","1","2900","2900","2900"
"10576","2026-09-11T05:00:00.000Z","SKU0469","3","900","2700","2700"
"10601","2026-09-11T05:00:00.000Z","SKU0470","4","3200","12800","12800"
"10626","2026-09-11T05:00:00.000Z","SKU0471","5","1200","6000","6000"
"10649","2026-09-11T05:00:00.000Z","SKU0472","6","1400","8400","8400"
"10674","2026-09-11T05:00:00.000Z","SKU0473","7","3400","23800","23800"
"10723","2026-09-11T05:00:00.000Z","SKU0475","1","2400","2400","2400"
"10748","2026-09-11T05:00:00.000Z","SKU0476","2","4900","9800","9800"
"10772","2026-09-11T05:00:00.000Z","SKU0477","3","2900","8700","8700"
"10797","2026-09-11T05:00:00.000Z","SKU0478","4","3900","15600","15600"
"10822","2026-09-11T05:00:00.000Z","SKU0479","5","900","4500","4500"
"10845","2026-09-11T05:00:00.000Z","SKU0480","6","3200","19200","19200"
"10894","2026-09-11T05:00:00.000Z","SKU0483","1","3400","3400","3400"
"10919","2026-09-11T05:00:00.000Z","SKU0484","2","1900","3800","3800"
"10943","2026-09-11T05:00:00.000Z","SKU0485","3","2400","7200","7200"
"10968","2026-09-11T05:00:00.000Z","SKU0486","4","4900","19600","19600"
"10993","2026-09-11T05:00:00.000Z","SKU0487","5","2900","14500","14500"
"11016","2026-09-11T05:00:00.000Z","SKU0488","6","3900","23400","23400"
"11041","2026-09-11T05:00:00.000Z","SKU0489","7","900","6300","6300"
"11090","2026-09-11T05:00:00.000Z","SKU0491","1","1200","1200","1200"
"11115","2026-09-11T05:00:00.000Z","SKU0492","2","1400","2800","2800"
"11139","2026-09-11T05:00:00.000Z","SKU0493","3","3400","10200","10200"
"11164","2026-09-11T05:00:00.000Z","SKU0495","5","2400","12000","12000"
"11187","2026-09-11T05:00:00.000Z","SKU0496","6","4900","29400","29400"
"11212","2026-09-11T05:00:00.000Z","SKU0497","7","2900","20300","20300"
"11261","2026-09-11T05:00:00.000Z","SKU0499","1","900","900","900"
"4","2026-09-12T05:00:00.000Z","SKU0001","4","800","3200","3200"
"32","2026-09-12T05:00:00.000Z","SKU0002","8","1000","8000","8000"
"66","2026-09-12T05:00:00.000Z","SKU0004","5","1500","7500","7500"
"90","2026-09-12T05:00:00.000Z","SKU0005","6","2000","12000","12000"
"115","2026-09-12T05:00:00.000Z","SKU0006","7","4500","31500","31500"
"163","2026-09-12T05:00:00.000Z","SKU0008","1","3500","3500","3500"
"188","2026-09-12T05:00:00.000Z","SKU0009","2","500","1000","1000"
"212","2026-09-12T05:00:00.000Z","SKU0010","3","2800","8400","8400"
"237","2026-09-12T05:00:00.000Z","SKU0011","4","800","3200","3200"
"262","2026-09-12T05:00:00.000Z","SKU0012","5","1000","5000","5000"
"287","2026-09-12T05:00:00.000Z","SKU0014","7","1500","10500","10500"
"335","2026-09-12T05:00:00.000Z","SKU0016","1","4500","4500","4500"
"360","2026-09-12T05:00:00.000Z","SKU0017","2","2500","5000","5000"
"384","2026-09-12T05:00:00.000Z","SKU0018","3","3500","10500","10500"
"409","2026-09-12T05:00:00.000Z","SKU0019","4","500","2000","2000"
"434","2026-09-12T05:00:00.000Z","SKU0020","5","2800","14000","14000"
"458","2026-09-12T05:00:00.000Z","SKU0021","6","800","4800","4800"
"483","2026-09-12T05:00:00.000Z","SKU0022","7","1000","7000","7000"
"531","2026-09-12T05:00:00.000Z","SKU0024","1","1500","1500","1500"
"556","2026-09-12T05:00:00.000Z","SKU0025","2","2000","4000","4000"
"581","2026-09-12T05:00:00.000Z","SKU0027","4","2500","10000","10000"
"606","2026-09-12T05:00:00.000Z","SKU0028","5","3500","17500","17500"
"630","2026-09-12T05:00:00.000Z","SKU0029","6","500","3000","3000"
"655","2026-09-12T05:00:00.000Z","SKU0030","7","2800","19600","19600"
"703","2026-09-12T05:00:00.000Z","SKU0032","1","1000","1000","1000"
"728","2026-09-12T05:00:00.000Z","SKU0033","2","3000","6000","6000"
"752","2026-09-12T05:00:00.000Z","SKU0034","3","1500","4500","4500"
"777","2026-09-12T05:00:00.000Z","SKU0035","4","2000","8000","8000"
"802","2026-09-12T05:00:00.000Z","SKU0036","5","4500","22500","22500"
"826","2026-09-12T05:00:00.000Z","SKU0037","6","2500","15000","15000"
"851","2026-09-12T05:00:00.000Z","SKU0038","7","3500","24500","24500"
"875","2026-09-12T05:00:00.000Z","SKU0040","1","2800","2800","2800"
"900","2026-09-12T05:00:00.000Z","SKU0041","2","800","1600","1600"
"924","2026-09-12T05:00:00.000Z","SKU0042","3","1000","3000","3000"
"949","2026-09-12T05:00:00.000Z","SKU0043","4","3000","12000","12000"
"974","2026-09-12T05:00:00.000Z","SKU0044","5","1500","7500","7500"
"998","2026-09-12T05:00:00.000Z","SKU0045","6","2000","12000","12000"
"1023","2026-09-12T05:00:00.000Z","SKU0046","7","4500","31500","31500"
"1071","2026-09-12T05:00:00.000Z","SKU0048","1","3500","3500","3500"
"1096","2026-09-12T05:00:00.000Z","SKU0049","2","500","1000","1000"
"1120","2026-09-12T05:00:00.000Z","SKU0050","3","2800","8400","8400"
"1145","2026-09-12T05:00:00.000Z","SKU0051","4","800","3200","3200"
"1169","2026-09-12T05:00:00.000Z","SKU0053","6","3000","18000","18000"
"1194","2026-09-12T05:00:00.000Z","SKU0054","7","1500","10500","10500"
"1242","2026-09-12T05:00:00.000Z","SKU0056","1","4500","4500","4500"
"1267","2026-09-12T05:00:00.000Z","SKU0057","2","2500","5000","5000"
"1291","2026-09-12T05:00:00.000Z","SKU0058","3","3500","10500","10500"
"1316","2026-09-12T05:00:00.000Z","SKU0059","4","500","2000","2000"
"1341","2026-09-12T05:00:00.000Z","SKU0060","5","2800","14000","14000"
"1365","2026-09-12T05:00:00.000Z","SKU0061","6","800","4800","4800"
"1390","2026-09-12T05:00:00.000Z","SKU0062","7","1000","7000","7000"
"1438","2026-09-12T05:00:00.000Z","SKU0064","1","1500","1500","1500"
"1462","2026-09-12T05:00:00.000Z","SKU0066","3","4500","13500","13500"
"1487","2026-09-12T05:00:00.000Z","SKU0067","4","2500","10000","10000"
"1512","2026-09-12T05:00:00.000Z","SKU0068","5","3500","17500","17500"
"1536","2026-09-12T05:00:00.000Z","SKU0069","6","500","3000","3000"
"1561","2026-09-12T05:00:00.000Z","SKU0070","7","2800","19600","19600"
"1609","2026-09-12T05:00:00.000Z","SKU0072","1","1000","1000","1000"
"1634","2026-09-12T05:00:00.000Z","SKU0073","2","3000","6000","6000"
"1658","2026-09-12T05:00:00.000Z","SKU0074","3","1500","4500","4500"
"1683","2026-09-12T05:00:00.000Z","SKU0075","4","2000","8000","8000"
"1708","2026-09-12T05:00:00.000Z","SKU0076","5","4500","22500","22500"
"1732","2026-09-12T05:00:00.000Z","SKU0077","6","2500","15000","15000"
"1780","2026-09-12T05:00:00.000Z","SKU0080","1","2800","2800","2800"
"1805","2026-09-12T05:00:00.000Z","SKU0081","2","800","1600","1600"
"1829","2026-09-12T05:00:00.000Z","SKU0082","3","1000","3000","3000"
"1854","2026-09-12T05:00:00.000Z","SKU0083","4","3000","12000","12000"
"1879","2026-09-12T05:00:00.000Z","SKU0084","5","1500","7500","7500"
"1903","2026-09-12T05:00:00.000Z","SKU0085","6","2000","12000","12000"
"1928","2026-09-12T05:00:00.000Z","SKU0086","7","4500","31500","31500"
"1976","2026-09-12T05:00:00.000Z","SKU0088","1","3500","3500","3500"
"2001","2026-09-12T05:00:00.000Z","SKU0089","2","500","1000","1000"
"2025","2026-09-12T05:00:00.000Z","SKU0090","3","2800","8400","8400"
"2050","2026-09-12T05:00:00.000Z","SKU0092","5","1000","5000","5000"
"2074","2026-09-12T05:00:00.000Z","SKU0093","6","3000","18000","18000"
"2099","2026-09-12T05:00:00.000Z","SKU0094","7","1500","10500","10500"
"2147","2026-09-12T05:00:00.000Z","SKU0096","1","4500","4500","4500"
"2172","2026-09-12T05:00:00.000Z","SKU0097","2","2500","5000","5000"
"2196","2026-09-12T05:00:00.000Z","SKU0098","3","3500","10500","10500"
"2221","2026-09-12T05:00:00.000Z","SKU0099","4","500","2000","2000"
"2246","2026-09-12T05:00:00.000Z","SKU0100","5","2900","14500","14500"
"2270","2026-09-12T05:00:00.000Z","SKU0101","6","900","5400","5400"
"2295","2026-09-12T05:00:00.000Z","SKU0102","7","1100","7700","7700"
"2344","2026-09-12T05:00:00.000Z","SKU0105","2","2100","4200","4200"
"2368","2026-09-12T05:00:00.000Z","SKU0106","3","4600","13800","13800"
"2393","2026-09-12T05:00:00.000Z","SKU0107","4","2600","10400","10400"
"2418","2026-09-12T05:00:00.000Z","SKU0108","5","3600","18000","18000"
"2442","2026-09-12T05:00:00.000Z","SKU0109","6","600","3600","3600"
"2467","2026-09-12T05:00:00.000Z","SKU0110","7","2900","20300","20300"
"2515","2026-09-12T05:00:00.000Z","SKU0112","1","1100","1100","1100"
"2540","2026-09-12T05:00:00.000Z","SKU0113","2","3100","6200","6200"
"2564","2026-09-12T05:00:00.000Z","SKU0114","3","1600","4800","4800"
"2589","2026-09-12T05:00:00.000Z","SKU0115","4","2100","8400","8400"
"2614","2026-09-12T05:00:00.000Z","SKU0116","5","4600","23000","23000"
"2639","2026-09-12T05:00:00.000Z","SKU0118","7","3600","25200","25200"
"2687","2026-09-12T05:00:00.000Z","SKU0120","1","2900","2900","2900"
"2712","2026-09-12T05:00:00.000Z","SKU0121","2","900","1800","1800"
"2736","2026-09-12T05:00:00.000Z","SKU0122","3","1100","3300","3300"
"2761","2026-09-12T05:00:00.000Z","SKU0123","4","3100","12400","12400"
"2786","2026-09-12T05:00:00.000Z","SKU0124","5","1600","8000","8000"
"2810","2026-09-12T05:00:00.000Z","SKU0125","6","2100","12600","12600"
"2835","2026-09-12T05:00:00.000Z","SKU0126","7","4600","32200","32200"
"2883","2026-09-12T05:00:00.000Z","SKU0128","1","3600","3600","3600"
"2908","2026-09-12T05:00:00.000Z","SKU0129","2","600","1200","1200"
"2933","2026-09-12T05:00:00.000Z","SKU0131","4","900","3600","3600"
"2958","2026-09-12T05:00:00.000Z","SKU0132","5","1100","5500","5500"
"2982","2026-09-12T05:00:00.000Z","SKU0133","6","3100","18600","18600"
"3007","2026-09-12T05:00:00.000Z","SKU0134","7","1600","11200","11200"
"3055","2026-09-12T05:00:00.000Z","SKU0136","1","4600","4600","4600"
"3080","2026-09-12T05:00:00.000Z","SKU0137","2","2600","5200","5200"
"3104","2026-09-12T05:00:00.000Z","SKU0138","3","3600","10800","10800"
"3129","2026-09-12T05:00:00.000Z","SKU0139","4","600","2400","2400"
"3154","2026-09-12T05:00:00.000Z","SKU0140","5","2900","14500","14500"
"3178","2026-09-12T05:00:00.000Z","SKU0141","6","900","5400","5400"
"3203","2026-09-12T05:00:00.000Z","SKU0142","7","1100","7700","7700"
"3227","2026-09-12T05:00:00.000Z","SKU0144","1","1600","1600","1600"
"3252","2026-09-12T05:00:00.000Z","SKU0145","2","2100","4200","4200"
"3276","2026-09-12T05:00:00.000Z","SKU0146","3","4600","13800","13800"
"3301","2026-09-12T05:00:00.000Z","SKU0147","4","2600","10400","10400"
"3326","2026-09-12T05:00:00.000Z","SKU0148","5","3600","18000","18000"
"3350","2026-09-12T05:00:00.000Z","SKU0149","6","600","3600","3600"
"3375","2026-09-12T05:00:00.000Z","SKU0150","7","2900","20300","20300"
"3423","2026-09-12T05:00:00.000Z","SKU0152","1","1100","1100","1100"
"3448","2026-09-12T05:00:00.000Z","SKU0153","2","3100","6200","6200"
"3472","2026-09-12T05:00:00.000Z","SKU0154","3","1600","4800","4800"
"3497","2026-09-12T05:00:00.000Z","SKU0155","4","2100","8400","8400"
"3521","2026-09-12T05:00:00.000Z","SKU0157","6","2600","15600","15600"
"3546","2026-09-12T05:00:00.000Z","SKU0158","7","3600","25200","25200"
"3594","2026-09-12T05:00:00.000Z","SKU0160","1","2900","2900","2900"
"3619","2026-09-12T05:00:00.000Z","SKU0161","2","900","1800","1800"
"3643","2026-09-12T05:00:00.000Z","SKU0162","3","1100","3300","3300"
"3668","2026-09-12T05:00:00.000Z","SKU0163","4","3100","12400","12400"
"3693","2026-09-12T05:00:00.000Z","SKU0164","5","1600","8000","8000"
"3717","2026-09-12T05:00:00.000Z","SKU0165","6","2100","12600","12600"
"3742","2026-09-12T05:00:00.000Z","SKU0166","7","4600","32200","32200"
"3790","2026-09-12T05:00:00.000Z","SKU0168","1","3600","3600","3600"
"3814","2026-09-12T05:00:00.000Z","SKU0170","3","2900","8700","8700"
"3839","2026-09-12T05:00:00.000Z","SKU0171","4","900","3600","3600"
"3864","2026-09-12T05:00:00.000Z","SKU0172","5","1100","5500","5500"
"3888","2026-09-12T05:00:00.000Z","SKU0173","6","3100","18600","18600"
"3913","2026-09-12T05:00:00.000Z","SKU0174","7","1600","11200","11200"
"3961","2026-09-12T05:00:00.000Z","SKU0176","1","4600","4600","4600"
"3986","2026-09-12T05:00:00.000Z","SKU0177","2","2600","5200","5200"
"4010","2026-09-12T05:00:00.000Z","SKU0178","3","3600","10800","10800"
"4035","2026-09-12T05:00:00.000Z","SKU0179","4","600","2400","2400"
"4060","2026-09-12T05:00:00.000Z","SKU0180","5","2900","14500","14500"
"4084","2026-09-12T05:00:00.000Z","SKU0181","6","900","5400","5400"
"4132","2026-09-12T05:00:00.000Z","SKU0184","1","1600","1600","1600"
"4157","2026-09-12T05:00:00.000Z","SKU0185","2","2100","4200","4200"
"4181","2026-09-12T05:00:00.000Z","SKU0186","3","4600","13800","13800"
"4206","2026-09-12T05:00:00.000Z","SKU0187","4","2600","10400","10400"
"4231","2026-09-12T05:00:00.000Z","SKU0188","5","3600","18000","18000"
"4255","2026-09-12T05:00:00.000Z","SKU0189","6","600","3600","3600"
"4280","2026-09-12T05:00:00.000Z","SKU0190","7","2900","20300","20300"
"4328","2026-09-12T05:00:00.000Z","SKU0192","1","1100","1100","1100"
"4353","2026-09-12T05:00:00.000Z","SKU0193","2","3100","6200","6200"
"4377","2026-09-12T05:00:00.000Z","SKU0194","3","1600","4800","4800"
"4402","2026-09-12T05:00:00.000Z","SKU0196","5","4600","23000","23000"
"4426","2026-09-12T05:00:00.000Z","SKU0197","6","2600","15600","15600"
"4451","2026-09-12T05:00:00.000Z","SKU0198","7","3600","25200","25200"
"4499","2026-09-12T05:00:00.000Z","SKU0200","1","3000","3000","3000"
"4524","2026-09-12T05:00:00.000Z","SKU0201","2","1000","2000","2000"
"4548","2026-09-12T05:00:00.000Z","SKU0202","3","1200","3600","3600"
"4573","2026-09-12T05:00:00.000Z","SKU0203","4","3200","12800","12800"
"4598","2026-09-12T05:00:00.000Z","SKU0204","5","1700","8500","8500"
"4622","2026-09-12T05:00:00.000Z","SKU0205","6","2200","13200","13200"
"4647","2026-09-12T05:00:00.000Z","SKU0206","7","4700","32900","32900"
"4696","2026-09-12T05:00:00.000Z","SKU0209","2","700","1400","1400"
"4720","2026-09-12T05:00:00.000Z","SKU0210","3","3000","9000","9000"
"4745","2026-09-12T05:00:00.000Z","SKU0211","4","1000","4000","4000"
"4770","2026-09-12T05:00:00.000Z","SKU0212","5","1200","6000","6000"
"4794","2026-09-12T05:00:00.000Z","SKU0213","6","3200","19200","19200"
"4819","2026-09-12T05:00:00.000Z","SKU0214","7","1700","11900","11900"
"4867","2026-09-12T05:00:00.000Z","SKU0216","1","4700","4700","4700"
"4892","2026-09-12T05:00:00.000Z","SKU0217","2","2700","5400","5400"
"4916","2026-09-12T05:00:00.000Z","SKU0218","3","3700","11100","11100"
"4941","2026-09-12T05:00:00.000Z","SKU0219","4","700","2800","2800"
"4966","2026-09-12T05:00:00.000Z","SKU0220","5","3000","15000","15000"
"4991","2026-09-12T05:00:00.000Z","SKU0222","7","1200","8400","8400"
"5039","2026-09-12T05:00:00.000Z","SKU0224","1","1700","1700","1700"
"5064","2026-09-12T05:00:00.000Z","SKU0225","2","2200","4400","4400"
"5088","2026-09-12T05:00:00.000Z","SKU0226","3","4700","14100","14100"
"5113","2026-09-12T05:00:00.000Z","SKU0227","4","2700","10800","10800"
"5138","2026-09-12T05:00:00.000Z","SKU0228","5","3700","18500","18500"
"5162","2026-09-12T05:00:00.000Z","SKU0229","6","700","4200","4200"
"5187","2026-09-12T05:00:00.000Z","SKU0230","7","3000","21000","21000"
"5235","2026-09-12T05:00:00.000Z","SKU0232","1","1200","1200","1200"
"5260","2026-09-12T05:00:00.000Z","SKU0233","2","3200","6400","6400"
"5285","2026-09-12T05:00:00.000Z","SKU0235","4","2200","8800","8800"
"5310","2026-09-12T05:00:00.000Z","SKU0236","5","4700","23500","23500"
"5334","2026-09-12T05:00:00.000Z","SKU0237","6","2700","16200","16200"
"5359","2026-09-12T05:00:00.000Z","SKU0238","7","3700","25900","25900"
"5407","2026-09-12T05:00:00.000Z","SKU0240","1","3000","3000","3000"
"5432","2026-09-12T05:00:00.000Z","SKU0241","2","1000","2000","2000"
"5456","2026-09-12T05:00:00.000Z","SKU0242","3","1200","3600","3600"
"5481","2026-09-12T05:00:00.000Z","SKU0243","4","3200","12800","12800"
"5506","2026-09-12T05:00:00.000Z","SKU0244","5","1700","8500","8500"
"5530","2026-09-12T05:00:00.000Z","SKU0245","6","2200","13200","13200"
"5555","2026-09-12T05:00:00.000Z","SKU0246","7","4700","32900","32900"
"5579","2026-09-12T05:00:00.000Z","SKU0248","1","3700","3700","3700"
"5604","2026-09-12T05:00:00.000Z","SKU0249","2","700","1400","1400"
"5628","2026-09-12T05:00:00.000Z","SKU0250","3","3000","9000","9000"
"5653","2026-09-12T05:00:00.000Z","SKU0251","4","1000","4000","4000"
"5678","2026-09-12T05:00:00.000Z","SKU0252","5","1200","6000","6000"
"5702","2026-09-12T05:00:00.000Z","SKU0253","6","3200","19200","19200"
"5727","2026-09-12T05:00:00.000Z","SKU0254","7","1700","11900","11900"
"5775","2026-09-12T05:00:00.000Z","SKU0256","1","4700","4700","4700"
"5800","2026-09-12T05:00:00.000Z","SKU0257","2","2700","5400","5400"
"5824","2026-09-12T05:00:00.000Z","SKU0258","3","3700","11100","11100"
"5849","2026-09-12T05:00:00.000Z","SKU0259","4","700","2800","2800"
"5873","2026-09-12T05:00:00.000Z","SKU0261","6","1000","6000","6000"
"5898","2026-09-12T05:00:00.000Z","SKU0262","7","1200","8400","8400"
"5946","2026-09-12T05:00:00.000Z","SKU0264","1","1700","1700","1700"
"5971","2026-09-12T05:00:00.000Z","SKU0265","2","2200","4400","4400"
"5995","2026-09-12T05:00:00.000Z","SKU0266","3","4700","14100","14100"
"6020","2026-09-12T05:00:00.000Z","SKU0267","4","2700","10800","10800"
"6045","2026-09-12T05:00:00.000Z","SKU0268","5","3700","18500","18500"
"6069","2026-09-12T05:00:00.000Z","SKU0269","6","700","4200","4200"
"6094","2026-09-12T05:00:00.000Z","SKU0270","7","3000","21000","21000"
"6142","2026-09-12T05:00:00.000Z","SKU0272","1","1200","1200","1200"
"6166","2026-09-12T05:00:00.000Z","SKU0274","3","1700","5100","5100"
"6191","2026-09-12T05:00:00.000Z","SKU0275","4","2200","8800","8800"
"6216","2026-09-12T05:00:00.000Z","SKU0276","5","4700","23500","23500"
"6240","2026-09-12T05:00:00.000Z","SKU0277","6","2700","16200","16200"
"6265","2026-09-12T05:00:00.000Z","SKU0278","7","3700","25900","25900"
"6313","2026-09-12T05:00:00.000Z","SKU0280","1","3000","3000","3000"
"6338","2026-09-12T05:00:00.000Z","SKU0281","2","1000","2000","2000"
"6362","2026-09-12T05:00:00.000Z","SKU0282","3","1200","3600","3600"
"6387","2026-09-12T05:00:00.000Z","SKU0283","4","3200","12800","12800"
"6412","2026-09-12T05:00:00.000Z","SKU0284","5","1700","8500","8500"
"6436","2026-09-12T05:00:00.000Z","SKU0285","6","2200","13200","13200"
"6484","2026-09-12T05:00:00.000Z","SKU0288","1","3700","3700","3700"
"6509","2026-09-12T05:00:00.000Z","SKU0289","2","700","1400","1400"
"6533","2026-09-12T05:00:00.000Z","SKU0290","3","3000","9000","9000"
"6558","2026-09-12T05:00:00.000Z","SKU0291","4","1000","4000","4000"
"6583","2026-09-12T05:00:00.000Z","SKU0292","5","1200","6000","6000"
"6607","2026-09-12T05:00:00.000Z","SKU0293","6","3200","19200","19200"
"6632","2026-09-12T05:00:00.000Z","SKU0294","7","1700","11900","11900"
"6680","2026-09-12T05:00:00.000Z","SKU0296","1","4700","4700","4700"
"6705","2026-09-12T05:00:00.000Z","SKU0297","2","2700","5400","5400"
"6729","2026-09-12T05:00:00.000Z","SKU0298","3","3700","11100","11100"
"6754","2026-09-12T05:00:00.000Z","SKU0300","5","3100","15500","15500"
"6778","2026-09-12T05:00:00.000Z","SKU0301","6","1100","6600","6600"
"6803","2026-09-12T05:00:00.000Z","SKU0302","7","1300","9100","9100"
"6851","2026-09-12T05:00:00.000Z","SKU0304","1","1800","1800","1800"
"6876","2026-09-12T05:00:00.000Z","SKU0305","2","2300","4600","4600"
"6900","2026-09-12T05:00:00.000Z","SKU0306","3","4800","14400","14400"
"6925","2026-09-12T05:00:00.000Z","SKU0307","4","2800","11200","11200"
"6950","2026-09-12T05:00:00.000Z","SKU0308","5","3800","19000","19000"
"6974","2026-09-12T05:00:00.000Z","SKU0309","6","800","4800","4800"
"6999","2026-09-12T05:00:00.000Z","SKU0310","7","3100","21700","21700"
"7048","2026-09-12T05:00:00.000Z","SKU0313","2","3300","6600","6600"
"7072","2026-09-12T05:00:00.000Z","SKU0314","3","1800","5400","5400"
"7097","2026-09-12T05:00:00.000Z","SKU0315","4","2300","9200","9200"
"7122","2026-09-12T05:00:00.000Z","SKU0316","5","4800","24000","24000"
"7146","2026-09-12T05:00:00.000Z","SKU0317","6","2800","16800","16800"
"7171","2026-09-12T05:00:00.000Z","SKU0318","7","3800","26600","26600"
"7219","2026-09-12T05:00:00.000Z","SKU0320","1","3100","3100","3100"
"7244","2026-09-12T05:00:00.000Z","SKU0321","2","1100","2200","2200"
"7268","2026-09-12T05:00:00.000Z","SKU0322","3","1300","3900","3900"
"7293","2026-09-12T05:00:00.000Z","SKU0323","4","3300","13200","13200"
"7318","2026-09-12T05:00:00.000Z","SKU0324","5","1800","9000","9000"
"7343","2026-09-12T05:00:00.000Z","SKU0326","7","4800","33600","33600"
"7391","2026-09-12T05:00:00.000Z","SKU0328","1","3800","3800","3800"
"7416","2026-09-12T05:00:00.000Z","SKU0329","2","800","1600","1600"
"7440","2026-09-12T05:00:00.000Z","SKU0330","3","3100","9300","9300"
"7465","2026-09-12T05:00:00.000Z","SKU0331","4","1100","4400","4400"
"7490","2026-09-12T05:00:00.000Z","SKU0332","5","1300","6500","6500"
"7514","2026-09-12T05:00:00.000Z","SKU0333","6","3300","19800","19800"
"7539","2026-09-12T05:00:00.000Z","SKU0334","7","1800","12600","12600"
"7587","2026-09-12T05:00:00.000Z","SKU0336","1","4800","4800","4800"
"7612","2026-09-12T05:00:00.000Z","SKU0337","2","2800","5600","5600"
"7637","2026-09-12T05:00:00.000Z","SKU0339","4","800","3200","3200"
"7662","2026-09-12T05:00:00.000Z","SKU0340","5","3100","15500","15500"
"7686","2026-09-12T05:00:00.000Z","SKU0341","6","1100","6600","6600"
"7711","2026-09-12T05:00:00.000Z","SKU0342","7","1300","9100","9100"
"7759","2026-09-12T05:00:00.000Z","SKU0344","1","1800","1800","1800"
"7784","2026-09-12T05:00:00.000Z","SKU0345","2","2300","4600","4600"
"7808","2026-09-12T05:00:00.000Z","SKU0346","3","4800","14400","14400"
"7833","2026-09-12T05:00:00.000Z","SKU0347","4","2800","11200","11200"
"7858","2026-09-12T05:00:00.000Z","SKU0348","5","3800","19000","19000"
"7882","2026-09-12T05:00:00.000Z","SKU0349","6","800","4800","4800"
"7907","2026-09-12T05:00:00.000Z","SKU0350","7","3100","21700","21700"
"7931","2026-09-12T05:00:00.000Z","SKU0352","1","1300","1300","1300"
"7956","2026-09-12T05:00:00.000Z","SKU0353","2","3300","6600","6600"
"7980","2026-09-12T05:00:00.000Z","SKU0354","3","1800","5400","5400"
"8005","2026-09-12T05:00:00.000Z","SKU0355","4","2300","9200","9200"
"8030","2026-09-12T05:00:00.000Z","SKU0356","5","4800","24000","24000"
"8054","2026-09-12T05:00:00.000Z","SKU0357","6","2800","16800","16800"
"8079","2026-09-12T05:00:00.000Z","SKU0358","7","3800","26600","26600"
"8127","2026-09-12T05:00:00.000Z","SKU0360","1","3100","3100","3100"
"8152","2026-09-12T05:00:00.000Z","SKU0361","2","1100","2200","2200"
"8176","2026-09-12T05:00:00.000Z","SKU0362","3","1300","3900","3900"
"8201","2026-09-12T05:00:00.000Z","SKU0363","4","3300","13200","13200"
"8225","2026-09-12T05:00:00.000Z","SKU0365","6","2300","13800","13800"
"8250","2026-09-12T05:00:00.000Z","SKU0366","7","4800","33600","33600"
"8298","2026-09-12T05:00:00.000Z","SKU0368","1","3800","3800","3800"
"8323","2026-09-12T05:00:00.000Z","SKU0369","2","800","1600","1600"
"8347","2026-09-12T05:00:00.000Z","SKU0370","3","3100","9300","9300"
"8372","2026-09-12T05:00:00.000Z","SKU0371","4","1100","4400","4400"
"8397","2026-09-12T05:00:00.000Z","SKU0372","5","1300","6500","6500"
"8421","2026-09-12T05:00:00.000Z","SKU0373","6","3300","19800","19800"
"8446","2026-09-12T05:00:00.000Z","SKU0374","7","1800","12600","12600"
"8494","2026-09-12T05:00:00.000Z","SKU0376","1","4800","4800","4800"
"8518","2026-09-12T05:00:00.000Z","SKU0378","3","3800","11400","11400"
"8543","2026-09-12T05:00:00.000Z","SKU0379","4","800","3200","3200"
"8568","2026-09-12T05:00:00.000Z","SKU0380","5","3100","15500","15500"
"8592","2026-09-12T05:00:00.000Z","SKU0381","6","1100","6600","6600"
"8617","2026-09-12T05:00:00.000Z","SKU0382","7","1300","9100","9100"
"8665","2026-09-12T05:00:00.000Z","SKU0384","1","1800","1800","1800"
"8690","2026-09-12T05:00:00.000Z","SKU0385","2","2300","4600","4600"
"8714","2026-09-12T05:00:00.000Z","SKU0386","3","4800","14400","14400"
"8739","2026-09-12T05:00:00.000Z","SKU0387","4","2800","11200","11200"
"8764","2026-09-12T05:00:00.000Z","SKU0388","5","3800","19000","19000"
"8788","2026-09-12T05:00:00.000Z","SKU0389","6","800","4800","4800"
"8836","2026-09-12T05:00:00.000Z","SKU0392","1","1300","1300","1300"
"8861","2026-09-12T05:00:00.000Z","SKU0393","2","3300","6600","6600"
"8885","2026-09-12T05:00:00.000Z","SKU0394","3","1800","5400","5400"
"8910","2026-09-12T05:00:00.000Z","SKU0395","4","2300","9200","9200"
"8935","2026-09-12T05:00:00.000Z","SKU0396","5","4800","24000","24000"
"8959","2026-09-12T05:00:00.000Z","SKU0397","6","2800","16800","16800"
"8984","2026-09-12T05:00:00.000Z","SKU0398","7","3800","26600","26600"
"9032","2026-09-12T05:00:00.000Z","SKU0400","1","3200","3200","3200"
"9057","2026-09-12T05:00:00.000Z","SKU0401","2","1200","2400","2400"
"9081","2026-09-12T05:00:00.000Z","SKU0402","3","1400","4200","4200"
"9106","2026-09-12T05:00:00.000Z","SKU0404","5","1900","9500","9500"
"9130","2026-09-12T05:00:00.000Z","SKU0405","6","2400","14400","14400"
"9155","2026-09-12T05:00:00.000Z","SKU0406","7","4900","34300","34300"
"9203","2026-09-12T05:00:00.000Z","SKU0408","1","3900","3900","3900"
"9228","2026-09-12T05:00:00.000Z","SKU0409","2","900","1800","1800"
"9252","2026-09-12T05:00:00.000Z","SKU0410","3","3200","9600","9600"
"9277","2026-09-12T05:00:00.000Z","SKU0411","4","1200","4800","4800"
"9302","2026-09-12T05:00:00.000Z","SKU0412","5","1400","7000","7000"
"9326","2026-09-12T05:00:00.000Z","SKU0413","6","3400","20400","20400"
"9351","2026-09-12T05:00:00.000Z","SKU0414","7","1900","13300","13300"
"9400","2026-09-12T05:00:00.000Z","SKU0417","2","2900","5800","5800"
"9424","2026-09-12T05:00:00.000Z","SKU0418","3","3900","11700","11700"
"9449","2026-09-12T05:00:00.000Z","SKU0419","4","900","3600","3600"
"9474","2026-09-12T05:00:00.000Z","SKU0420","5","3200","16000","16000"
"9498","2026-09-12T05:00:00.000Z","SKU0421","6","1200","7200","7200"
"9523","2026-09-12T05:00:00.000Z","SKU0422","7","1400","9800","9800"
"9571","2026-09-12T05:00:00.000Z","SKU0424","1","1900","1900","1900"
"9596","2026-09-12T05:00:00.000Z","SKU0425","2","2400","4800","4800"
"9620","2026-09-12T05:00:00.000Z","SKU0426","3","4900","14700","14700"
"9645","2026-09-12T05:00:00.000Z","SKU0427","4","2900","11600","11600"
"9670","2026-09-12T05:00:00.000Z","SKU0428","5","3900","19500","19500"
"9695","2026-09-12T05:00:00.000Z","SKU0430","7","3200","22400","22400"
"9743","2026-09-12T05:00:00.000Z","SKU0432","1","1400","1400","1400"
"9768","2026-09-12T05:00:00.000Z","SKU0433","2","3400","6800","6800"
"9792","2026-09-12T05:00:00.000Z","SKU0434","3","1900","5700","5700"
"9817","2026-09-12T05:00:00.000Z","SKU0435","4","2400","9600","9600"
"9842","2026-09-12T05:00:00.000Z","SKU0436","5","4900","24500","24500"
"9866","2026-09-12T05:00:00.000Z","SKU0437","6","2900","17400","17400"
"9891","2026-09-12T05:00:00.000Z","SKU0438","7","3900","27300","27300"
"9939","2026-09-12T05:00:00.000Z","SKU0440","1","3200","3200","3200"
"9964","2026-09-12T05:00:00.000Z","SKU0441","2","1200","2400","2400"
"9989","2026-09-12T05:00:00.000Z","SKU0443","4","3400","13600","13600"
"10014","2026-09-12T05:00:00.000Z","SKU0444","5","1900","9500","9500"
"10038","2026-09-12T05:00:00.000Z","SKU0445","6","2400","14400","14400"
"10063","2026-09-12T05:00:00.000Z","SKU0446","7","4900","34300","34300"
"10111","2026-09-12T05:00:00.000Z","SKU0448","1","3900","3900","3900"
"10136","2026-09-12T05:00:00.000Z","SKU0449","2","900","1800","1800"
"10160","2026-09-12T05:00:00.000Z","SKU0450","3","3200","9600","9600"
"10185","2026-09-12T05:00:00.000Z","SKU0451","4","1200","4800","4800"
"10210","2026-09-12T05:00:00.000Z","SKU0452","5","1400","7000","7000"
"10234","2026-09-12T05:00:00.000Z","SKU0453","6","3400","20400","20400"
"10259","2026-09-12T05:00:00.000Z","SKU0454","7","1900","13300","13300"
"10283","2026-09-12T05:00:00.000Z","SKU0456","1","4900","4900","4900"
"10308","2026-09-12T05:00:00.000Z","SKU0457","2","2900","5800","5800"
"10332","2026-09-12T05:00:00.000Z","SKU0458","3","3900","11700","11700"
"10357","2026-09-12T05:00:00.000Z","SKU0459","4","900","3600","3600"
"10382","2026-09-12T05:00:00.000Z","SKU0460","5","3200","16000","16000"
"10406","2026-09-12T05:00:00.000Z","SKU0461","6","1200","7200","7200"
"10431","2026-09-12T05:00:00.000Z","SKU0462","7","1400","9800","9800"
"10479","2026-09-12T05:00:00.000Z","SKU0464","1","1900","1900","1900"
"10504","2026-09-12T05:00:00.000Z","SKU0465","2","2400","4800","4800"
"10528","2026-09-12T05:00:00.000Z","SKU0466","3","4900","14700","14700"
"10553","2026-09-12T05:00:00.000Z","SKU0467","4","2900","11600","11600"
"10577","2026-09-12T05:00:00.000Z","SKU0469","6","900","5400","5400"
"10602","2026-09-12T05:00:00.000Z","SKU0470","7","3200","22400","22400"
"10650","2026-09-12T05:00:00.000Z","SKU0472","1","1400","1400","1400"
"10675","2026-09-12T05:00:00.000Z","SKU0473","2","3400","6800","6800"
"10699","2026-09-12T05:00:00.000Z","SKU0474","3","1900","5700","5700"
"10724","2026-09-12T05:00:00.000Z","SKU0475","4","2400","9600","9600"
"10749","2026-09-12T05:00:00.000Z","SKU0476","5","4900","24500","24500"
"10773","2026-09-12T05:00:00.000Z","SKU0477","6","2900","17400","17400"
"10798","2026-09-12T05:00:00.000Z","SKU0478","7","3900","27300","27300"
"10846","2026-09-12T05:00:00.000Z","SKU0480","1","3200","3200","3200"
"10870","2026-09-12T05:00:00.000Z","SKU0482","3","1400","4200","4200"
"10895","2026-09-12T05:00:00.000Z","SKU0483","4","3400","13600","13600"
"10920","2026-09-12T05:00:00.000Z","SKU0484","5","1900","9500","9500"
"10944","2026-09-12T05:00:00.000Z","SKU0485","6","2400","14400","14400"
"10969","2026-09-12T05:00:00.000Z","SKU0486","7","4900","34300","34300"
"11017","2026-09-12T05:00:00.000Z","SKU0488","1","3900","3900","3900"
"11042","2026-09-12T05:00:00.000Z","SKU0489","2","900","1800","1800"
"11066","2026-09-12T05:00:00.000Z","SKU0490","3","3200","9600","9600"
"11091","2026-09-12T05:00:00.000Z","SKU0491","4","1200","4800","4800"
"11116","2026-09-12T05:00:00.000Z","SKU0492","5","1400","7000","7000"
"11140","2026-09-12T05:00:00.000Z","SKU0493","6","3400","20400","20400"
"11188","2026-09-12T05:00:00.000Z","SKU0496","1","4900","4900","4900"
"11213","2026-09-12T05:00:00.000Z","SKU0497","2","2900","5800","5800"
"11237","2026-09-12T05:00:00.000Z","SKU0498","3","3900","11700","11700"
"11262","2026-09-12T05:00:00.000Z","SKU0499","4","900","3600","3600"
"5","2026-09-13T05:00:00.000Z","SKU0001","4","800","3200","3200"
"33","2026-09-13T05:00:00.000Z","SKU0002","8","1000","8000","8000"
"91","2026-09-13T05:00:00.000Z","SKU0005","1","2000","2000","2000"
"116","2026-09-13T05:00:00.000Z","SKU0006","2","4500","9000","9000"
"140","2026-09-13T05:00:00.000Z","SKU0007","3","2500","7500","7500"
"164","2026-09-13T05:00:00.000Z","SKU0008","4","3500","14000","14000"
"189","2026-09-13T05:00:00.000Z","SKU0009","5","500","2500","2500"
"213","2026-09-13T05:00:00.000Z","SKU0010","6","2800","16800","16800"
"238","2026-09-13T05:00:00.000Z","SKU0011","7","800","5600","5600"
"288","2026-09-13T05:00:00.000Z","SKU0014","2","1500","3000","3000"
"312","2026-09-13T05:00:00.000Z","SKU0015","3","2000","6000","6000"
"336","2026-09-13T05:00:00.000Z","SKU0016","4","4500","18000","18000"
"361","2026-09-13T05:00:00.000Z","SKU0017","5","2500","12500","12500"
"385","2026-09-13T05:00:00.000Z","SKU0018","6","3500","21000","21000"
"410","2026-09-13T05:00:00.000Z","SKU0019","7","500","3500","3500"
"459","2026-09-13T05:00:00.000Z","SKU0021","1","800","800","800"
"484","2026-09-13T05:00:00.000Z","SKU0022","2","1000","2000","2000"
"508","2026-09-13T05:00:00.000Z","SKU0023","3","3000","9000","9000"
"532","2026-09-13T05:00:00.000Z","SKU0024","4","1500","6000","6000"
"557","2026-09-13T05:00:00.000Z","SKU0025","5","2000","10000","10000"
"582","2026-09-13T05:00:00.000Z","SKU0027","7","2500","17500","17500"
"631","2026-09-13T05:00:00.000Z","SKU0029","1","500","500","500"
"656","2026-09-13T05:00:00.000Z","SKU0030","2","2800","5600","5600"
"680","2026-09-13T05:00:00.000Z","SKU0031","3","800","2400","2400"
"704","2026-09-13T05:00:00.000Z","SKU0032","4","1000","4000","4000"
"729","2026-09-13T05:00:00.000Z","SKU0033","5","3000","15000","15000"
"753","2026-09-13T05:00:00.000Z","SKU0034","6","1500","9000","9000"
"778","2026-09-13T05:00:00.000Z","SKU0035","7","2000","14000","14000"
"827","2026-09-13T05:00:00.000Z","SKU0037","1","2500","2500","2500"
"852","2026-09-13T05:00:00.000Z","SKU0038","2","3500","7000","7000"
"876","2026-09-13T05:00:00.000Z","SKU0040","4","2800","11200","11200"
"901","2026-09-13T05:00:00.000Z","SKU0041","5","800","4000","4000"
"925","2026-09-13T05:00:00.000Z","SKU0042","6","1000","6000","6000"
"950","2026-09-13T05:00:00.000Z","SKU0043","7","3000","21000","21000"
"999","2026-09-13T05:00:00.000Z","SKU0045","1","2000","2000","2000"
"1024","2026-09-13T05:00:00.000Z","SKU0046","2","4500","9000","9000"
"1048","2026-09-13T05:00:00.000Z","SKU0047","3","2500","7500","7500"
"1072","2026-09-13T05:00:00.000Z","SKU0048","4","3500","14000","14000"
"1097","2026-09-13T05:00:00.000Z","SKU0049","5","500","2500","2500"
"1121","2026-09-13T05:00:00.000Z","SKU0050","6","2800","16800","16800"
"1146","2026-09-13T05:00:00.000Z","SKU0051","7","800","5600","5600"
"1170","2026-09-13T05:00:00.000Z","SKU0053","1","3000","3000","3000"
"1195","2026-09-13T05:00:00.000Z","SKU0054","2","1500","3000","3000"
"1219","2026-09-13T05:00:00.000Z","SKU0055","3","2000","6000","6000"
"1243","2026-09-13T05:00:00.000Z","SKU0056","4","4500","18000","18000"
"1268","2026-09-13T05:00:00.000Z","SKU0057","5","2500","12500","12500"
"1292","2026-09-13T05:00:00.000Z","SKU0058","6","3500","21000","21000"
"1317","2026-09-13T05:00:00.000Z","SKU0059","7","500","3500","3500"
"1366","2026-09-13T05:00:00.000Z","SKU0061","1","800","800","800"
"1391","2026-09-13T05:00:00.000Z","SKU0062","2","1000","2000","2000"
"1415","2026-09-13T05:00:00.000Z","SKU0063","3","3000","9000","9000"
"1439","2026-09-13T05:00:00.000Z","SKU0064","4","1500","6000","6000"
"1463","2026-09-13T05:00:00.000Z","SKU0066","6","4500","27000","27000"
"1488","2026-09-13T05:00:00.000Z","SKU0067","7","2500","17500","17500"
"1537","2026-09-13T05:00:00.000Z","SKU0069","1","500","500","500"
"1562","2026-09-13T05:00:00.000Z","SKU0070","2","2800","5600","5600"
"1586","2026-09-13T05:00:00.000Z","SKU0071","3","800","2400","2400"
"1610","2026-09-13T05:00:00.000Z","SKU0072","4","1000","4000","4000"
"1635","2026-09-13T05:00:00.000Z","SKU0073","5","3000","15000","15000"
"1659","2026-09-13T05:00:00.000Z","SKU0074","6","1500","9000","9000"
"1684","2026-09-13T05:00:00.000Z","SKU0075","7","2000","14000","14000"
"1733","2026-09-13T05:00:00.000Z","SKU0077","1","2500","2500","2500"
"1757","2026-09-13T05:00:00.000Z","SKU0079","3","500","1500","1500"
"1781","2026-09-13T05:00:00.000Z","SKU0080","4","2800","11200","11200"
"1806","2026-09-13T05:00:00.000Z","SKU0081","5","800","4000","4000"
"1830","2026-09-13T05:00:00.000Z","SKU0082","6","1000","6000","6000"
"1855","2026-09-13T05:00:00.000Z","SKU0083","7","3000","21000","21000"
"1904","2026-09-13T05:00:00.000Z","SKU0085","1","2000","2000","2000"
"1929","2026-09-13T05:00:00.000Z","SKU0086","2","4500","9000","9000"
"1953","2026-09-13T05:00:00.000Z","SKU0087","3","2500","7500","7500"
"1977","2026-09-13T05:00:00.000Z","SKU0088","4","3500","14000","14000"
"2002","2026-09-13T05:00:00.000Z","SKU0089","5","500","2500","2500"
"2026","2026-09-13T05:00:00.000Z","SKU0090","6","2800","16800","16800"
"2075","2026-09-13T05:00:00.000Z","SKU0093","1","3000","3000","3000"
"2100","2026-09-13T05:00:00.000Z","SKU0094","2","1500","3000","3000"
"2124","2026-09-13T05:00:00.000Z","SKU0095","3","2000","6000","6000"
"2148","2026-09-13T05:00:00.000Z","SKU0096","4","4500","18000","18000"
"2173","2026-09-13T05:00:00.000Z","SKU0097","5","2500","12500","12500"
"2197","2026-09-13T05:00:00.000Z","SKU0098","6","3500","21000","21000"
"2222","2026-09-13T05:00:00.000Z","SKU0099","7","500","3500","3500"
"2271","2026-09-13T05:00:00.000Z","SKU0101","1","900","900","900"
"2296","2026-09-13T05:00:00.000Z","SKU0102","2","1100","2200","2200"
"2320","2026-09-13T05:00:00.000Z","SKU0103","3","3100","9300","9300"
"2345","2026-09-13T05:00:00.000Z","SKU0105","5","2100","10500","10500"
"2369","2026-09-13T05:00:00.000Z","SKU0106","6","4600","27600","27600"
"2394","2026-09-13T05:00:00.000Z","SKU0107","7","2600","18200","18200"
"2443","2026-09-13T05:00:00.000Z","SKU0109","1","600","600","600"
"2468","2026-09-13T05:00:00.000Z","SKU0110","2","2900","5800","5800"
"2492","2026-09-13T05:00:00.000Z","SKU0111","3","900","2700","2700"
"2516","2026-09-13T05:00:00.000Z","SKU0112","4","1100","4400","4400"
"2541","2026-09-13T05:00:00.000Z","SKU0113","5","3100","15500","15500"
"2565","2026-09-13T05:00:00.000Z","SKU0114","6","1600","9600","9600"
"2590","2026-09-13T05:00:00.000Z","SKU0115","7","2100","14700","14700"
"2640","2026-09-13T05:00:00.000Z","SKU0118","2","3600","7200","7200"
"2664","2026-09-13T05:00:00.000Z","SKU0119","3","600","1800","1800"
"2688","2026-09-13T05:00:00.000Z","SKU0120","4","2900","11600","11600"
"2713","2026-09-13T05:00:00.000Z","SKU0121","5","900","4500","4500"
"2737","2026-09-13T05:00:00.000Z","SKU0122","6","1100","6600","6600"
"2762","2026-09-13T05:00:00.000Z","SKU0123","7","3100","21700","21700"
"2811","2026-09-13T05:00:00.000Z","SKU0125","1","2100","2100","2100"
"2836","2026-09-13T05:00:00.000Z","SKU0126","2","4600","9200","9200"
"2860","2026-09-13T05:00:00.000Z","SKU0127","3","2600","7800","7800"
"2884","2026-09-13T05:00:00.000Z","SKU0128","4","3600","14400","14400"
"2909","2026-09-13T05:00:00.000Z","SKU0129","5","600","3000","3000"
"2934","2026-09-13T05:00:00.000Z","SKU0131","7","900","6300","6300"
"2983","2026-09-13T05:00:00.000Z","SKU0133","1","3100","3100","3100"
"3008","2026-09-13T05:00:00.000Z","SKU0134","2","1600","3200","3200"
"3032","2026-09-13T05:00:00.000Z","SKU0135","3","2100","6300","6300"
"3056","2026-09-13T05:00:00.000Z","SKU0136","4","4600","18400","18400"
"3081","2026-09-13T05:00:00.000Z","SKU0137","5","2600","13000","13000"
"3105","2026-09-13T05:00:00.000Z","SKU0138","6","3600","21600","21600"
"3130","2026-09-13T05:00:00.000Z","SKU0139","7","600","4200","4200"
"3179","2026-09-13T05:00:00.000Z","SKU0141","1","900","900","900"
"3204","2026-09-13T05:00:00.000Z","SKU0142","2","1100","2200","2200"
"3228","2026-09-13T05:00:00.000Z","SKU0144","4","1600","6400","6400"
"3253","2026-09-13T05:00:00.000Z","SKU0145","5","2100","10500","10500"
"3277","2026-09-13T05:00:00.000Z","SKU0146","6","4600","27600","27600"
"3302","2026-09-13T05:00:00.000Z","SKU0147","7","2600","18200","18200"
"3351","2026-09-13T05:00:00.000Z","SKU0149","1","600","600","600"
"3376","2026-09-13T05:00:00.000Z","SKU0150","2","2900","5800","5800"
"3400","2026-09-13T05:00:00.000Z","SKU0151","3","900","2700","2700"
"3424","2026-09-13T05:00:00.000Z","SKU0152","4","1100","4400","4400"
"3449","2026-09-13T05:00:00.000Z","SKU0153","5","3100","15500","15500"
"3473","2026-09-13T05:00:00.000Z","SKU0154","6","1600","9600","9600"
"3498","2026-09-13T05:00:00.000Z","SKU0155","7","2100","14700","14700"
"3522","2026-09-13T05:00:00.000Z","SKU0157","1","2600","2600","2600"
"3547","2026-09-13T05:00:00.000Z","SKU0158","2","3600","7200","7200"
"3571","2026-09-13T05:00:00.000Z","SKU0159","3","600","1800","1800"
"3595","2026-09-13T05:00:00.000Z","SKU0160","4","2900","11600","11600"
"3620","2026-09-13T05:00:00.000Z","SKU0161","5","900","4500","4500"
"3644","2026-09-13T05:00:00.000Z","SKU0162","6","1100","6600","6600"
"3669","2026-09-13T05:00:00.000Z","SKU0163","7","3100","21700","21700"
"3718","2026-09-13T05:00:00.000Z","SKU0165","1","2100","2100","2100"
"3743","2026-09-13T05:00:00.000Z","SKU0166","2","4600","9200","9200"
"3767","2026-09-13T05:00:00.000Z","SKU0167","3","2600","7800","7800"
"3791","2026-09-13T05:00:00.000Z","SKU0168","4","3600","14400","14400"
"3815","2026-09-13T05:00:00.000Z","SKU0170","6","2900","17400","17400"
"3840","2026-09-13T05:00:00.000Z","SKU0171","7","900","6300","6300"
"3889","2026-09-13T05:00:00.000Z","SKU0173","1","3100","3100","3100"
"3914","2026-09-13T05:00:00.000Z","SKU0174","2","1600","3200","3200"
"3938","2026-09-13T05:00:00.000Z","SKU0175","3","2100","6300","6300"
"3962","2026-09-13T05:00:00.000Z","SKU0176","4","4600","18400","18400"
"3987","2026-09-13T05:00:00.000Z","SKU0177","5","2600","13000","13000"
"4011","2026-09-13T05:00:00.000Z","SKU0178","6","3600","21600","21600"
"4036","2026-09-13T05:00:00.000Z","SKU0179","7","600","4200","4200"
"4085","2026-09-13T05:00:00.000Z","SKU0181","1","900","900","900"
"4109","2026-09-13T05:00:00.000Z","SKU0183","3","3100","9300","9300"
"4133","2026-09-13T05:00:00.000Z","SKU0184","4","1600","6400","6400"
"4158","2026-09-13T05:00:00.000Z","SKU0185","5","2100","10500","10500"
"4182","2026-09-13T05:00:00.000Z","SKU0186","6","4600","27600","27600"
"4207","2026-09-13T05:00:00.000Z","SKU0187","7","2600","18200","18200"
"4256","2026-09-13T05:00:00.000Z","SKU0189","1","600","600","600"
"4281","2026-09-13T05:00:00.000Z","SKU0190","2","2900","5800","5800"
"4305","2026-09-13T05:00:00.000Z","SKU0191","3","900","2700","2700"
"4329","2026-09-13T05:00:00.000Z","SKU0192","4","1100","4400","4400"
"4354","2026-09-13T05:00:00.000Z","SKU0193","5","3100","15500","15500"
"4378","2026-09-13T05:00:00.000Z","SKU0194","6","1600","9600","9600"
"4427","2026-09-13T05:00:00.000Z","SKU0197","1","2600","2600","2600"
"4452","2026-09-13T05:00:00.000Z","SKU0198","2","3600","7200","7200"
"4476","2026-09-13T05:00:00.000Z","SKU0199","3","600","1800","1800"
"4500","2026-09-13T05:00:00.000Z","SKU0200","4","3000","12000","12000"
"4525","2026-09-13T05:00:00.000Z","SKU0201","5","1000","5000","5000"
"4549","2026-09-13T05:00:00.000Z","SKU0202","6","1200","7200","7200"
"4574","2026-09-13T05:00:00.000Z","SKU0203","7","3200","22400","22400"
"4623","2026-09-13T05:00:00.000Z","SKU0205","1","2200","2200","2200"
"4648","2026-09-13T05:00:00.000Z","SKU0206","2","4700","9400","9400"
"4672","2026-09-13T05:00:00.000Z","SKU0207","3","2700","8100","8100"
"4697","2026-09-13T05:00:00.000Z","SKU0209","5","700","3500","3500"
"4721","2026-09-13T05:00:00.000Z","SKU0210","6","3000","18000","18000"
"4746","2026-09-13T05:00:00.000Z","SKU0211","7","1000","7000","7000"
"4795","2026-09-13T05:00:00.000Z","SKU0213","1","3200","3200","3200"
"4820","2026-09-13T05:00:00.000Z","SKU0214","2","1700","3400","3400"
"4844","2026-09-13T05:00:00.000Z","SKU0215","3","2200","6600","6600"
"4868","2026-09-13T05:00:00.000Z","SKU0216","4","4700","18800","18800"
"4893","2026-09-13T05:00:00.000Z","SKU0217","5","2700","13500","13500"
"4917","2026-09-13T05:00:00.000Z","SKU0218","6","3700","22200","22200"
"4942","2026-09-13T05:00:00.000Z","SKU0219","7","700","4900","4900"
"4992","2026-09-13T05:00:00.000Z","SKU0222","2","1200","2400","2400"
"5016","2026-09-13T05:00:00.000Z","SKU0223","3","3200","9600","9600"
"5040","2026-09-13T05:00:00.000Z","SKU0224","4","1700","6800","6800"
"5065","2026-09-13T05:00:00.000Z","SKU0225","5","2200","11000","11000"
"5089","2026-09-13T05:00:00.000Z","SKU0226","6","4700","28200","28200"
"5114","2026-09-13T05:00:00.000Z","SKU0227","7","2700","18900","18900"
"5163","2026-09-13T05:00:00.000Z","SKU0229","1","700","700","700"
"5188","2026-09-13T05:00:00.000Z","SKU0230","2","3000","6000","6000"
"5212","2026-09-13T05:00:00.000Z","SKU0231","3","1000","3000","3000"
"5236","2026-09-13T05:00:00.000Z","SKU0232","4","1200","4800","4800"
"5261","2026-09-13T05:00:00.000Z","SKU0233","5","3200","16000","16000"
"5286","2026-09-13T05:00:00.000Z","SKU0235","7","2200","15400","15400"
"5335","2026-09-13T05:00:00.000Z","SKU0237","1","2700","2700","2700"
"5360","2026-09-13T05:00:00.000Z","SKU0238","2","3700","7400","7400"
"5384","2026-09-13T05:00:00.000Z","SKU0239","3","700","2100","2100"
"5408","2026-09-13T05:00:00.000Z","SKU0240","4","3000","12000","12000"
"5433","2026-09-13T05:00:00.000Z","SKU0241","5","1000","5000","5000"
"5457","2026-09-13T05:00:00.000Z","SKU0242","6","1200","7200","7200"
"5482","2026-09-13T05:00:00.000Z","SKU0243","7","3200","22400","22400"
"5531","2026-09-13T05:00:00.000Z","SKU0245","1","2200","2200","2200"
"5556","2026-09-13T05:00:00.000Z","SKU0246","2","4700","9400","9400"
"5580","2026-09-13T05:00:00.000Z","SKU0248","4","3700","14800","14800"
"5605","2026-09-13T05:00:00.000Z","SKU0249","5","700","3500","3500"
"5629","2026-09-13T05:00:00.000Z","SKU0250","6","3000","18000","18000"
"5654","2026-09-13T05:00:00.000Z","SKU0251","7","1000","7000","7000"
"5703","2026-09-13T05:00:00.000Z","SKU0253","1","3200","3200","3200"
"5728","2026-09-13T05:00:00.000Z","SKU0254","2","1700","3400","3400"
"5752","2026-09-13T05:00:00.000Z","SKU0255","3","2200","6600","6600"
"5776","2026-09-13T05:00:00.000Z","SKU0256","4","4700","18800","18800"
"5801","2026-09-13T05:00:00.000Z","SKU0257","5","2700","13500","13500"
"5825","2026-09-13T05:00:00.000Z","SKU0258","6","3700","22200","22200"
"5850","2026-09-13T05:00:00.000Z","SKU0259","7","700","4900","4900"
"5874","2026-09-13T05:00:00.000Z","SKU0261","1","1000","1000","1000"
"5899","2026-09-13T05:00:00.000Z","SKU0262","2","1200","2400","2400"
"5923","2026-09-13T05:00:00.000Z","SKU0263","3","3200","9600","9600"
"5947","2026-09-13T05:00:00.000Z","SKU0264","4","1700","6800","6800"
"5972","2026-09-13T05:00:00.000Z","SKU0265","5","2200","11000","11000"
"5996","2026-09-13T05:00:00.000Z","SKU0266","6","4700","28200","28200"
"6021","2026-09-13T05:00:00.000Z","SKU0267","7","2700","18900","18900"
"6070","2026-09-13T05:00:00.000Z","SKU0269","1","700","700","700"
"6095","2026-09-13T05:00:00.000Z","SKU0270","2","3000","6000","6000"
"6119","2026-09-13T05:00:00.000Z","SKU0271","3","1000","3000","3000"
"6143","2026-09-13T05:00:00.000Z","SKU0272","4","1200","4800","4800"
"6167","2026-09-13T05:00:00.000Z","SKU0274","6","1700","10200","10200"
"6192","2026-09-13T05:00:00.000Z","SKU0275","7","2200","15400","15400"
"6241","2026-09-13T05:00:00.000Z","SKU0277","1","2700","2700","2700"
"6266","2026-09-13T05:00:00.000Z","SKU0278","2","3700","7400","7400"
"6290","2026-09-13T05:00:00.000Z","SKU0279","3","700","2100","2100"
"6314","2026-09-13T05:00:00.000Z","SKU0280","4","3000","12000","12000"
"6339","2026-09-13T05:00:00.000Z","SKU0281","5","1000","5000","5000"
"6363","2026-09-13T05:00:00.000Z","SKU0282","6","1200","7200","7200"
"6388","2026-09-13T05:00:00.000Z","SKU0283","7","3200","22400","22400"
"6437","2026-09-13T05:00:00.000Z","SKU0285","1","2200","2200","2200"
"6461","2026-09-13T05:00:00.000Z","SKU0287","3","2700","8100","8100"
"6485","2026-09-13T05:00:00.000Z","SKU0288","4","3700","14800","14800"
"6510","2026-09-13T05:00:00.000Z","SKU0289","5","700","3500","3500"
"6534","2026-09-13T05:00:00.000Z","SKU0290","6","3000","18000","18000"
"6559","2026-09-13T05:00:00.000Z","SKU0291","7","1000","7000","7000"
"6608","2026-09-13T05:00:00.000Z","SKU0293","1","3200","3200","3200"
"6633","2026-09-13T05:00:00.000Z","SKU0294","2","1700","3400","3400"
"6657","2026-09-13T05:00:00.000Z","SKU0295","3","2200","6600","6600"
"6681","2026-09-13T05:00:00.000Z","SKU0296","4","4700","18800","18800"
"6706","2026-09-13T05:00:00.000Z","SKU0297","5","2700","13500","13500"
"6730","2026-09-13T05:00:00.000Z","SKU0298","6","3700","22200","22200"
"6779","2026-09-13T05:00:00.000Z","SKU0301","1","1100","1100","1100"
"6804","2026-09-13T05:00:00.000Z","SKU0302","2","1300","2600","2600"
"6828","2026-09-13T05:00:00.000Z","SKU0303","3","3300","9900","9900"
"6852","2026-09-13T05:00:00.000Z","SKU0304","4","1800","7200","7200"
"6877","2026-09-13T05:00:00.000Z","SKU0305","5","2300","11500","11500"
"6901","2026-09-13T05:00:00.000Z","SKU0306","6","4800","28800","28800"
"6926","2026-09-13T05:00:00.000Z","SKU0307","7","2800","19600","19600"
"6975","2026-09-13T05:00:00.000Z","SKU0309","1","800","800","800"
"7000","2026-09-13T05:00:00.000Z","SKU0310","2","3100","6200","6200"
"7024","2026-09-13T05:00:00.000Z","SKU0311","3","1100","3300","3300"
"7049","2026-09-13T05:00:00.000Z","SKU0313","5","3300","16500","16500"
"7073","2026-09-13T05:00:00.000Z","SKU0314","6","1800","10800","10800"
"7098","2026-09-13T05:00:00.000Z","SKU0315","7","2300","16100","16100"
"7147","2026-09-13T05:00:00.000Z","SKU0317","1","2800","2800","2800"
"7172","2026-09-13T05:00:00.000Z","SKU0318","2","3800","7600","7600"
"7196","2026-09-13T05:00:00.000Z","SKU0319","3","800","2400","2400"
"7220","2026-09-13T05:00:00.000Z","SKU0320","4","3100","12400","12400"
"7245","2026-09-13T05:00:00.000Z","SKU0321","5","1100","5500","5500"
"7269","2026-09-13T05:00:00.000Z","SKU0322","6","1300","7800","7800"
"7294","2026-09-13T05:00:00.000Z","SKU0323","7","3300","23100","23100"
"7344","2026-09-13T05:00:00.000Z","SKU0326","2","4800","9600","9600"
"7368","2026-09-13T05:00:00.000Z","SKU0327","3","2800","8400","8400"
"7392","2026-09-13T05:00:00.000Z","SKU0328","4","3800","15200","15200"
"7417","2026-09-13T05:00:00.000Z","SKU0329","5","800","4000","4000"
"7441","2026-09-13T05:00:00.000Z","SKU0330","6","3100","18600","18600"
"7466","2026-09-13T05:00:00.000Z","SKU0331","7","1100","7700","7700"
"7515","2026-09-13T05:00:00.000Z","SKU0333","1","3300","3300","3300"
"7540","2026-09-13T05:00:00.000Z","SKU0334","2","1800","3600","3600"
"7564","2026-09-13T05:00:00.000Z","SKU0335","3","2300","6900","6900"
"7588","2026-09-13T05:00:00.000Z","SKU0336","4","4800","19200","19200"
"7613","2026-09-13T05:00:00.000Z","SKU0337","5","2800","14000","14000"
"7638","2026-09-13T05:00:00.000Z","SKU0339","7","800","5600","5600"
"7687","2026-09-13T05:00:00.000Z","SKU0341","1","1100","1100","1100"
"7712","2026-09-13T05:00:00.000Z","SKU0342","2","1300","2600","2600"
"7736","2026-09-13T05:00:00.000Z","SKU0343","3","3300","9900","9900"
"7760","2026-09-13T05:00:00.000Z","SKU0344","4","1800","7200","7200"
"7785","2026-09-13T05:00:00.000Z","SKU0345","5","2300","11500","11500"
"7809","2026-09-13T05:00:00.000Z","SKU0346","6","4800","28800","28800"
"7834","2026-09-13T05:00:00.000Z","SKU0347","7","2800","19600","19600"
"7883","2026-09-13T05:00:00.000Z","SKU0349","1","800","800","800"
"7908","2026-09-13T05:00:00.000Z","SKU0350","2","3100","6200","6200"
"7932","2026-09-13T05:00:00.000Z","SKU0352","4","1300","5200","5200"
"7957","2026-09-13T05:00:00.000Z","SKU0353","5","3300","16500","16500"
"7981","2026-09-13T05:00:00.000Z","SKU0354","6","1800","10800","10800"
"8006","2026-09-13T05:00:00.000Z","SKU0355","7","2300","16100","16100"
"8055","2026-09-13T05:00:00.000Z","SKU0357","1","2800","2800","2800"
"8080","2026-09-13T05:00:00.000Z","SKU0358","2","3800","7600","7600"
"8104","2026-09-13T05:00:00.000Z","SKU0359","3","800","2400","2400"
"8128","2026-09-13T05:00:00.000Z","SKU0360","4","3100","12400","12400"
"8153","2026-09-13T05:00:00.000Z","SKU0361","5","1100","5500","5500"
"8177","2026-09-13T05:00:00.000Z","SKU0362","6","1300","7800","7800"
"8202","2026-09-13T05:00:00.000Z","SKU0363","7","3300","23100","23100"
"8226","2026-09-13T05:00:00.000Z","SKU0365","1","2300","2300","2300"
"8251","2026-09-13T05:00:00.000Z","SKU0366","2","4800","9600","9600"
"8275","2026-09-13T05:00:00.000Z","SKU0367","3","2800","8400","8400"
"8299","2026-09-13T05:00:00.000Z","SKU0368","4","3800","15200","15200"
"8324","2026-09-13T05:00:00.000Z","SKU0369","5","800","4000","4000"
"8348","2026-09-13T05:00:00.000Z","SKU0370","6","3100","18600","18600"
"8373","2026-09-13T05:00:00.000Z","SKU0371","7","1100","7700","7700"
"8422","2026-09-13T05:00:00.000Z","SKU0373","1","3300","3300","3300"
"8447","2026-09-13T05:00:00.000Z","SKU0374","2","1800","3600","3600"
"8471","2026-09-13T05:00:00.000Z","SKU0375","3","2300","6900","6900"
"8495","2026-09-13T05:00:00.000Z","SKU0376","4","4800","19200","19200"
"8519","2026-09-13T05:00:00.000Z","SKU0378","6","3800","22800","22800"
"8544","2026-09-13T05:00:00.000Z","SKU0379","7","800","5600","5600"
"8593","2026-09-13T05:00:00.000Z","SKU0381","1","1100","1100","1100"
"8618","2026-09-13T05:00:00.000Z","SKU0382","2","1300","2600","2600"
"8642","2026-09-13T05:00:00.000Z","SKU0383","3","3300","9900","9900"
"8666","2026-09-13T05:00:00.000Z","SKU0384","4","1800","7200","7200"
"8691","2026-09-13T05:00:00.000Z","SKU0385","5","2300","11500","11500"
"8715","2026-09-13T05:00:00.000Z","SKU0386","6","4800","28800","28800"
"8740","2026-09-13T05:00:00.000Z","SKU0387","7","2800","19600","19600"
"8789","2026-09-13T05:00:00.000Z","SKU0389","1","800","800","800"
"8813","2026-09-13T05:00:00.000Z","SKU0391","3","1100","3300","3300"
"8837","2026-09-13T05:00:00.000Z","SKU0392","4","1300","5200","5200"
"8862","2026-09-13T05:00:00.000Z","SKU0393","5","3300","16500","16500"
"8886","2026-09-13T05:00:00.000Z","SKU0394","6","1800","10800","10800"
"8911","2026-09-13T05:00:00.000Z","SKU0395","7","2300","16100","16100"
"8960","2026-09-13T05:00:00.000Z","SKU0397","1","2800","2800","2800"
"8985","2026-09-13T05:00:00.000Z","SKU0398","2","3800","7600","7600"
"9009","2026-09-13T05:00:00.000Z","SKU0399","3","800","2400","2400"
"9033","2026-09-13T05:00:00.000Z","SKU0400","4","3200","12800","12800"
"9058","2026-09-13T05:00:00.000Z","SKU0401","5","1200","6000","6000"
"9082","2026-09-13T05:00:00.000Z","SKU0402","6","1400","8400","8400"
"9131","2026-09-13T05:00:00.000Z","SKU0405","1","2400","2400","2400"
"9156","2026-09-13T05:00:00.000Z","SKU0406","2","4900","9800","9800"
"9180","2026-09-13T05:00:00.000Z","SKU0407","3","2900","8700","8700"
"9204","2026-09-13T05:00:00.000Z","SKU0408","4","3900","15600","15600"
"9229","2026-09-13T05:00:00.000Z","SKU0409","5","900","4500","4500"
"9253","2026-09-13T05:00:00.000Z","SKU0410","6","3200","19200","19200"
"9278","2026-09-13T05:00:00.000Z","SKU0411","7","1200","8400","8400"
"9327","2026-09-13T05:00:00.000Z","SKU0413","1","3400","3400","3400"
"9352","2026-09-13T05:00:00.000Z","SKU0414","2","1900","3800","3800"
"9376","2026-09-13T05:00:00.000Z","SKU0415","3","2400","7200","7200"
"9401","2026-09-13T05:00:00.000Z","SKU0417","5","2900","14500","14500"
"9425","2026-09-13T05:00:00.000Z","SKU0418","6","3900","23400","23400"
"9450","2026-09-13T05:00:00.000Z","SKU0419","7","900","6300","6300"
"9499","2026-09-13T05:00:00.000Z","SKU0421","1","1200","1200","1200"
"9524","2026-09-13T05:00:00.000Z","SKU0422","2","1400","2800","2800"
"9548","2026-09-13T05:00:00.000Z","SKU0423","3","3400","10200","10200"
"9572","2026-09-13T05:00:00.000Z","SKU0424","4","1900","7600","7600"
"9597","2026-09-13T05:00:00.000Z","SKU0425","5","2400","12000","12000"
"9621","2026-09-13T05:00:00.000Z","SKU0426","6","4900","29400","29400"
"9646","2026-09-13T05:00:00.000Z","SKU0427","7","2900","20300","20300"
"9696","2026-09-13T05:00:00.000Z","SKU0430","2","3200","6400","6400"
"9720","2026-09-13T05:00:00.000Z","SKU0431","3","1200","3600","3600"
"9744","2026-09-13T05:00:00.000Z","SKU0432","4","1400","5600","5600"
"9769","2026-09-13T05:00:00.000Z","SKU0433","5","3400","17000","17000"
"9793","2026-09-13T05:00:00.000Z","SKU0434","6","1900","11400","11400"
"9818","2026-09-13T05:00:00.000Z","SKU0435","7","2400","16800","16800"
"9867","2026-09-13T05:00:00.000Z","SKU0437","1","2900","2900","2900"
"9892","2026-09-13T05:00:00.000Z","SKU0438","2","3900","7800","7800"
"9916","2026-09-13T05:00:00.000Z","SKU0439","3","900","2700","2700"
"9940","2026-09-13T05:00:00.000Z","SKU0440","4","3200","12800","12800"
"9965","2026-09-13T05:00:00.000Z","SKU0441","5","1200","6000","6000"
"9990","2026-09-13T05:00:00.000Z","SKU0443","7","3400","23800","23800"
"10039","2026-09-13T05:00:00.000Z","SKU0445","1","2400","2400","2400"
"10064","2026-09-13T05:00:00.000Z","SKU0446","2","4900","9800","9800"
"10088","2026-09-13T05:00:00.000Z","SKU0447","3","2900","8700","8700"
"10112","2026-09-13T05:00:00.000Z","SKU0448","4","3900","15600","15600"
"10137","2026-09-13T05:00:00.000Z","SKU0449","5","900","4500","4500"
"10161","2026-09-13T05:00:00.000Z","SKU0450","6","3200","19200","19200"
"10186","2026-09-13T05:00:00.000Z","SKU0451","7","1200","8400","8400"
"10235","2026-09-13T05:00:00.000Z","SKU0453","1","3400","3400","3400"
"10260","2026-09-13T05:00:00.000Z","SKU0454","2","1900","3800","3800"
"10284","2026-09-13T05:00:00.000Z","SKU0456","4","4900","19600","19600"
"10309","2026-09-13T05:00:00.000Z","SKU0457","5","2900","14500","14500"
"10333","2026-09-13T05:00:00.000Z","SKU0458","6","3900","23400","23400"
"10358","2026-09-13T05:00:00.000Z","SKU0459","7","900","6300","6300"
"10407","2026-09-13T05:00:00.000Z","SKU0461","1","1200","1200","1200"
"10432","2026-09-13T05:00:00.000Z","SKU0462","2","1400","2800","2800"
"10456","2026-09-13T05:00:00.000Z","SKU0463","3","3400","10200","10200"
"10480","2026-09-13T05:00:00.000Z","SKU0464","4","1900","7600","7600"
"10505","2026-09-13T05:00:00.000Z","SKU0465","5","2400","12000","12000"
"10529","2026-09-13T05:00:00.000Z","SKU0466","6","4900","29400","29400"
"10554","2026-09-13T05:00:00.000Z","SKU0467","7","2900","20300","20300"
"10578","2026-09-13T05:00:00.000Z","SKU0469","1","900","900","900"
"10603","2026-09-13T05:00:00.000Z","SKU0470","2","3200","6400","6400"
"10627","2026-09-13T05:00:00.000Z","SKU0471","3","1200","3600","3600"
"10651","2026-09-13T05:00:00.000Z","SKU0472","4","1400","5600","5600"
"10676","2026-09-13T05:00:00.000Z","SKU0473","5","3400","17000","17000"
"10700","2026-09-13T05:00:00.000Z","SKU0474","6","1900","11400","11400"
"10725","2026-09-13T05:00:00.000Z","SKU0475","7","2400","16800","16800"
"10774","2026-09-13T05:00:00.000Z","SKU0477","1","2900","2900","2900"
"10799","2026-09-13T05:00:00.000Z","SKU0478","2","3900","7800","7800"
"10823","2026-09-13T05:00:00.000Z","SKU0479","3","900","2700","2700"
"10847","2026-09-13T05:00:00.000Z","SKU0480","4","3200","12800","12800"
"10871","2026-09-13T05:00:00.000Z","SKU0482","6","1400","8400","8400"
"10896","2026-09-13T05:00:00.000Z","SKU0483","7","3400","23800","23800"
"10945","2026-09-13T05:00:00.000Z","SKU0485","1","2400","2400","2400"
"10970","2026-09-13T05:00:00.000Z","SKU0486","2","4900","9800","9800"
"10994","2026-09-13T05:00:00.000Z","SKU0487","3","2900","8700","8700"
"11018","2026-09-13T05:00:00.000Z","SKU0488","4","3900","15600","15600"
"11043","2026-09-13T05:00:00.000Z","SKU0489","5","900","4500","4500"
"11067","2026-09-13T05:00:00.000Z","SKU0490","6","3200","19200","19200"
"11092","2026-09-13T05:00:00.000Z","SKU0491","7","1200","8400","8400"
"11141","2026-09-13T05:00:00.000Z","SKU0493","1","3400","3400","3400"
"11165","2026-09-13T05:00:00.000Z","SKU0495","3","2400","7200","7200"
"11189","2026-09-13T05:00:00.000Z","SKU0496","4","4900","19600","19600"
"11214","2026-09-13T05:00:00.000Z","SKU0497","5","2900","14500","14500"
"11238","2026-09-13T05:00:00.000Z","SKU0498","6","3900","23400","23400"
"11263","2026-09-13T05:00:00.000Z","SKU0499","7","900","6300","6300"
"6","2026-09-14T05:00:00.000Z","SKU0001","4","800","3200","3200"
"34","2026-09-14T05:00:00.000Z","SKU0002","8","1000","8000","8000"
"58","2026-09-14T05:00:00.000Z","SKU0003","1","3000","3000","3000"
"67","2026-09-14T05:00:00.000Z","SKU0004","3","1500","4500","4500"
"92","2026-09-14T05:00:00.000Z","SKU0005","4","2000","8000","8000"
"117","2026-09-14T05:00:00.000Z","SKU0006","5","4500","22500","22500"
"141","2026-09-14T05:00:00.000Z","SKU0007","6","2500","15000","15000"
"165","2026-09-14T05:00:00.000Z","SKU0008","7","3500","24500","24500"
"214","2026-09-14T05:00:00.000Z","SKU0010","1","2800","2800","2800"
"239","2026-09-14T05:00:00.000Z","SKU0011","2","800","1600","1600"
"263","2026-09-14T05:00:00.000Z","SKU0012","3","1000","3000","3000"
"289","2026-09-14T05:00:00.000Z","SKU0014","5","1500","7500","7500"
"313","2026-09-14T05:00:00.000Z","SKU0015","6","2000","12000","12000"
"337","2026-09-14T05:00:00.000Z","SKU0016","7","4500","31500","31500"
"386","2026-09-14T05:00:00.000Z","SKU0018","1","3500","3500","3500"
"411","2026-09-14T05:00:00.000Z","SKU0019","2","500","1000","1000"
"435","2026-09-14T05:00:00.000Z","SKU0020","3","2800","8400","8400"
"460","2026-09-14T05:00:00.000Z","SKU0021","4","800","3200","3200"
"485","2026-09-14T05:00:00.000Z","SKU0022","5","1000","5000","5000"
"509","2026-09-14T05:00:00.000Z","SKU0023","6","3000","18000","18000"
"533","2026-09-14T05:00:00.000Z","SKU0024","7","1500","10500","10500"
"583","2026-09-14T05:00:00.000Z","SKU0027","2","2500","5000","5000"
"607","2026-09-14T05:00:00.000Z","SKU0028","3","3500","10500","10500"
"632","2026-09-14T05:00:00.000Z","SKU0029","4","500","2000","2000"
"657","2026-09-14T05:00:00.000Z","SKU0030","5","2800","14000","14000"
"681","2026-09-14T05:00:00.000Z","SKU0031","6","800","4800","4800"
"705","2026-09-14T05:00:00.000Z","SKU0032","7","1000","7000","7000"
"754","2026-09-14T05:00:00.000Z","SKU0034","1","1500","1500","1500"
"779","2026-09-14T05:00:00.000Z","SKU0035","2","2000","4000","4000"
"803","2026-09-14T05:00:00.000Z","SKU0036","3","4500","13500","13500"
"828","2026-09-14T05:00:00.000Z","SKU0037","4","2500","10000","10000"
"853","2026-09-14T05:00:00.000Z","SKU0038","5","3500","17500","17500"
"877","2026-09-14T05:00:00.000Z","SKU0040","7","2800","19600","19600"
"926","2026-09-14T05:00:00.000Z","SKU0042","1","1000","1000","1000"
"951","2026-09-14T05:00:00.000Z","SKU0043","2","3000","6000","6000"
"975","2026-09-14T05:00:00.000Z","SKU0044","3","1500","4500","4500"
"1000","2026-09-14T05:00:00.000Z","SKU0045","4","2000","8000","8000"
"1025","2026-09-14T05:00:00.000Z","SKU0046","5","4500","22500","22500"
"1049","2026-09-14T05:00:00.000Z","SKU0047","6","2500","15000","15000"
"1073","2026-09-14T05:00:00.000Z","SKU0048","7","3500","24500","24500"
"1122","2026-09-14T05:00:00.000Z","SKU0050","1","2800","2800","2800"
"1147","2026-09-14T05:00:00.000Z","SKU0051","2","800","1600","1600"
"1171","2026-09-14T05:00:00.000Z","SKU0053","4","3000","12000","12000"
"1196","2026-09-14T05:00:00.000Z","SKU0054","5","1500","7500","7500"
"1220","2026-09-14T05:00:00.000Z","SKU0055","6","2000","12000","12000"
"1244","2026-09-14T05:00:00.000Z","SKU0056","7","4500","31500","31500"
"1293","2026-09-14T05:00:00.000Z","SKU0058","1","3500","3500","3500"
"1318","2026-09-14T05:00:00.000Z","SKU0059","2","500","1000","1000"
"1342","2026-09-14T05:00:00.000Z","SKU0060","3","2800","8400","8400"
"1367","2026-09-14T05:00:00.000Z","SKU0061","4","800","3200","3200"
"1392","2026-09-14T05:00:00.000Z","SKU0062","5","1000","5000","5000"
"1416","2026-09-14T05:00:00.000Z","SKU0063","6","3000","18000","18000"
"1440","2026-09-14T05:00:00.000Z","SKU0064","7","1500","10500","10500"
"1464","2026-09-14T05:00:00.000Z","SKU0066","1","4500","4500","4500"
"1489","2026-09-14T05:00:00.000Z","SKU0067","2","2500","5000","5000"
"1513","2026-09-14T05:00:00.000Z","SKU0068","3","3500","10500","10500"
"1538","2026-09-14T05:00:00.000Z","SKU0069","4","500","2000","2000"
"1563","2026-09-14T05:00:00.000Z","SKU0070","5","2800","14000","14000"
"1587","2026-09-14T05:00:00.000Z","SKU0071","6","800","4800","4800"
"1611","2026-09-14T05:00:00.000Z","SKU0072","7","1000","7000","7000"
"1660","2026-09-14T05:00:00.000Z","SKU0074","1","1500","1500","1500"
"1685","2026-09-14T05:00:00.000Z","SKU0075","2","2000","4000","4000"
"1709","2026-09-14T05:00:00.000Z","SKU0076","3","4500","13500","13500"
"1734","2026-09-14T05:00:00.000Z","SKU0077","4","2500","10000","10000"
"1758","2026-09-14T05:00:00.000Z","SKU0079","6","500","3000","3000"
"1782","2026-09-14T05:00:00.000Z","SKU0080","7","2800","19600","19600"
"1831","2026-09-14T05:00:00.000Z","SKU0082","1","1000","1000","1000"
"1856","2026-09-14T05:00:00.000Z","SKU0083","2","3000","6000","6000"
"1880","2026-09-14T05:00:00.000Z","SKU0084","3","1500","4500","4500"
"1905","2026-09-14T05:00:00.000Z","SKU0085","4","2000","8000","8000"
"1930","2026-09-14T05:00:00.000Z","SKU0086","5","4500","22500","22500"
"1954","2026-09-14T05:00:00.000Z","SKU0087","6","2500","15000","15000"
"1978","2026-09-14T05:00:00.000Z","SKU0088","7","3500","24500","24500"
"2027","2026-09-14T05:00:00.000Z","SKU0090","1","2800","2800","2800"
"2051","2026-09-14T05:00:00.000Z","SKU0092","3","1000","3000","3000"
"2076","2026-09-14T05:00:00.000Z","SKU0093","4","3000","12000","12000"
"2101","2026-09-14T05:00:00.000Z","SKU0094","5","1500","7500","7500"
"2125","2026-09-14T05:00:00.000Z","SKU0095","6","2000","12000","12000"
"2149","2026-09-14T05:00:00.000Z","SKU0096","7","4500","31500","31500"
"2198","2026-09-14T05:00:00.000Z","SKU0098","1","3500","3500","3500"
"2223","2026-09-14T05:00:00.000Z","SKU0099","2","500","1000","1000"
"2247","2026-09-14T05:00:00.000Z","SKU0100","3","2900","8700","8700"
"2272","2026-09-14T05:00:00.000Z","SKU0101","4","900","3600","3600"
"2297","2026-09-14T05:00:00.000Z","SKU0102","5","1100","5500","5500"
"2321","2026-09-14T05:00:00.000Z","SKU0103","6","3100","18600","18600"
"2370","2026-09-14T05:00:00.000Z","SKU0106","1","4600","4600","4600"
"2395","2026-09-14T05:00:00.000Z","SKU0107","2","2600","5200","5200"
"2419","2026-09-14T05:00:00.000Z","SKU0108","3","3600","10800","10800"
"2444","2026-09-14T05:00:00.000Z","SKU0109","4","600","2400","2400"
"2469","2026-09-14T05:00:00.000Z","SKU0110","5","2900","14500","14500"
"2493","2026-09-14T05:00:00.000Z","SKU0111","6","900","5400","5400"
"2517","2026-09-14T05:00:00.000Z","SKU0112","7","1100","7700","7700"
"2566","2026-09-14T05:00:00.000Z","SKU0114","1","1600","1600","1600"
"2591","2026-09-14T05:00:00.000Z","SKU0115","2","2100","4200","4200"
"2615","2026-09-14T05:00:00.000Z","SKU0116","3","4600","13800","13800"
"2641","2026-09-14T05:00:00.000Z","SKU0118","5","3600","18000","18000"
"2665","2026-09-14T05:00:00.000Z","SKU0119","6","600","3600","3600"
"2689","2026-09-14T05:00:00.000Z","SKU0120","7","2900","20300","20300"
"2738","2026-09-14T05:00:00.000Z","SKU0122","1","1100","1100","1100"
"2763","2026-09-14T05:00:00.000Z","SKU0123","2","3100","6200","6200"
"2787","2026-09-14T05:00:00.000Z","SKU0124","3","1600","4800","4800"
"2812","2026-09-14T05:00:00.000Z","SKU0125","4","2100","8400","8400"
"2837","2026-09-14T05:00:00.000Z","SKU0126","5","4600","23000","23000"
"2861","2026-09-14T05:00:00.000Z","SKU0127","6","2600","15600","15600"
"2885","2026-09-14T05:00:00.000Z","SKU0128","7","3600","25200","25200"
"2935","2026-09-14T05:00:00.000Z","SKU0131","2","900","1800","1800"
"2959","2026-09-14T05:00:00.000Z","SKU0132","3","1100","3300","3300"
"2984","2026-09-14T05:00:00.000Z","SKU0133","4","3100","12400","12400"
"3009","2026-09-14T05:00:00.000Z","SKU0134","5","1600","8000","8000"
"3033","2026-09-14T05:00:00.000Z","SKU0135","6","2100","12600","12600"
"3057","2026-09-14T05:00:00.000Z","SKU0136","7","4600","32200","32200"
"3106","2026-09-14T05:00:00.000Z","SKU0138","1","3600","3600","3600"
"3131","2026-09-14T05:00:00.000Z","SKU0139","2","600","1200","1200"
"3155","2026-09-14T05:00:00.000Z","SKU0140","3","2900","8700","8700"
"3180","2026-09-14T05:00:00.000Z","SKU0141","4","900","3600","3600"
"3205","2026-09-14T05:00:00.000Z","SKU0142","5","1100","5500","5500"
"3229","2026-09-14T05:00:00.000Z","SKU0144","7","1600","11200","11200"
"3278","2026-09-14T05:00:00.000Z","SKU0146","1","4600","4600","4600"
"3303","2026-09-14T05:00:00.000Z","SKU0147","2","2600","5200","5200"
"3327","2026-09-14T05:00:00.000Z","SKU0148","3","3600","10800","10800"
"3352","2026-09-14T05:00:00.000Z","SKU0149","4","600","2400","2400"
"3377","2026-09-14T05:00:00.000Z","SKU0150","5","2900","14500","14500"
"3401","2026-09-14T05:00:00.000Z","SKU0151","6","900","5400","5400"
"3425","2026-09-14T05:00:00.000Z","SKU0152","7","1100","7700","7700"
"3474","2026-09-14T05:00:00.000Z","SKU0154","1","1600","1600","1600"
"3499","2026-09-14T05:00:00.000Z","SKU0155","2","2100","4200","4200"
"3523","2026-09-14T05:00:00.000Z","SKU0157","4","2600","10400","10400"
"3548","2026-09-14T05:00:00.000Z","SKU0158","5","3600","18000","18000"
"3572","2026-09-14T05:00:00.000Z","SKU0159","6","600","3600","3600"
"3596","2026-09-14T05:00:00.000Z","SKU0160","7","2900","20300","20300"
"3645","2026-09-14T05:00:00.000Z","SKU0162","1","1100","1100","1100"
"3670","2026-09-14T05:00:00.000Z","SKU0163","2","3100","6200","6200"
"3694","2026-09-14T05:00:00.000Z","SKU0164","3","1600","4800","4800"
"3719","2026-09-14T05:00:00.000Z","SKU0165","4","2100","8400","8400"
"3744","2026-09-14T05:00:00.000Z","SKU0166","5","4600","23000","23000"
"3768","2026-09-14T05:00:00.000Z","SKU0167","6","2600","15600","15600"
"3792","2026-09-14T05:00:00.000Z","SKU0168","7","3600","25200","25200"
"3816","2026-09-14T05:00:00.000Z","SKU0170","1","2900","2900","2900"
"3841","2026-09-14T05:00:00.000Z","SKU0171","2","900","1800","1800"
"3865","2026-09-14T05:00:00.000Z","SKU0172","3","1100","3300","3300"
"3890","2026-09-14T05:00:00.000Z","SKU0173","4","3100","12400","12400"
"3915","2026-09-14T05:00:00.000Z","SKU0174","5","1600","8000","8000"
"3939","2026-09-14T05:00:00.000Z","SKU0175","6","2100","12600","12600"
"3963","2026-09-14T05:00:00.000Z","SKU0176","7","4600","32200","32200"
"4012","2026-09-14T05:00:00.000Z","SKU0178","1","3600","3600","3600"
"4037","2026-09-14T05:00:00.000Z","SKU0179","2","600","1200","1200"
"4061","2026-09-14T05:00:00.000Z","SKU0180","3","2900","8700","8700"
"4086","2026-09-14T05:00:00.000Z","SKU0181","4","900","3600","3600"
"4110","2026-09-14T05:00:00.000Z","SKU0183","6","3100","18600","18600"
"4134","2026-09-14T05:00:00.000Z","SKU0184","7","1600","11200","11200"
"4183","2026-09-14T05:00:00.000Z","SKU0186","1","4600","4600","4600"
"4208","2026-09-14T05:00:00.000Z","SKU0187","2","2600","5200","5200"
"4232","2026-09-14T05:00:00.000Z","SKU0188","3","3600","10800","10800"
"4257","2026-09-14T05:00:00.000Z","SKU0189","4","600","2400","2400"
"4282","2026-09-14T05:00:00.000Z","SKU0190","5","2900","14500","14500"
"4306","2026-09-14T05:00:00.000Z","SKU0191","6","900","5400","5400"
"4330","2026-09-14T05:00:00.000Z","SKU0192","7","1100","7700","7700"
"4379","2026-09-14T05:00:00.000Z","SKU0194","1","1600","1600","1600"
"4403","2026-09-14T05:00:00.000Z","SKU0196","3","4600","13800","13800"
"4428","2026-09-14T05:00:00.000Z","SKU0197","4","2600","10400","10400"
"4453","2026-09-14T05:00:00.000Z","SKU0198","5","3600","18000","18000"
"4477","2026-09-14T05:00:00.000Z","SKU0199","6","600","3600","3600"
"4501","2026-09-14T05:00:00.000Z","SKU0200","7","3000","21000","21000"
"4550","2026-09-14T05:00:00.000Z","SKU0202","1","1200","1200","1200"
"4575","2026-09-14T05:00:00.000Z","SKU0203","2","3200","6400","6400"
"4599","2026-09-14T05:00:00.000Z","SKU0204","3","1700","5100","5100"
"4624","2026-09-14T05:00:00.000Z","SKU0205","4","2200","8800","8800"
"4649","2026-09-14T05:00:00.000Z","SKU0206","5","4700","23500","23500"
"4673","2026-09-14T05:00:00.000Z","SKU0207","6","2700","16200","16200"
"4722","2026-09-14T05:00:00.000Z","SKU0210","1","3000","3000","3000"
"4747","2026-09-14T05:00:00.000Z","SKU0211","2","1000","2000","2000"
"4771","2026-09-14T05:00:00.000Z","SKU0212","3","1200","3600","3600"
"4796","2026-09-14T05:00:00.000Z","SKU0213","4","3200","12800","12800"
"4821","2026-09-14T05:00:00.000Z","SKU0214","5","1700","8500","8500"
"4845","2026-09-14T05:00:00.000Z","SKU0215","6","2200","13200","13200"
"4869","2026-09-14T05:00:00.000Z","SKU0216","7","4700","32900","32900"
"4918","2026-09-14T05:00:00.000Z","SKU0218","1","3700","3700","3700"
"4943","2026-09-14T05:00:00.000Z","SKU0219","2","700","1400","1400"
"4967","2026-09-14T05:00:00.000Z","SKU0220","3","3000","9000","9000"
"4993","2026-09-14T05:00:00.000Z","SKU0222","5","1200","6000","6000"
"5017","2026-09-14T05:00:00.000Z","SKU0223","6","3200","19200","19200"
"5041","2026-09-14T05:00:00.000Z","SKU0224","7","1700","11900","11900"
"5090","2026-09-14T05:00:00.000Z","SKU0226","1","4700","4700","4700"
"5115","2026-09-14T05:00:00.000Z","SKU0227","2","2700","5400","5400"
"5139","2026-09-14T05:00:00.000Z","SKU0228","3","3700","11100","11100"
"5164","2026-09-14T05:00:00.000Z","SKU0229","4","700","2800","2800"
"5189","2026-09-14T05:00:00.000Z","SKU0230","5","3000","15000","15000"
"5213","2026-09-14T05:00:00.000Z","SKU0231","6","1000","6000","6000"
"5237","2026-09-14T05:00:00.000Z","SKU0232","7","1200","8400","8400"
"5287","2026-09-14T05:00:00.000Z","SKU0235","2","2200","4400","4400"
"5311","2026-09-14T05:00:00.000Z","SKU0236","3","4700","14100","14100"
"5336","2026-09-14T05:00:00.000Z","SKU0237","4","2700","10800","10800"
"5361","2026-09-14T05:00:00.000Z","SKU0238","5","3700","18500","18500"
"5385","2026-09-14T05:00:00.000Z","SKU0239","6","700","4200","4200"
"5409","2026-09-14T05:00:00.000Z","SKU0240","7","3000","21000","21000"
"5458","2026-09-14T05:00:00.000Z","SKU0242","1","1200","1200","1200"
"5483","2026-09-14T05:00:00.000Z","SKU0243","2","3200","6400","6400"
"5507","2026-09-14T05:00:00.000Z","SKU0244","3","1700","5100","5100"
"5532","2026-09-14T05:00:00.000Z","SKU0245","4","2200","8800","8800"
"5557","2026-09-14T05:00:00.000Z","SKU0246","5","4700","23500","23500"
"5581","2026-09-14T05:00:00.000Z","SKU0248","7","3700","25900","25900"
"5630","2026-09-14T05:00:00.000Z","SKU0250","1","3000","3000","3000"
"5655","2026-09-14T05:00:00.000Z","SKU0251","2","1000","2000","2000"
"5679","2026-09-14T05:00:00.000Z","SKU0252","3","1200","3600","3600"
"5704","2026-09-14T05:00:00.000Z","SKU0253","4","3200","12800","12800"
"5729","2026-09-14T05:00:00.000Z","SKU0254","5","1700","8500","8500"
"5753","2026-09-14T05:00:00.000Z","SKU0255","6","2200","13200","13200"
"5777","2026-09-14T05:00:00.000Z","SKU0256","7","4700","32900","32900"
"5826","2026-09-14T05:00:00.000Z","SKU0258","1","3700","3700","3700"
"5851","2026-09-14T05:00:00.000Z","SKU0259","2","700","1400","1400"
"5875","2026-09-14T05:00:00.000Z","SKU0261","4","1000","4000","4000"
"5900","2026-09-14T05:00:00.000Z","SKU0262","5","1200","6000","6000"
"5924","2026-09-14T05:00:00.000Z","SKU0263","6","3200","19200","19200"
"5948","2026-09-14T05:00:00.000Z","SKU0264","7","1700","11900","11900"
"5997","2026-09-14T05:00:00.000Z","SKU0266","1","4700","4700","4700"
"6022","2026-09-14T05:00:00.000Z","SKU0267","2","2700","5400","5400"
"6046","2026-09-14T05:00:00.000Z","SKU0268","3","3700","11100","11100"
"6071","2026-09-14T05:00:00.000Z","SKU0269","4","700","2800","2800"
"6096","2026-09-14T05:00:00.000Z","SKU0270","5","3000","15000","15000"
"6120","2026-09-14T05:00:00.000Z","SKU0271","6","1000","6000","6000"
"6144","2026-09-14T05:00:00.000Z","SKU0272","7","1200","8400","8400"
"6168","2026-09-14T05:00:00.000Z","SKU0274","1","1700","1700","1700"
"6193","2026-09-14T05:00:00.000Z","SKU0275","2","2200","4400","4400"
"6217","2026-09-14T05:00:00.000Z","SKU0276","3","4700","14100","14100"
"6242","2026-09-14T05:00:00.000Z","SKU0277","4","2700","10800","10800"
"6267","2026-09-14T05:00:00.000Z","SKU0278","5","3700","18500","18500"
"6291","2026-09-14T05:00:00.000Z","SKU0279","6","700","4200","4200"
"6315","2026-09-14T05:00:00.000Z","SKU0280","7","3000","21000","21000"
"6364","2026-09-14T05:00:00.000Z","SKU0282","1","1200","1200","1200"
"6389","2026-09-14T05:00:00.000Z","SKU0283","2","3200","6400","6400"
"6413","2026-09-14T05:00:00.000Z","SKU0284","3","1700","5100","5100"
"6438","2026-09-14T05:00:00.000Z","SKU0285","4","2200","8800","8800"
"6462","2026-09-14T05:00:00.000Z","SKU0287","6","2700","16200","16200"
"6486","2026-09-14T05:00:00.000Z","SKU0288","7","3700","25900","25900"
"6535","2026-09-14T05:00:00.000Z","SKU0290","1","3000","3000","3000"
"6560","2026-09-14T05:00:00.000Z","SKU0291","2","1000","2000","2000"
"6584","2026-09-14T05:00:00.000Z","SKU0292","3","1200","3600","3600"
"6609","2026-09-14T05:00:00.000Z","SKU0293","4","3200","12800","12800"
"6634","2026-09-14T05:00:00.000Z","SKU0294","5","1700","8500","8500"
"6658","2026-09-14T05:00:00.000Z","SKU0295","6","2200","13200","13200"
"6682","2026-09-14T05:00:00.000Z","SKU0296","7","4700","32900","32900"
"6731","2026-09-14T05:00:00.000Z","SKU0298","1","3700","3700","3700"
"6755","2026-09-14T05:00:00.000Z","SKU0300","3","3100","9300","9300"
"6780","2026-09-14T05:00:00.000Z","SKU0301","4","1100","4400","4400"
"6805","2026-09-14T05:00:00.000Z","SKU0302","5","1300","6500","6500"
"6829","2026-09-14T05:00:00.000Z","SKU0303","6","3300","19800","19800"
"6853","2026-09-14T05:00:00.000Z","SKU0304","7","1800","12600","12600"
"6902","2026-09-14T05:00:00.000Z","SKU0306","1","4800","4800","4800"
"6927","2026-09-14T05:00:00.000Z","SKU0307","2","2800","5600","5600"
"6951","2026-09-14T05:00:00.000Z","SKU0308","3","3800","11400","11400"
"6976","2026-09-14T05:00:00.000Z","SKU0309","4","800","3200","3200"
"7001","2026-09-14T05:00:00.000Z","SKU0310","5","3100","15500","15500"
"7025","2026-09-14T05:00:00.000Z","SKU0311","6","1100","6600","6600"
"7074","2026-09-14T05:00:00.000Z","SKU0314","1","1800","1800","1800"
"7099","2026-09-14T05:00:00.000Z","SKU0315","2","2300","4600","4600"
"7123","2026-09-14T05:00:00.000Z","SKU0316","3","4800","14400","14400"
"7148","2026-09-14T05:00:00.000Z","SKU0317","4","2800","11200","11200"
"7173","2026-09-14T05:00:00.000Z","SKU0318","5","3800","19000","19000"
"7197","2026-09-14T05:00:00.000Z","SKU0319","6","800","4800","4800"
"7221","2026-09-14T05:00:00.000Z","SKU0320","7","3100","21700","21700"
"7270","2026-09-14T05:00:00.000Z","SKU0322","1","1300","1300","1300"
"7295","2026-09-14T05:00:00.000Z","SKU0323","2","3300","6600","6600"
"7319","2026-09-14T05:00:00.000Z","SKU0324","3","1800","5400","5400"
"7345","2026-09-14T05:00:00.000Z","SKU0326","5","4800","24000","24000"
"7369","2026-09-14T05:00:00.000Z","SKU0327","6","2800","16800","16800"
"7393","2026-09-14T05:00:00.000Z","SKU0328","7","3800","26600","26600"
"7442","2026-09-14T05:00:00.000Z","SKU0330","1","3100","3100","3100"
"7467","2026-09-14T05:00:00.000Z","SKU0331","2","1100","2200","2200"
"7491","2026-09-14T05:00:00.000Z","SKU0332","3","1300","3900","3900"
"7516","2026-09-14T05:00:00.000Z","SKU0333","4","3300","13200","13200"
"7541","2026-09-14T05:00:00.000Z","SKU0334","5","1800","9000","9000"
"7565","2026-09-14T05:00:00.000Z","SKU0335","6","2300","13800","13800"
"7589","2026-09-14T05:00:00.000Z","SKU0336","7","4800","33600","33600"
"7639","2026-09-14T05:00:00.000Z","SKU0339","2","800","1600","1600"
"7663","2026-09-14T05:00:00.000Z","SKU0340","3","3100","9300","9300"
"7688","2026-09-14T05:00:00.000Z","SKU0341","4","1100","4400","4400"
"7713","2026-09-14T05:00:00.000Z","SKU0342","5","1300","6500","6500"
"7737","2026-09-14T05:00:00.000Z","SKU0343","6","3300","19800","19800"
"7761","2026-09-14T05:00:00.000Z","SKU0344","7","1800","12600","12600"
"7810","2026-09-14T05:00:00.000Z","SKU0346","1","4800","4800","4800"
"7835","2026-09-14T05:00:00.000Z","SKU0347","2","2800","5600","5600"
"7859","2026-09-14T05:00:00.000Z","SKU0348","3","3800","11400","11400"
"7884","2026-09-14T05:00:00.000Z","SKU0349","4","800","3200","3200"
"7909","2026-09-14T05:00:00.000Z","SKU0350","5","3100","15500","15500"
"7933","2026-09-14T05:00:00.000Z","SKU0352","7","1300","9100","9100"
"7982","2026-09-14T05:00:00.000Z","SKU0354","1","1800","1800","1800"
"8007","2026-09-14T05:00:00.000Z","SKU0355","2","2300","4600","4600"
"8031","2026-09-14T05:00:00.000Z","SKU0356","3","4800","14400","14400"
"8056","2026-09-14T05:00:00.000Z","SKU0357","4","2800","11200","11200"
"8081","2026-09-14T05:00:00.000Z","SKU0358","5","3800","19000","19000"
"8105","2026-09-14T05:00:00.000Z","SKU0359","6","800","4800","4800"
"8129","2026-09-14T05:00:00.000Z","SKU0360","7","3100","21700","21700"
"8178","2026-09-14T05:00:00.000Z","SKU0362","1","1300","1300","1300"
"8203","2026-09-14T05:00:00.000Z","SKU0363","2","3300","6600","6600"
"8227","2026-09-14T05:00:00.000Z","SKU0365","4","2300","9200","9200"
"8252","2026-09-14T05:00:00.000Z","SKU0366","5","4800","24000","24000"
"8276","2026-09-14T05:00:00.000Z","SKU0367","6","2800","16800","16800"
"8300","2026-09-14T05:00:00.000Z","SKU0368","7","3800","26600","26600"
"8349","2026-09-14T05:00:00.000Z","SKU0370","1","3100","3100","3100"
"8374","2026-09-14T05:00:00.000Z","SKU0371","2","1100","2200","2200"
"8398","2026-09-14T05:00:00.000Z","SKU0372","3","1300","3900","3900"
"8423","2026-09-14T05:00:00.000Z","SKU0373","4","3300","13200","13200"
"8448","2026-09-14T05:00:00.000Z","SKU0374","5","1800","9000","9000"
"8472","2026-09-14T05:00:00.000Z","SKU0375","6","2300","13800","13800"
"8496","2026-09-14T05:00:00.000Z","SKU0376","7","4800","33600","33600"
"8520","2026-09-14T05:00:00.000Z","SKU0378","1","3800","3800","3800"
"8545","2026-09-14T05:00:00.000Z","SKU0379","2","800","1600","1600"
"8569","2026-09-14T05:00:00.000Z","SKU0380","3","3100","9300","9300"
"8594","2026-09-14T05:00:00.000Z","SKU0381","4","1100","4400","4400"
"8619","2026-09-14T05:00:00.000Z","SKU0382","5","1300","6500","6500"
"8643","2026-09-14T05:00:00.000Z","SKU0383","6","3300","19800","19800"
"8667","2026-09-14T05:00:00.000Z","SKU0384","7","1800","12600","12600"
"8716","2026-09-14T05:00:00.000Z","SKU0386","1","4800","4800","4800"
"8741","2026-09-14T05:00:00.000Z","SKU0387","2","2800","5600","5600"
"8765","2026-09-14T05:00:00.000Z","SKU0388","3","3800","11400","11400"
"8790","2026-09-14T05:00:00.000Z","SKU0389","4","800","3200","3200"
"8814","2026-09-14T05:00:00.000Z","SKU0391","6","1100","6600","6600"
"8838","2026-09-14T05:00:00.000Z","SKU0392","7","1300","9100","9100"
"8887","2026-09-14T05:00:00.000Z","SKU0394","1","1800","1800","1800"
"8912","2026-09-14T05:00:00.000Z","SKU0395","2","2300","4600","4600"
"8936","2026-09-14T05:00:00.000Z","SKU0396","3","4800","14400","14400"
"8961","2026-09-14T05:00:00.000Z","SKU0397","4","2800","11200","11200"
"8986","2026-09-14T05:00:00.000Z","SKU0398","5","3800","19000","19000"
"9010","2026-09-14T05:00:00.000Z","SKU0399","6","800","4800","4800"
"9034","2026-09-14T05:00:00.000Z","SKU0400","7","3200","22400","22400"
"9083","2026-09-14T05:00:00.000Z","SKU0402","1","1400","1400","1400"
"9107","2026-09-14T05:00:00.000Z","SKU0404","3","1900","5700","5700"
"9132","2026-09-14T05:00:00.000Z","SKU0405","4","2400","9600","9600"
"9157","2026-09-14T05:00:00.000Z","SKU0406","5","4900","24500","24500"
"9181","2026-09-14T05:00:00.000Z","SKU0407","6","2900","17400","17400"
"9205","2026-09-14T05:00:00.000Z","SKU0408","7","3900","27300","27300"
"9254","2026-09-14T05:00:00.000Z","SKU0410","1","3200","3200","3200"
"9279","2026-09-14T05:00:00.000Z","SKU0411","2","1200","2400","2400"
"9303","2026-09-14T05:00:00.000Z","SKU0412","3","1400","4200","4200"
"9328","2026-09-14T05:00:00.000Z","SKU0413","4","3400","13600","13600"
"9353","2026-09-14T05:00:00.000Z","SKU0414","5","1900","9500","9500"
"9377","2026-09-14T05:00:00.000Z","SKU0415","6","2400","14400","14400"
"9426","2026-09-14T05:00:00.000Z","SKU0418","1","3900","3900","3900"
"9451","2026-09-14T05:00:00.000Z","SKU0419","2","900","1800","1800"
"9475","2026-09-14T05:00:00.000Z","SKU0420","3","3200","9600","9600"
"9500","2026-09-14T05:00:00.000Z","SKU0421","4","1200","4800","4800"
"9525","2026-09-14T05:00:00.000Z","SKU0422","5","1400","7000","7000"
"9549","2026-09-14T05:00:00.000Z","SKU0423","6","3400","20400","20400"
"9573","2026-09-14T05:00:00.000Z","SKU0424","7","1900","13300","13300"
"9622","2026-09-14T05:00:00.000Z","SKU0426","1","4900","4900","4900"
"9647","2026-09-14T05:00:00.000Z","SKU0427","2","2900","5800","5800"
"9671","2026-09-14T05:00:00.000Z","SKU0428","3","3900","11700","11700"
"9697","2026-09-14T05:00:00.000Z","SKU0430","5","3200","16000","16000"
"9721","2026-09-14T05:00:00.000Z","SKU0431","6","1200","7200","7200"
"9745","2026-09-14T05:00:00.000Z","SKU0432","7","1400","9800","9800"
"9794","2026-09-14T05:00:00.000Z","SKU0434","1","1900","1900","1900"
"9819","2026-09-14T05:00:00.000Z","SKU0435","2","2400","4800","4800"
"9843","2026-09-14T05:00:00.000Z","SKU0436","3","4900","14700","14700"
"9868","2026-09-14T05:00:00.000Z","SKU0437","4","2900","11600","11600"
"9893","2026-09-14T05:00:00.000Z","SKU0438","5","3900","19500","19500"
"9917","2026-09-14T05:00:00.000Z","SKU0439","6","900","5400","5400"
"9941","2026-09-14T05:00:00.000Z","SKU0440","7","3200","22400","22400"
"9991","2026-09-14T05:00:00.000Z","SKU0443","2","3400","6800","6800"
"10015","2026-09-14T05:00:00.000Z","SKU0444","3","1900","5700","5700"
"10040","2026-09-14T05:00:00.000Z","SKU0445","4","2400","9600","9600"
"10065","2026-09-14T05:00:00.000Z","SKU0446","5","4900","24500","24500"
"10089","2026-09-14T05:00:00.000Z","SKU0447","6","2900","17400","17400"
"10113","2026-09-14T05:00:00.000Z","SKU0448","7","3900","27300","27300"
"10162","2026-09-14T05:00:00.000Z","SKU0450","1","3200","3200","3200"
"10187","2026-09-14T05:00:00.000Z","SKU0451","2","1200","2400","2400"
"10211","2026-09-14T05:00:00.000Z","SKU0452","3","1400","4200","4200"
"10236","2026-09-14T05:00:00.000Z","SKU0453","4","3400","13600","13600"
"10261","2026-09-14T05:00:00.000Z","SKU0454","5","1900","9500","9500"
"10285","2026-09-14T05:00:00.000Z","SKU0456","7","4900","34300","34300"
"10334","2026-09-14T05:00:00.000Z","SKU0458","1","3900","3900","3900"
"10359","2026-09-14T05:00:00.000Z","SKU0459","2","900","1800","1800"
"10383","2026-09-14T05:00:00.000Z","SKU0460","3","3200","9600","9600"
"10408","2026-09-14T05:00:00.000Z","SKU0461","4","1200","4800","4800"
"10433","2026-09-14T05:00:00.000Z","SKU0462","5","1400","7000","7000"
"10457","2026-09-14T05:00:00.000Z","SKU0463","6","3400","20400","20400"
"10481","2026-09-14T05:00:00.000Z","SKU0464","7","1900","13300","13300"
"10530","2026-09-14T05:00:00.000Z","SKU0466","1","4900","4900","4900"
"10555","2026-09-14T05:00:00.000Z","SKU0467","2","2900","5800","5800"
"10579","2026-09-14T05:00:00.000Z","SKU0469","4","900","3600","3600"
"10604","2026-09-14T05:00:00.000Z","SKU0470","5","3200","16000","16000"
"10628","2026-09-14T05:00:00.000Z","SKU0471","6","1200","7200","7200"
"10652","2026-09-14T05:00:00.000Z","SKU0472","7","1400","9800","9800"
"10701","2026-09-14T05:00:00.000Z","SKU0474","1","1900","1900","1900"
"10726","2026-09-14T05:00:00.000Z","SKU0475","2","2400","4800","4800"
"10750","2026-09-14T05:00:00.000Z","SKU0476","3","4900","14700","14700"
"10775","2026-09-14T05:00:00.000Z","SKU0477","4","2900","11600","11600"
"10800","2026-09-14T05:00:00.000Z","SKU0478","5","3900","19500","19500"
"10824","2026-09-14T05:00:00.000Z","SKU0479","6","900","5400","5400"
"10848","2026-09-14T05:00:00.000Z","SKU0480","7","3200","22400","22400"
"10872","2026-09-14T05:00:00.000Z","SKU0482","1","1400","1400","1400"
"10897","2026-09-14T05:00:00.000Z","SKU0483","2","3400","6800","6800"
"10921","2026-09-14T05:00:00.000Z","SKU0484","3","1900","5700","5700"
"10946","2026-09-14T05:00:00.000Z","SKU0485","4","2400","9600","9600"
"10971","2026-09-14T05:00:00.000Z","SKU0486","5","4900","24500","24500"
"10995","2026-09-14T05:00:00.000Z","SKU0487","6","2900","17400","17400"
"11019","2026-09-14T05:00:00.000Z","SKU0488","7","3900","27300","27300"
"11068","2026-09-14T05:00:00.000Z","SKU0490","1","3200","3200","3200"
"11093","2026-09-14T05:00:00.000Z","SKU0491","2","1200","2400","2400"
"11117","2026-09-14T05:00:00.000Z","SKU0492","3","1400","4200","4200"
"11142","2026-09-14T05:00:00.000Z","SKU0493","4","3400","13600","13600"
"11166","2026-09-14T05:00:00.000Z","SKU0495","6","2400","14400","14400"
"11190","2026-09-14T05:00:00.000Z","SKU0496","7","4900","34300","34300"
"11239","2026-09-14T05:00:00.000Z","SKU0498","1","3900","3900","3900"
"11264","2026-09-14T05:00:00.000Z","SKU0499","2","900","1800","1800"
"7","2026-09-15T05:00:00.000Z","SKU0001","4","800","3200","3200"
"35","2026-09-15T05:00:00.000Z","SKU0002","8","1000","8000","8000"
"68","2026-09-15T05:00:00.000Z","SKU0004","6","1500","9000","9000"
"93","2026-09-15T05:00:00.000Z","SKU0005","7","2000","14000","14000"
"142","2026-09-15T05:00:00.000Z","SKU0007","1","2500","2500","2500"
"166","2026-09-15T05:00:00.000Z","SKU0008","2","3500","7000","7000"
"190","2026-09-15T05:00:00.000Z","SKU0009","3","500","1500","1500"
"215","2026-09-15T05:00:00.000Z","SKU0010","4","2800","11200","11200"
"240","2026-09-15T05:00:00.000Z","SKU0011","5","800","4000","4000"
"264","2026-09-15T05:00:00.000Z","SKU0012","6","1000","6000","6000"
"314","2026-09-15T05:00:00.000Z","SKU0015","1","2000","2000","2000"
"338","2026-09-15T05:00:00.000Z","SKU0016","2","4500","9000","9000"
"362","2026-09-15T05:00:00.000Z","SKU0017","3","2500","7500","7500"
"387","2026-09-15T05:00:00.000Z","SKU0018","4","3500","14000","14000"
"412","2026-09-15T05:00:00.000Z","SKU0019","5","500","2500","2500"
"436","2026-09-15T05:00:00.000Z","SKU0020","6","2800","16800","16800"
"461","2026-09-15T05:00:00.000Z","SKU0021","7","800","5600","5600"
"510","2026-09-15T05:00:00.000Z","SKU0023","1","3000","3000","3000"
"534","2026-09-15T05:00:00.000Z","SKU0024","2","1500","3000","3000"
"558","2026-09-15T05:00:00.000Z","SKU0025","3","2000","6000","6000"
"584","2026-09-15T05:00:00.000Z","SKU0027","5","2500","12500","12500"
"608","2026-09-15T05:00:00.000Z","SKU0028","6","3500","21000","21000"
"633","2026-09-15T05:00:00.000Z","SKU0029","7","500","3500","3500"
"682","2026-09-15T05:00:00.000Z","SKU0031","1","800","800","800"
"706","2026-09-15T05:00:00.000Z","SKU0032","2","1000","2000","2000"
"730","2026-09-15T05:00:00.000Z","SKU0033","3","3000","9000","9000"
"755","2026-09-15T05:00:00.000Z","SKU0034","4","1500","6000","6000"
"780","2026-09-15T05:00:00.000Z","SKU0035","5","2000","10000","10000"
"804","2026-09-15T05:00:00.000Z","SKU0036","6","4500","27000","27000"
"829","2026-09-15T05:00:00.000Z","SKU0037","7","2500","17500","17500"
"878","2026-09-15T05:00:00.000Z","SKU0040","2","2800","5600","5600"
"902","2026-09-15T05:00:00.000Z","SKU0041","3","800","2400","2400"
"927","2026-09-15T05:00:00.000Z","SKU0042","4","1000","4000","4000"
"952","2026-09-15T05:00:00.000Z","SKU0043","5","3000","15000","15000"
"976","2026-09-15T05:00:00.000Z","SKU0044","6","1500","9000","9000"
"1001","2026-09-15T05:00:00.000Z","SKU0045","7","2000","14000","14000"
"1050","2026-09-15T05:00:00.000Z","SKU0047","1","2500","2500","2500"
"1074","2026-09-15T05:00:00.000Z","SKU0048","2","3500","7000","7000"
"1098","2026-09-15T05:00:00.000Z","SKU0049","3","500","1500","1500"
"1123","2026-09-15T05:00:00.000Z","SKU0050","4","2800","11200","11200"
"1148","2026-09-15T05:00:00.000Z","SKU0051","5","800","4000","4000"
"1172","2026-09-15T05:00:00.000Z","SKU0053","7","3000","21000","21000"
"1221","2026-09-15T05:00:00.000Z","SKU0055","1","2000","2000","2000"
"1245","2026-09-15T05:00:00.000Z","SKU0056","2","4500","9000","9000"
"1269","2026-09-15T05:00:00.000Z","SKU0057","3","2500","7500","7500"
"1294","2026-09-15T05:00:00.000Z","SKU0058","4","3500","14000","14000"
"1319","2026-09-15T05:00:00.000Z","SKU0059","5","500","2500","2500"
"1343","2026-09-15T05:00:00.000Z","SKU0060","6","2800","16800","16800"
"1368","2026-09-15T05:00:00.000Z","SKU0061","7","800","5600","5600"
"1417","2026-09-15T05:00:00.000Z","SKU0063","1","3000","3000","3000"
"1441","2026-09-15T05:00:00.000Z","SKU0064","2","1500","3000","3000"
"1465","2026-09-15T05:00:00.000Z","SKU0066","4","4500","18000","18000"
"1490","2026-09-15T05:00:00.000Z","SKU0067","5","2500","12500","12500"
"1514","2026-09-15T05:00:00.000Z","SKU0068","6","3500","21000","21000"
"1539","2026-09-15T05:00:00.000Z","SKU0069","7","500","3500","3500"
"1588","2026-09-15T05:00:00.000Z","SKU0071","1","800","800","800"
"1612","2026-09-15T05:00:00.000Z","SKU0072","2","1000","2000","2000"
"1636","2026-09-15T05:00:00.000Z","SKU0073","3","3000","9000","9000"
"1661","2026-09-15T05:00:00.000Z","SKU0074","4","1500","6000","6000"
"1686","2026-09-15T05:00:00.000Z","SKU0075","5","2000","10000","10000"
"1710","2026-09-15T05:00:00.000Z","SKU0076","6","4500","27000","27000"
"1735","2026-09-15T05:00:00.000Z","SKU0077","7","2500","17500","17500"
"1759","2026-09-15T05:00:00.000Z","SKU0079","1","500","500","500"
"1783","2026-09-15T05:00:00.000Z","SKU0080","2","2800","5600","5600"
"1807","2026-09-15T05:00:00.000Z","SKU0081","3","800","2400","2400"
"1832","2026-09-15T05:00:00.000Z","SKU0082","4","1000","4000","4000"
"1857","2026-09-15T05:00:00.000Z","SKU0083","5","3000","15000","15000"
"1881","2026-09-15T05:00:00.000Z","SKU0084","6","1500","9000","9000"
"1906","2026-09-15T05:00:00.000Z","SKU0085","7","2000","14000","14000"
"1955","2026-09-15T05:00:00.000Z","SKU0087","1","2500","2500","2500"
"1979","2026-09-15T05:00:00.000Z","SKU0088","2","3500","7000","7000"
"2003","2026-09-15T05:00:00.000Z","SKU0089","3","500","1500","1500"
"2028","2026-09-15T05:00:00.000Z","SKU0090","4","2800","11200","11200"
"2052","2026-09-15T05:00:00.000Z","SKU0092","6","1000","6000","6000"
"2077","2026-09-15T05:00:00.000Z","SKU0093","7","3000","21000","21000"
"2126","2026-09-15T05:00:00.000Z","SKU0095","1","2000","2000","2000"
"2150","2026-09-15T05:00:00.000Z","SKU0096","2","4500","9000","9000"
"2174","2026-09-15T05:00:00.000Z","SKU0097","3","2500","7500","7500"
"2199","2026-09-15T05:00:00.000Z","SKU0098","4","3500","14000","14000"
"2224","2026-09-15T05:00:00.000Z","SKU0099","5","500","2500","2500"
"2248","2026-09-15T05:00:00.000Z","SKU0100","6","2900","17400","17400"
"2273","2026-09-15T05:00:00.000Z","SKU0101","7","900","6300","6300"
"2322","2026-09-15T05:00:00.000Z","SKU0103","1","3100","3100","3100"
"2346","2026-09-15T05:00:00.000Z","SKU0105","3","2100","6300","6300"
"2371","2026-09-15T05:00:00.000Z","SKU0106","4","4600","18400","18400"
"2396","2026-09-15T05:00:00.000Z","SKU0107","5","2600","13000","13000"
"2420","2026-09-15T05:00:00.000Z","SKU0108","6","3600","21600","21600"
"2445","2026-09-15T05:00:00.000Z","SKU0109","7","600","4200","4200"
"2494","2026-09-15T05:00:00.000Z","SKU0111","1","900","900","900"
"2518","2026-09-15T05:00:00.000Z","SKU0112","2","1100","2200","2200"
"2542","2026-09-15T05:00:00.000Z","SKU0113","3","3100","9300","9300"
"2567","2026-09-15T05:00:00.000Z","SKU0114","4","1600","6400","6400"
"2592","2026-09-15T05:00:00.000Z","SKU0115","5","2100","10500","10500"
"2616","2026-09-15T05:00:00.000Z","SKU0116","6","4600","27600","27600"
"2666","2026-09-15T05:00:00.000Z","SKU0119","1","600","600","600"
"2690","2026-09-15T05:00:00.000Z","SKU0120","2","2900","5800","5800"
"2714","2026-09-15T05:00:00.000Z","SKU0121","3","900","2700","2700"
"2739","2026-09-15T05:00:00.000Z","SKU0122","4","1100","4400","4400"
"2764","2026-09-15T05:00:00.000Z","SKU0123","5","3100","15500","15500"
"2788","2026-09-15T05:00:00.000Z","SKU0124","6","1600","9600","9600"
"2813","2026-09-15T05:00:00.000Z","SKU0125","7","2100","14700","14700"
"2862","2026-09-15T05:00:00.000Z","SKU0127","1","2600","2600","2600"
"2886","2026-09-15T05:00:00.000Z","SKU0128","2","3600","7200","7200"
"2910","2026-09-15T05:00:00.000Z","SKU0129","3","600","1800","1800"
"2936","2026-09-15T05:00:00.000Z","SKU0131","5","900","4500","4500"
"2960","2026-09-15T05:00:00.000Z","SKU0132","6","1100","6600","6600"
"2985","2026-09-15T05:00:00.000Z","SKU0133","7","3100","21700","21700"
"3034","2026-09-15T05:00:00.000Z","SKU0135","1","2100","2100","2100"
"3058","2026-09-15T05:00:00.000Z","SKU0136","2","4600","9200","9200"
"3082","2026-09-15T05:00:00.000Z","SKU0137","3","2600","7800","7800"
"3107","2026-09-15T05:00:00.000Z","SKU0138","4","3600","14400","14400"
"3132","2026-09-15T05:00:00.000Z","SKU0139","5","600","3000","3000"
"3156","2026-09-15T05:00:00.000Z","SKU0140","6","2900","17400","17400"
"3181","2026-09-15T05:00:00.000Z","SKU0141","7","900","6300","6300"
"3230","2026-09-15T05:00:00.000Z","SKU0144","2","1600","3200","3200"
"3254","2026-09-15T05:00:00.000Z","SKU0145","3","2100","6300","6300"
"3279","2026-09-15T05:00:00.000Z","SKU0146","4","4600","18400","18400"
"3304","2026-09-15T05:00:00.000Z","SKU0147","5","2600","13000","13000"
"3328","2026-09-15T05:00:00.000Z","SKU0148","6","3600","21600","21600"
"3353","2026-09-15T05:00:00.000Z","SKU0149","7","600","4200","4200"
"3402","2026-09-15T05:00:00.000Z","SKU0151","1","900","900","900"
"3426","2026-09-15T05:00:00.000Z","SKU0152","2","1100","2200","2200"
"3450","2026-09-15T05:00:00.000Z","SKU0153","3","3100","9300","9300"
"3475","2026-09-15T05:00:00.000Z","SKU0154","4","1600","6400","6400"
"3500","2026-09-15T05:00:00.000Z","SKU0155","5","2100","10500","10500"
"3524","2026-09-15T05:00:00.000Z","SKU0157","7","2600","18200","18200"
"3573","2026-09-15T05:00:00.000Z","SKU0159","1","600","600","600"
"3597","2026-09-15T05:00:00.000Z","SKU0160","2","2900","5800","5800"
"3621","2026-09-15T05:00:00.000Z","SKU0161","3","900","2700","2700"
"3646","2026-09-15T05:00:00.000Z","SKU0162","4","1100","4400","4400"
"3671","2026-09-15T05:00:00.000Z","SKU0163","5","3100","15500","15500"
"3695","2026-09-15T05:00:00.000Z","SKU0164","6","1600","9600","9600"
"3720","2026-09-15T05:00:00.000Z","SKU0165","7","2100","14700","14700"
"3769","2026-09-15T05:00:00.000Z","SKU0167","1","2600","2600","2600"
"3793","2026-09-15T05:00:00.000Z","SKU0168","2","3600","7200","7200"
"3817","2026-09-15T05:00:00.000Z","SKU0170","4","2900","11600","11600"
"3842","2026-09-15T05:00:00.000Z","SKU0171","5","900","4500","4500"
"3866","2026-09-15T05:00:00.000Z","SKU0172","6","1100","6600","6600"
"3891","2026-09-15T05:00:00.000Z","SKU0173","7","3100","21700","21700"
"3940","2026-09-15T05:00:00.000Z","SKU0175","1","2100","2100","2100"
"3964","2026-09-15T05:00:00.000Z","SKU0176","2","4600","9200","9200"
"3988","2026-09-15T05:00:00.000Z","SKU0177","3","2600","7800","7800"
"4013","2026-09-15T05:00:00.000Z","SKU0178","4","3600","14400","14400"
"4038","2026-09-15T05:00:00.000Z","SKU0179","5","600","3000","3000"
"4062","2026-09-15T05:00:00.000Z","SKU0180","6","2900","17400","17400"
"4087","2026-09-15T05:00:00.000Z","SKU0181","7","900","6300","6300"
"4111","2026-09-15T05:00:00.000Z","SKU0183","1","3100","3100","3100"
"4135","2026-09-15T05:00:00.000Z","SKU0184","2","1600","3200","3200"
"4159","2026-09-15T05:00:00.000Z","SKU0185","3","2100","6300","6300"
"4184","2026-09-15T05:00:00.000Z","SKU0186","4","4600","18400","18400"
"4209","2026-09-15T05:00:00.000Z","SKU0187","5","2600","13000","13000"
"4233","2026-09-15T05:00:00.000Z","SKU0188","6","3600","21600","21600"
"4258","2026-09-15T05:00:00.000Z","SKU0189","7","600","4200","4200"
"4307","2026-09-15T05:00:00.000Z","SKU0191","1","900","900","900"
"4331","2026-09-15T05:00:00.000Z","SKU0192","2","1100","2200","2200"
"4355","2026-09-15T05:00:00.000Z","SKU0193","3","3100","9300","9300"
"4380","2026-09-15T05:00:00.000Z","SKU0194","4","1600","6400","6400"
"4404","2026-09-15T05:00:00.000Z","SKU0196","6","4600","27600","27600"
"4429","2026-09-15T05:00:00.000Z","SKU0197","7","2600","18200","18200"
"4478","2026-09-15T05:00:00.000Z","SKU0199","1","600","600","600"
"4502","2026-09-15T05:00:00.000Z","SKU0200","2","3000","6000","6000"
"4526","2026-09-15T05:00:00.000Z","SKU0201","3","1000","3000","3000"
"4551","2026-09-15T05:00:00.000Z","SKU0202","4","1200","4800","4800"
"4576","2026-09-15T05:00:00.000Z","SKU0203","5","3200","16000","16000"
"4600","2026-09-15T05:00:00.000Z","SKU0204","6","1700","10200","10200"
"4625","2026-09-15T05:00:00.000Z","SKU0205","7","2200","15400","15400"
"4674","2026-09-15T05:00:00.000Z","SKU0207","1","2700","2700","2700"
"4698","2026-09-15T05:00:00.000Z","SKU0209","3","700","2100","2100"
"4723","2026-09-15T05:00:00.000Z","SKU0210","4","3000","12000","12000"
"4748","2026-09-15T05:00:00.000Z","SKU0211","5","1000","5000","5000"
"4772","2026-09-15T05:00:00.000Z","SKU0212","6","1200","7200","7200"
"4797","2026-09-15T05:00:00.000Z","SKU0213","7","3200","22400","22400"
"4846","2026-09-15T05:00:00.000Z","SKU0215","1","2200","2200","2200"
"4870","2026-09-15T05:00:00.000Z","SKU0216","2","4700","9400","9400"
"4894","2026-09-15T05:00:00.000Z","SKU0217","3","2700","8100","8100"
"4919","2026-09-15T05:00:00.000Z","SKU0218","4","3700","14800","14800"
"4944","2026-09-15T05:00:00.000Z","SKU0219","5","700","3500","3500"
"4968","2026-09-15T05:00:00.000Z","SKU0220","6","3000","18000","18000"
"5018","2026-09-15T05:00:00.000Z","SKU0223","1","3200","3200","3200"
"5042","2026-09-15T05:00:00.000Z","SKU0224","2","1700","3400","3400"
"5066","2026-09-15T05:00:00.000Z","SKU0225","3","2200","6600","6600"
"5091","2026-09-15T05:00:00.000Z","SKU0226","4","4700","18800","18800"
"5116","2026-09-15T05:00:00.000Z","SKU0227","5","2700","13500","13500"
"5140","2026-09-15T05:00:00.000Z","SKU0228","6","3700","22200","22200"
"5165","2026-09-15T05:00:00.000Z","SKU0229","7","700","4900","4900"
"5214","2026-09-15T05:00:00.000Z","SKU0231","1","1000","1000","1000"
"5238","2026-09-15T05:00:00.000Z","SKU0232","2","1200","2400","2400"
"5262","2026-09-15T05:00:00.000Z","SKU0233","3","3200","9600","9600"
"5288","2026-09-15T05:00:00.000Z","SKU0235","5","2200","11000","11000"
"5312","2026-09-15T05:00:00.000Z","SKU0236","6","4700","28200","28200"
"5337","2026-09-15T05:00:00.000Z","SKU0237","7","2700","18900","18900"
"5386","2026-09-15T05:00:00.000Z","SKU0239","1","700","700","700"
"5410","2026-09-15T05:00:00.000Z","SKU0240","2","3000","6000","6000"
"5434","2026-09-15T05:00:00.000Z","SKU0241","3","1000","3000","3000"
"5459","2026-09-15T05:00:00.000Z","SKU0242","4","1200","4800","4800"
"5484","2026-09-15T05:00:00.000Z","SKU0243","5","3200","16000","16000"
"5508","2026-09-15T05:00:00.000Z","SKU0244","6","1700","10200","10200"
"5533","2026-09-15T05:00:00.000Z","SKU0245","7","2200","15400","15400"
"5582","2026-09-15T05:00:00.000Z","SKU0248","2","3700","7400","7400"
"5606","2026-09-15T05:00:00.000Z","SKU0249","3","700","2100","2100"
"5631","2026-09-15T05:00:00.000Z","SKU0250","4","3000","12000","12000"
"5656","2026-09-15T05:00:00.000Z","SKU0251","5","1000","5000","5000"
"5680","2026-09-15T05:00:00.000Z","SKU0252","6","1200","7200","7200"
"5705","2026-09-15T05:00:00.000Z","SKU0253","7","3200","22400","22400"
"5754","2026-09-15T05:00:00.000Z","SKU0255","1","2200","2200","2200"
"5778","2026-09-15T05:00:00.000Z","SKU0256","2","4700","9400","9400"
"5802","2026-09-15T05:00:00.000Z","SKU0257","3","2700","8100","8100"
"5827","2026-09-15T05:00:00.000Z","SKU0258","4","3700","14800","14800"
"5852","2026-09-15T05:00:00.000Z","SKU0259","5","700","3500","3500"
"5876","2026-09-15T05:00:00.000Z","SKU0261","7","1000","7000","7000"
"5925","2026-09-15T05:00:00.000Z","SKU0263","1","3200","3200","3200"
"5949","2026-09-15T05:00:00.000Z","SKU0264","2","1700","3400","3400"
"5973","2026-09-15T05:00:00.000Z","SKU0265","3","2200","6600","6600"
"5998","2026-09-15T05:00:00.000Z","SKU0266","4","4700","18800","18800"
"6023","2026-09-15T05:00:00.000Z","SKU0267","5","2700","13500","13500"
"6047","2026-09-15T05:00:00.000Z","SKU0268","6","3700","22200","22200"
"6072","2026-09-15T05:00:00.000Z","SKU0269","7","700","4900","4900"
"6121","2026-09-15T05:00:00.000Z","SKU0271","1","1000","1000","1000"
"6145","2026-09-15T05:00:00.000Z","SKU0272","2","1200","2400","2400"
"6169","2026-09-15T05:00:00.000Z","SKU0274","4","1700","6800","6800"
"6194","2026-09-15T05:00:00.000Z","SKU0275","5","2200","11000","11000"
"6218","2026-09-15T05:00:00.000Z","SKU0276","6","4700","28200","28200"
"6243","2026-09-15T05:00:00.000Z","SKU0277","7","2700","18900","18900"
"6292","2026-09-15T05:00:00.000Z","SKU0279","1","700","700","700"
"6316","2026-09-15T05:00:00.000Z","SKU0280","2","3000","6000","6000"
"6340","2026-09-15T05:00:00.000Z","SKU0281","3","1000","3000","3000"
"6365","2026-09-15T05:00:00.000Z","SKU0282","4","1200","4800","4800"
"6390","2026-09-15T05:00:00.000Z","SKU0283","5","3200","16000","16000"
"6414","2026-09-15T05:00:00.000Z","SKU0284","6","1700","10200","10200"
"6439","2026-09-15T05:00:00.000Z","SKU0285","7","2200","15400","15400"
"6463","2026-09-15T05:00:00.000Z","SKU0287","1","2700","2700","2700"
"6487","2026-09-15T05:00:00.000Z","SKU0288","2","3700","7400","7400"
"6511","2026-09-15T05:00:00.000Z","SKU0289","3","700","2100","2100"
"6536","2026-09-15T05:00:00.000Z","SKU0290","4","3000","12000","12000"
"6561","2026-09-15T05:00:00.000Z","SKU0291","5","1000","5000","5000"
"6585","2026-09-15T05:00:00.000Z","SKU0292","6","1200","7200","7200"
"6610","2026-09-15T05:00:00.000Z","SKU0293","7","3200","22400","22400"
"6659","2026-09-15T05:00:00.000Z","SKU0295","1","2200","2200","2200"
"6683","2026-09-15T05:00:00.000Z","SKU0296","2","4700","9400","9400"
"6707","2026-09-15T05:00:00.000Z","SKU0297","3","2700","8100","8100"
"6732","2026-09-15T05:00:00.000Z","SKU0298","4","3700","14800","14800"
"6756","2026-09-15T05:00:00.000Z","SKU0300","6","3100","18600","18600"
"6781","2026-09-15T05:00:00.000Z","SKU0301","7","1100","7700","7700"
"6830","2026-09-15T05:00:00.000Z","SKU0303","1","3300","3300","3300"
"6854","2026-09-15T05:00:00.000Z","SKU0304","2","1800","3600","3600"
"6878","2026-09-15T05:00:00.000Z","SKU0305","3","2300","6900","6900"
"6903","2026-09-15T05:00:00.000Z","SKU0306","4","4800","19200","19200"
"6928","2026-09-15T05:00:00.000Z","SKU0307","5","2800","14000","14000"
"6952","2026-09-15T05:00:00.000Z","SKU0308","6","3800","22800","22800"
"6977","2026-09-15T05:00:00.000Z","SKU0309","7","800","5600","5600"
"7026","2026-09-15T05:00:00.000Z","SKU0311","1","1100","1100","1100"
"7050","2026-09-15T05:00:00.000Z","SKU0313","3","3300","9900","9900"
"7075","2026-09-15T05:00:00.000Z","SKU0314","4","1800","7200","7200"
"7100","2026-09-15T05:00:00.000Z","SKU0315","5","2300","11500","11500"
"7124","2026-09-15T05:00:00.000Z","SKU0316","6","4800","28800","28800"
"7149","2026-09-15T05:00:00.000Z","SKU0317","7","2800","19600","19600"
"7198","2026-09-15T05:00:00.000Z","SKU0319","1","800","800","800"
"7222","2026-09-15T05:00:00.000Z","SKU0320","2","3100","6200","6200"
"7246","2026-09-15T05:00:00.000Z","SKU0321","3","1100","3300","3300"
"7271","2026-09-15T05:00:00.000Z","SKU0322","4","1300","5200","5200"
"7296","2026-09-15T05:00:00.000Z","SKU0323","5","3300","16500","16500"
"7320","2026-09-15T05:00:00.000Z","SKU0324","6","1800","10800","10800"
"7370","2026-09-15T05:00:00.000Z","SKU0327","1","2800","2800","2800"
"7394","2026-09-15T05:00:00.000Z","SKU0328","2","3800","7600","7600"
"7418","2026-09-15T05:00:00.000Z","SKU0329","3","800","2400","2400"
"7443","2026-09-15T05:00:00.000Z","SKU0330","4","3100","12400","12400"
"7468","2026-09-15T05:00:00.000Z","SKU0331","5","1100","5500","5500"
"7492","2026-09-15T05:00:00.000Z","SKU0332","6","1300","7800","7800"
"7517","2026-09-15T05:00:00.000Z","SKU0333","7","3300","23100","23100"
"7566","2026-09-15T05:00:00.000Z","SKU0335","1","2300","2300","2300"
"7590","2026-09-15T05:00:00.000Z","SKU0336","2","4800","9600","9600"
"7614","2026-09-15T05:00:00.000Z","SKU0337","3","2800","8400","8400"
"7640","2026-09-15T05:00:00.000Z","SKU0339","5","800","4000","4000"
"7664","2026-09-15T05:00:00.000Z","SKU0340","6","3100","18600","18600"
"7689","2026-09-15T05:00:00.000Z","SKU0341","7","1100","7700","7700"
"7738","2026-09-15T05:00:00.000Z","SKU0343","1","3300","3300","3300"
"7762","2026-09-15T05:00:00.000Z","SKU0344","2","1800","3600","3600"
"7786","2026-09-15T05:00:00.000Z","SKU0345","3","2300","6900","6900"
"7811","2026-09-15T05:00:00.000Z","SKU0346","4","4800","19200","19200"
"7836","2026-09-15T05:00:00.000Z","SKU0347","5","2800","14000","14000"
"7860","2026-09-15T05:00:00.000Z","SKU0348","6","3800","22800","22800"
"7885","2026-09-15T05:00:00.000Z","SKU0349","7","800","5600","5600"
"7934","2026-09-15T05:00:00.000Z","SKU0352","2","1300","2600","2600"
"7958","2026-09-15T05:00:00.000Z","SKU0353","3","3300","9900","9900"
"7983","2026-09-15T05:00:00.000Z","SKU0354","4","1800","7200","7200"
"8008","2026-09-15T05:00:00.000Z","SKU0355","5","2300","11500","11500"
"8032","2026-09-15T05:00:00.000Z","SKU0356","6","4800","28800","28800"
"8057","2026-09-15T05:00:00.000Z","SKU0357","7","2800","19600","19600"
"8106","2026-09-15T05:00:00.000Z","SKU0359","1","800","800","800"
"8130","2026-09-15T05:00:00.000Z","SKU0360","2","3100","6200","6200"
"8154","2026-09-15T05:00:00.000Z","SKU0361","3","1100","3300","3300"
"8179","2026-09-15T05:00:00.000Z","SKU0362","4","1300","5200","5200"
"8204","2026-09-15T05:00:00.000Z","SKU0363","5","3300","16500","16500"
"8228","2026-09-15T05:00:00.000Z","SKU0365","7","2300","16100","16100"
"8277","2026-09-15T05:00:00.000Z","SKU0367","1","2800","2800","2800"
"8301","2026-09-15T05:00:00.000Z","SKU0368","2","3800","7600","7600"
"8325","2026-09-15T05:00:00.000Z","SKU0369","3","800","2400","2400"
"8350","2026-09-15T05:00:00.000Z","SKU0370","4","3100","12400","12400"
"8375","2026-09-15T05:00:00.000Z","SKU0371","5","1100","5500","5500"
"8399","2026-09-15T05:00:00.000Z","SKU0372","6","1300","7800","7800"
"8424","2026-09-15T05:00:00.000Z","SKU0373","7","3300","23100","23100"
"8473","2026-09-15T05:00:00.000Z","SKU0375","1","2300","2300","2300"
"8497","2026-09-15T05:00:00.000Z","SKU0376","2","4800","9600","9600"
"8521","2026-09-15T05:00:00.000Z","SKU0378","4","3800","15200","15200"
"8546","2026-09-15T05:00:00.000Z","SKU0379","5","800","4000","4000"
"8570","2026-09-15T05:00:00.000Z","SKU0380","6","3100","18600","18600"
"8595","2026-09-15T05:00:00.000Z","SKU0381","7","1100","7700","7700"
"8644","2026-09-15T05:00:00.000Z","SKU0383","1","3300","3300","3300"
"8668","2026-09-15T05:00:00.000Z","SKU0384","2","1800","3600","3600"
"8692","2026-09-15T05:00:00.000Z","SKU0385","3","2300","6900","6900"
"8717","2026-09-15T05:00:00.000Z","SKU0386","4","4800","19200","19200"
"8742","2026-09-15T05:00:00.000Z","SKU0387","5","2800","14000","14000"
"8766","2026-09-15T05:00:00.000Z","SKU0388","6","3800","22800","22800"
"8791","2026-09-15T05:00:00.000Z","SKU0389","7","800","5600","5600"
"8815","2026-09-15T05:00:00.000Z","SKU0391","1","1100","1100","1100"
"8839","2026-09-15T05:00:00.000Z","SKU0392","2","1300","2600","2600"
"8863","2026-09-15T05:00:00.000Z","SKU0393","3","3300","9900","9900"
"8888","2026-09-15T05:00:00.000Z","SKU0394","4","1800","7200","7200"
"8913","2026-09-15T05:00:00.000Z","SKU0395","5","2300","11500","11500"
"8937","2026-09-15T05:00:00.000Z","SKU0396","6","4800","28800","28800"
"8962","2026-09-15T05:00:00.000Z","SKU0397","7","2800","19600","19600"
"9011","2026-09-15T05:00:00.000Z","SKU0399","1","800","800","800"
"9035","2026-09-15T05:00:00.000Z","SKU0400","2","3200","6400","6400"
"9059","2026-09-15T05:00:00.000Z","SKU0401","3","1200","3600","3600"
"9084","2026-09-15T05:00:00.000Z","SKU0402","4","1400","5600","5600"
"9108","2026-09-15T05:00:00.000Z","SKU0404","6","1900","11400","11400"
"9133","2026-09-15T05:00:00.000Z","SKU0405","7","2400","16800","16800"
"9182","2026-09-15T05:00:00.000Z","SKU0407","1","2900","2900","2900"
"9206","2026-09-15T05:00:00.000Z","SKU0408","2","3900","7800","7800"
"9230","2026-09-15T05:00:00.000Z","SKU0409","3","900","2700","2700"
"9255","2026-09-15T05:00:00.000Z","SKU0410","4","3200","12800","12800"
"9280","2026-09-15T05:00:00.000Z","SKU0411","5","1200","6000","6000"
"9304","2026-09-15T05:00:00.000Z","SKU0412","6","1400","8400","8400"
"9329","2026-09-15T05:00:00.000Z","SKU0413","7","3400","23800","23800"
"9378","2026-09-15T05:00:00.000Z","SKU0415","1","2400","2400","2400"
"9402","2026-09-15T05:00:00.000Z","SKU0417","3","2900","8700","8700"
"9427","2026-09-15T05:00:00.000Z","SKU0418","4","3900","15600","15600"
"9452","2026-09-15T05:00:00.000Z","SKU0419","5","900","4500","4500"
"9476","2026-09-15T05:00:00.000Z","SKU0420","6","3200","19200","19200"
"9501","2026-09-15T05:00:00.000Z","SKU0421","7","1200","8400","8400"
"9550","2026-09-15T05:00:00.000Z","SKU0423","1","3400","3400","3400"
"9574","2026-09-15T05:00:00.000Z","SKU0424","2","1900","3800","3800"
"9598","2026-09-15T05:00:00.000Z","SKU0425","3","2400","7200","7200"
"9623","2026-09-15T05:00:00.000Z","SKU0426","4","4900","19600","19600"
"9648","2026-09-15T05:00:00.000Z","SKU0427","5","2900","14500","14500"
"9672","2026-09-15T05:00:00.000Z","SKU0428","6","3900","23400","23400"
"9722","2026-09-15T05:00:00.000Z","SKU0431","1","1200","1200","1200"
"9746","2026-09-15T05:00:00.000Z","SKU0432","2","1400","2800","2800"
"9770","2026-09-15T05:00:00.000Z","SKU0433","3","3400","10200","10200"
"9795","2026-09-15T05:00:00.000Z","SKU0434","4","1900","7600","7600"
"9820","2026-09-15T05:00:00.000Z","SKU0435","5","2400","12000","12000"
"9844","2026-09-15T05:00:00.000Z","SKU0436","6","4900","29400","29400"
"9869","2026-09-15T05:00:00.000Z","SKU0437","7","2900","20300","20300"
"9918","2026-09-15T05:00:00.000Z","SKU0439","1","900","900","900"
"9942","2026-09-15T05:00:00.000Z","SKU0440","2","3200","6400","6400"
"9966","2026-09-15T05:00:00.000Z","SKU0441","3","1200","3600","3600"
"9992","2026-09-15T05:00:00.000Z","SKU0443","5","3400","17000","17000"
"10016","2026-09-15T05:00:00.000Z","SKU0444","6","1900","11400","11400"
"10041","2026-09-15T05:00:00.000Z","SKU0445","7","2400","16800","16800"
"10090","2026-09-15T05:00:00.000Z","SKU0447","1","2900","2900","2900"
"10114","2026-09-15T05:00:00.000Z","SKU0448","2","3900","7800","7800"
"10138","2026-09-15T05:00:00.000Z","SKU0449","3","900","2700","2700"
"10163","2026-09-15T05:00:00.000Z","SKU0450","4","3200","12800","12800"
"10188","2026-09-15T05:00:00.000Z","SKU0451","5","1200","6000","6000"
"10212","2026-09-15T05:00:00.000Z","SKU0452","6","1400","8400","8400"
"10237","2026-09-15T05:00:00.000Z","SKU0453","7","3400","23800","23800"
"10286","2026-09-15T05:00:00.000Z","SKU0456","2","4900","9800","9800"
"10310","2026-09-15T05:00:00.000Z","SKU0457","3","2900","8700","8700"
"10335","2026-09-15T05:00:00.000Z","SKU0458","4","3900","15600","15600"
"10360","2026-09-15T05:00:00.000Z","SKU0459","5","900","4500","4500"
"10384","2026-09-15T05:00:00.000Z","SKU0460","6","3200","19200","19200"
"10409","2026-09-15T05:00:00.000Z","SKU0461","7","1200","8400","8400"
"10458","2026-09-15T05:00:00.000Z","SKU0463","1","3400","3400","3400"
"10482","2026-09-15T05:00:00.000Z","SKU0464","2","1900","3800","3800"
"10506","2026-09-15T05:00:00.000Z","SKU0465","3","2400","7200","7200"
"10531","2026-09-15T05:00:00.000Z","SKU0466","4","4900","19600","19600"
"10556","2026-09-15T05:00:00.000Z","SKU0467","5","2900","14500","14500"
"10580","2026-09-15T05:00:00.000Z","SKU0469","7","900","6300","6300"
"10629","2026-09-15T05:00:00.000Z","SKU0471","1","1200","1200","1200"
"10653","2026-09-15T05:00:00.000Z","SKU0472","2","1400","2800","2800"
"10677","2026-09-15T05:00:00.000Z","SKU0473","3","3400","10200","10200"
"10702","2026-09-15T05:00:00.000Z","SKU0474","4","1900","7600","7600"
"10727","2026-09-15T05:00:00.000Z","SKU0475","5","2400","12000","12000"
"10751","2026-09-15T05:00:00.000Z","SKU0476","6","4900","29400","29400"
"10776","2026-09-15T05:00:00.000Z","SKU0477","7","2900","20300","20300"
"10825","2026-09-15T05:00:00.000Z","SKU0479","1","900","900","900"
"10849","2026-09-15T05:00:00.000Z","SKU0480","2","3200","6400","6400"
"10873","2026-09-15T05:00:00.000Z","SKU0482","4","1400","5600","5600"
"10898","2026-09-15T05:00:00.000Z","SKU0483","5","3400","17000","17000"
"10922","2026-09-15T05:00:00.000Z","SKU0484","6","1900","11400","11400"
"10947","2026-09-15T05:00:00.000Z","SKU0485","7","2400","16800","16800"
"10996","2026-09-15T05:00:00.000Z","SKU0487","1","2900","2900","2900"
"11020","2026-09-15T05:00:00.000Z","SKU0488","2","3900","7800","7800"
"11044","2026-09-15T05:00:00.000Z","SKU0489","3","900","2700","2700"
"11069","2026-09-15T05:00:00.000Z","SKU0490","4","3200","12800","12800"
"11094","2026-09-15T05:00:00.000Z","SKU0491","5","1200","6000","6000"
"11118","2026-09-15T05:00:00.000Z","SKU0492","6","1400","8400","8400"
"11143","2026-09-15T05:00:00.000Z","SKU0493","7","3400","23800","23800"
"11167","2026-09-15T05:00:00.000Z","SKU0495","1","2400","2400","2400"
"11191","2026-09-15T05:00:00.000Z","SKU0496","2","4900","9800","9800"
"11215","2026-09-15T05:00:00.000Z","SKU0497","3","2900","8700","8700"
"11240","2026-09-15T05:00:00.000Z","SKU0498","4","3900","15600","15600"
"11265","2026-09-15T05:00:00.000Z","SKU0499","5","900","4500","4500"
"8","2026-09-16T05:00:00.000Z","SKU0001","4","800","3200","3200"
"36","2026-09-16T05:00:00.000Z","SKU0002","8","1000","8000","8000"
"69","2026-09-16T05:00:00.000Z","SKU0004","1","1500","1500","1500"
"94","2026-09-16T05:00:00.000Z","SKU0005","2","2000","4000","4000"
"118","2026-09-16T05:00:00.000Z","SKU0006","3","4500","13500","13500"
"143","2026-09-16T05:00:00.000Z","SKU0007","4","2500","10000","10000"
"167","2026-09-16T05:00:00.000Z","SKU0008","5","3500","17500","17500"
"191","2026-09-16T05:00:00.000Z","SKU0009","6","500","3000","3000"
"216","2026-09-16T05:00:00.000Z","SKU0010","7","2800","19600","19600"
"265","2026-09-16T05:00:00.000Z","SKU0012","1","1000","1000","1000"
"290","2026-09-16T05:00:00.000Z","SKU0014","3","1500","4500","4500"
"315","2026-09-16T05:00:00.000Z","SKU0015","4","2000","8000","8000"
"339","2026-09-16T05:00:00.000Z","SKU0016","5","4500","22500","22500"
"363","2026-09-16T05:00:00.000Z","SKU0017","6","2500","15000","15000"
"388","2026-09-16T05:00:00.000Z","SKU0018","7","3500","24500","24500"
"437","2026-09-16T05:00:00.000Z","SKU0020","1","2800","2800","2800"
"462","2026-09-16T05:00:00.000Z","SKU0021","2","800","1600","1600"
"486","2026-09-16T05:00:00.000Z","SKU0022","3","1000","3000","3000"
"511","2026-09-16T05:00:00.000Z","SKU0023","4","3000","12000","12000"
"535","2026-09-16T05:00:00.000Z","SKU0024","5","1500","7500","7500"
"559","2026-09-16T05:00:00.000Z","SKU0025","6","2000","12000","12000"
"609","2026-09-16T05:00:00.000Z","SKU0028","1","3500","3500","3500"
"634","2026-09-16T05:00:00.000Z","SKU0029","2","500","1000","1000"
"658","2026-09-16T05:00:00.000Z","SKU0030","3","2800","8400","8400"
"683","2026-09-16T05:00:00.000Z","SKU0031","4","800","3200","3200"
"707","2026-09-16T05:00:00.000Z","SKU0032","5","1000","5000","5000"
"731","2026-09-16T05:00:00.000Z","SKU0033","6","3000","18000","18000"
"756","2026-09-16T05:00:00.000Z","SKU0034","7","1500","10500","10500"
"805","2026-09-16T05:00:00.000Z","SKU0036","1","4500","4500","4500"
"830","2026-09-16T05:00:00.000Z","SKU0037","2","2500","5000","5000"
"854","2026-09-16T05:00:00.000Z","SKU0038","3","3500","10500","10500"
"879","2026-09-16T05:00:00.000Z","SKU0040","5","2800","14000","14000"
"903","2026-09-16T05:00:00.000Z","SKU0041","6","800","4800","4800"
"928","2026-09-16T05:00:00.000Z","SKU0042","7","1000","7000","7000"
"977","2026-09-16T05:00:00.000Z","SKU0044","1","1500","1500","1500"
"1002","2026-09-16T05:00:00.000Z","SKU0045","2","2000","4000","4000"
"1026","2026-09-16T05:00:00.000Z","SKU0046","3","4500","13500","13500"
"1051","2026-09-16T05:00:00.000Z","SKU0047","4","2500","10000","10000"
"1075","2026-09-16T05:00:00.000Z","SKU0048","5","3500","17500","17500"
"1099","2026-09-16T05:00:00.000Z","SKU0049","6","500","3000","3000"
"1124","2026-09-16T05:00:00.000Z","SKU0050","7","2800","19600","19600"
"1173","2026-09-16T05:00:00.000Z","SKU0053","2","3000","6000","6000"
"1197","2026-09-16T05:00:00.000Z","SKU0054","3","1500","4500","4500"
"1222","2026-09-16T05:00:00.000Z","SKU0055","4","2000","8000","8000"
"1246","2026-09-16T05:00:00.000Z","SKU0056","5","4500","22500","22500"
"1270","2026-09-16T05:00:00.000Z","SKU0057","6","2500","15000","15000"
"1295","2026-09-16T05:00:00.000Z","SKU0058","7","3500","24500","24500"
"1344","2026-09-16T05:00:00.000Z","SKU0060","1","2800","2800","2800"
"1369","2026-09-16T05:00:00.000Z","SKU0061","2","800","1600","1600"
"1393","2026-09-16T05:00:00.000Z","SKU0062","3","1000","3000","3000"
"1418","2026-09-16T05:00:00.000Z","SKU0063","4","3000","12000","12000"
"1442","2026-09-16T05:00:00.000Z","SKU0064","5","1500","7500","7500"
"1466","2026-09-16T05:00:00.000Z","SKU0066","7","4500","31500","31500"
"1515","2026-09-16T05:00:00.000Z","SKU0068","1","3500","3500","3500"
"1540","2026-09-16T05:00:00.000Z","SKU0069","2","500","1000","1000"
"1564","2026-09-16T05:00:00.000Z","SKU0070","3","2800","8400","8400"
"1589","2026-09-16T05:00:00.000Z","SKU0071","4","800","3200","3200"
"1613","2026-09-16T05:00:00.000Z","SKU0072","5","1000","5000","5000"
"1637","2026-09-16T05:00:00.000Z","SKU0073","6","3000","18000","18000"
"1662","2026-09-16T05:00:00.000Z","SKU0074","7","1500","10500","10500"
"1711","2026-09-16T05:00:00.000Z","SKU0076","1","4500","4500","4500"
"1736","2026-09-16T05:00:00.000Z","SKU0077","2","2500","5000","5000"
"1760","2026-09-16T05:00:00.000Z","SKU0079","4","500","2000","2000"
"1784","2026-09-16T05:00:00.000Z","SKU0080","5","2800","14000","14000"
"1808","2026-09-16T05:00:00.000Z","SKU0081","6","800","4800","4800"
"1833","2026-09-16T05:00:00.000Z","SKU0082","7","1000","7000","7000"
"1882","2026-09-16T05:00:00.000Z","SKU0084","1","1500","1500","1500"
"1907","2026-09-16T05:00:00.000Z","SKU0085","2","2000","4000","4000"
"1931","2026-09-16T05:00:00.000Z","SKU0086","3","4500","13500","13500"
"1956","2026-09-16T05:00:00.000Z","SKU0087","4","2500","10000","10000"
"1980","2026-09-16T05:00:00.000Z","SKU0088","5","3500","17500","17500"
"2004","2026-09-16T05:00:00.000Z","SKU0089","6","500","3000","3000"
"2029","2026-09-16T05:00:00.000Z","SKU0090","7","2800","19600","19600"
"2053","2026-09-16T05:00:00.000Z","SKU0092","1","1000","1000","1000"
"2078","2026-09-16T05:00:00.000Z","SKU0093","2","3000","6000","6000"
"2102","2026-09-16T05:00:00.000Z","SKU0094","3","1500","4500","4500"
"2127","2026-09-16T05:00:00.000Z","SKU0095","4","2000","8000","8000"
"2151","2026-09-16T05:00:00.000Z","SKU0096","5","4500","22500","22500"
"2175","2026-09-16T05:00:00.000Z","SKU0097","6","2500","15000","15000"
"2200","2026-09-16T05:00:00.000Z","SKU0098","7","3500","24500","24500"
"2249","2026-09-16T05:00:00.000Z","SKU0100","1","2900","2900","2900"
"2274","2026-09-16T05:00:00.000Z","SKU0101","2","900","1800","1800"
"2298","2026-09-16T05:00:00.000Z","SKU0102","3","1100","3300","3300"
"2323","2026-09-16T05:00:00.000Z","SKU0103","4","3100","12400","12400"
"2347","2026-09-16T05:00:00.000Z","SKU0105","6","2100","12600","12600"
"2372","2026-09-16T05:00:00.000Z","SKU0106","7","4600","32200","32200"
"2421","2026-09-16T05:00:00.000Z","SKU0108","1","3600","3600","3600"
"2446","2026-09-16T05:00:00.000Z","SKU0109","2","600","1200","1200"
"2470","2026-09-16T05:00:00.000Z","SKU0110","3","2900","8700","8700"
"2495","2026-09-16T05:00:00.000Z","SKU0111","4","900","3600","3600"
"2519","2026-09-16T05:00:00.000Z","SKU0112","5","1100","5500","5500"
"2543","2026-09-16T05:00:00.000Z","SKU0113","6","3100","18600","18600"
"2568","2026-09-16T05:00:00.000Z","SKU0114","7","1600","11200","11200"
"2617","2026-09-16T05:00:00.000Z","SKU0116","1","4600","4600","4600"
"2642","2026-09-16T05:00:00.000Z","SKU0118","3","3600","10800","10800"
"2667","2026-09-16T05:00:00.000Z","SKU0119","4","600","2400","2400"
"2691","2026-09-16T05:00:00.000Z","SKU0120","5","2900","14500","14500"
"2715","2026-09-16T05:00:00.000Z","SKU0121","6","900","5400","5400"
"2740","2026-09-16T05:00:00.000Z","SKU0122","7","1100","7700","7700"
"2789","2026-09-16T05:00:00.000Z","SKU0124","1","1600","1600","1600"
"2814","2026-09-16T05:00:00.000Z","SKU0125","2","2100","4200","4200"
"2838","2026-09-16T05:00:00.000Z","SKU0126","3","4600","13800","13800"
"2863","2026-09-16T05:00:00.000Z","SKU0127","4","2600","10400","10400"
"2887","2026-09-16T05:00:00.000Z","SKU0128","5","3600","18000","18000"
"2911","2026-09-16T05:00:00.000Z","SKU0129","6","600","3600","3600"
"2961","2026-09-16T05:00:00.000Z","SKU0132","1","1100","1100","1100"
"2986","2026-09-16T05:00:00.000Z","SKU0133","2","3100","6200","6200"
"3010","2026-09-16T05:00:00.000Z","SKU0134","3","1600","4800","4800"
"3035","2026-09-16T05:00:00.000Z","SKU0135","4","2100","8400","8400"
"3059","2026-09-16T05:00:00.000Z","SKU0136","5","4600","23000","23000"
"3083","2026-09-16T05:00:00.000Z","SKU0137","6","2600","15600","15600"
"3108","2026-09-16T05:00:00.000Z","SKU0138","7","3600","25200","25200"
"3157","2026-09-16T05:00:00.000Z","SKU0140","1","2900","2900","2900"
"3182","2026-09-16T05:00:00.000Z","SKU0141","2","900","1800","1800"
"3206","2026-09-16T05:00:00.000Z","SKU0142","3","1100","3300","3300"
"3231","2026-09-16T05:00:00.000Z","SKU0144","5","1600","8000","8000"
"3255","2026-09-16T05:00:00.000Z","SKU0145","6","2100","12600","12600"
"3280","2026-09-16T05:00:00.000Z","SKU0146","7","4600","32200","32200"
"3329","2026-09-16T05:00:00.000Z","SKU0148","1","3600","3600","3600"
"3354","2026-09-16T05:00:00.000Z","SKU0149","2","600","1200","1200"
"3378","2026-09-16T05:00:00.000Z","SKU0150","3","2900","8700","8700"
"3403","2026-09-16T05:00:00.000Z","SKU0151","4","900","3600","3600"
"3427","2026-09-16T05:00:00.000Z","SKU0152","5","1100","5500","5500"
"3451","2026-09-16T05:00:00.000Z","SKU0153","6","3100","18600","18600"
"3476","2026-09-16T05:00:00.000Z","SKU0154","7","1600","11200","11200"
"3525","2026-09-16T05:00:00.000Z","SKU0157","2","2600","5200","5200"
"3549","2026-09-16T05:00:00.000Z","SKU0158","3","3600","10800","10800"
"3574","2026-09-16T05:00:00.000Z","SKU0159","4","600","2400","2400"
"3598","2026-09-16T05:00:00.000Z","SKU0160","5","2900","14500","14500"
"3622","2026-09-16T05:00:00.000Z","SKU0161","6","900","5400","5400"
"3647","2026-09-16T05:00:00.000Z","SKU0162","7","1100","7700","7700"
"3696","2026-09-16T05:00:00.000Z","SKU0164","1","1600","1600","1600"
"3721","2026-09-16T05:00:00.000Z","SKU0165","2","2100","4200","4200"
"3745","2026-09-16T05:00:00.000Z","SKU0166","3","4600","13800","13800"
"3770","2026-09-16T05:00:00.000Z","SKU0167","4","2600","10400","10400"
"3794","2026-09-16T05:00:00.000Z","SKU0168","5","3600","18000","18000"
"3818","2026-09-16T05:00:00.000Z","SKU0170","7","2900","20300","20300"
"3867","2026-09-16T05:00:00.000Z","SKU0172","1","1100","1100","1100"
"3892","2026-09-16T05:00:00.000Z","SKU0173","2","3100","6200","6200"
"3916","2026-09-16T05:00:00.000Z","SKU0174","3","1600","4800","4800"
"3941","2026-09-16T05:00:00.000Z","SKU0175","4","2100","8400","8400"
"3965","2026-09-16T05:00:00.000Z","SKU0176","5","4600","23000","23000"
"3989","2026-09-16T05:00:00.000Z","SKU0177","6","2600","15600","15600"
"4014","2026-09-16T05:00:00.000Z","SKU0178","7","3600","25200","25200"
"4063","2026-09-16T05:00:00.000Z","SKU0180","1","2900","2900","2900"
"4088","2026-09-16T05:00:00.000Z","SKU0181","2","900","1800","1800"
"4112","2026-09-16T05:00:00.000Z","SKU0183","4","3100","12400","12400"
"4136","2026-09-16T05:00:00.000Z","SKU0184","5","1600","8000","8000"
"4160","2026-09-16T05:00:00.000Z","SKU0185","6","2100","12600","12600"
"4185","2026-09-16T05:00:00.000Z","SKU0186","7","4600","32200","32200"
"4234","2026-09-16T05:00:00.000Z","SKU0188","1","3600","3600","3600"
"4259","2026-09-16T05:00:00.000Z","SKU0189","2","600","1200","1200"
"4283","2026-09-16T05:00:00.000Z","SKU0190","3","2900","8700","8700"
"4308","2026-09-16T05:00:00.000Z","SKU0191","4","900","3600","3600"
"4332","2026-09-16T05:00:00.000Z","SKU0192","5","1100","5500","5500"
"4356","2026-09-16T05:00:00.000Z","SKU0193","6","3100","18600","18600"
"4381","2026-09-16T05:00:00.000Z","SKU0194","7","1600","11200","11200"
"4405","2026-09-16T05:00:00.000Z","SKU0196","1","4600","4600","4600"
"4430","2026-09-16T05:00:00.000Z","SKU0197","2","2600","5200","5200"
"4454","2026-09-16T05:00:00.000Z","SKU0198","3","3600","10800","10800"
"4479","2026-09-16T05:00:00.000Z","SKU0199","4","600","2400","2400"
"4503","2026-09-16T05:00:00.000Z","SKU0200","5","3000","15000","15000"
"4527","2026-09-16T05:00:00.000Z","SKU0201","6","1000","6000","6000"
"4552","2026-09-16T05:00:00.000Z","SKU0202","7","1200","8400","8400"
"4601","2026-09-16T05:00:00.000Z","SKU0204","1","1700","1700","1700"
"4626","2026-09-16T05:00:00.000Z","SKU0205","2","2200","4400","4400"
"4650","2026-09-16T05:00:00.000Z","SKU0206","3","4700","14100","14100"
"4675","2026-09-16T05:00:00.000Z","SKU0207","4","2700","10800","10800"
"4699","2026-09-16T05:00:00.000Z","SKU0209","6","700","4200","4200"
"4724","2026-09-16T05:00:00.000Z","SKU0210","7","3000","21000","21000"
"4773","2026-09-16T05:00:00.000Z","SKU0212","1","1200","1200","1200"
"4798","2026-09-16T05:00:00.000Z","SKU0213","2","3200","6400","6400"
"4822","2026-09-16T05:00:00.000Z","SKU0214","3","1700","5100","5100"
"4847","2026-09-16T05:00:00.000Z","SKU0215","4","2200","8800","8800"
"4871","2026-09-16T05:00:00.000Z","SKU0216","5","4700","23500","23500"
"4895","2026-09-16T05:00:00.000Z","SKU0217","6","2700","16200","16200"
"4920","2026-09-16T05:00:00.000Z","SKU0218","7","3700","25900","25900"
"4969","2026-09-16T05:00:00.000Z","SKU0220","1","3000","3000","3000"
"4994","2026-09-16T05:00:00.000Z","SKU0222","3","1200","3600","3600"
"5019","2026-09-16T05:00:00.000Z","SKU0223","4","3200","12800","12800"
"5043","2026-09-16T05:00:00.000Z","SKU0224","5","1700","8500","8500"
"5067","2026-09-16T05:00:00.000Z","SKU0225","6","2200","13200","13200"
"5092","2026-09-16T05:00:00.000Z","SKU0226","7","4700","32900","32900"
"5141","2026-09-16T05:00:00.000Z","SKU0228","1","3700","3700","3700"
"5166","2026-09-16T05:00:00.000Z","SKU0229","2","700","1400","1400"
"5190","2026-09-16T05:00:00.000Z","SKU0230","3","3000","9000","9000"
"5215","2026-09-16T05:00:00.000Z","SKU0231","4","1000","4000","4000"
"5239","2026-09-16T05:00:00.000Z","SKU0232","5","1200","6000","6000"
"5263","2026-09-16T05:00:00.000Z","SKU0233","6","3200","19200","19200"
"5313","2026-09-16T05:00:00.000Z","SKU0236","1","4700","4700","4700"
"5338","2026-09-16T05:00:00.000Z","SKU0237","2","2700","5400","5400"
"5362","2026-09-16T05:00:00.000Z","SKU0238","3","3700","11100","11100"
"5387","2026-09-16T05:00:00.000Z","SKU0239","4","700","2800","2800"
"5411","2026-09-16T05:00:00.000Z","SKU0240","5","3000","15000","15000"
"5435","2026-09-16T05:00:00.000Z","SKU0241","6","1000","6000","6000"
"5460","2026-09-16T05:00:00.000Z","SKU0242","7","1200","8400","8400"
"5509","2026-09-16T05:00:00.000Z","SKU0244","1","1700","1700","1700"
"5534","2026-09-16T05:00:00.000Z","SKU0245","2","2200","4400","4400"
"5558","2026-09-16T05:00:00.000Z","SKU0246","3","4700","14100","14100"
"5583","2026-09-16T05:00:00.000Z","SKU0248","5","3700","18500","18500"
"5607","2026-09-16T05:00:00.000Z","SKU0249","6","700","4200","4200"
"5632","2026-09-16T05:00:00.000Z","SKU0250","7","3000","21000","21000"
"5681","2026-09-16T05:00:00.000Z","SKU0252","1","1200","1200","1200"
"5706","2026-09-16T05:00:00.000Z","SKU0253","2","3200","6400","6400"
"5730","2026-09-16T05:00:00.000Z","SKU0254","3","1700","5100","5100"
"5755","2026-09-16T05:00:00.000Z","SKU0255","4","2200","8800","8800"
"5779","2026-09-16T05:00:00.000Z","SKU0256","5","4700","23500","23500"
"5803","2026-09-16T05:00:00.000Z","SKU0257","6","2700","16200","16200"
"5828","2026-09-16T05:00:00.000Z","SKU0258","7","3700","25900","25900"
"5877","2026-09-16T05:00:00.000Z","SKU0261","2","1000","2000","2000"
"5901","2026-09-16T05:00:00.000Z","SKU0262","3","1200","3600","3600"
"5926","2026-09-16T05:00:00.000Z","SKU0263","4","3200","12800","12800"
"5950","2026-09-16T05:00:00.000Z","SKU0264","5","1700","8500","8500"
"5974","2026-09-16T05:00:00.000Z","SKU0265","6","2200","13200","13200"
"5999","2026-09-16T05:00:00.000Z","SKU0266","7","4700","32900","32900"
"6048","2026-09-16T05:00:00.000Z","SKU0268","1","3700","3700","3700"
"6073","2026-09-16T05:00:00.000Z","SKU0269","2","700","1400","1400"
"6097","2026-09-16T05:00:00.000Z","SKU0270","3","3000","9000","9000"
"6122","2026-09-16T05:00:00.000Z","SKU0271","4","1000","4000","4000"
"6146","2026-09-16T05:00:00.000Z","SKU0272","5","1200","6000","6000"
"6170","2026-09-16T05:00:00.000Z","SKU0274","7","1700","11900","11900"
"6219","2026-09-16T05:00:00.000Z","SKU0276","1","4700","4700","4700"
"6244","2026-09-16T05:00:00.000Z","SKU0277","2","2700","5400","5400"
"6268","2026-09-16T05:00:00.000Z","SKU0278","3","3700","11100","11100"
"6293","2026-09-16T05:00:00.000Z","SKU0279","4","700","2800","2800"
"6317","2026-09-16T05:00:00.000Z","SKU0280","5","3000","15000","15000"
"6341","2026-09-16T05:00:00.000Z","SKU0281","6","1000","6000","6000"
"6366","2026-09-16T05:00:00.000Z","SKU0282","7","1200","8400","8400"
"6415","2026-09-16T05:00:00.000Z","SKU0284","1","1700","1700","1700"
"6440","2026-09-16T05:00:00.000Z","SKU0285","2","2200","4400","4400"
"6464","2026-09-16T05:00:00.000Z","SKU0287","4","2700","10800","10800"
"6488","2026-09-16T05:00:00.000Z","SKU0288","5","3700","18500","18500"
"6512","2026-09-16T05:00:00.000Z","SKU0289","6","700","4200","4200"
"6537","2026-09-16T05:00:00.000Z","SKU0290","7","3000","21000","21000"
"6586","2026-09-16T05:00:00.000Z","SKU0292","1","1200","1200","1200"
"6611","2026-09-16T05:00:00.000Z","SKU0293","2","3200","6400","6400"
"6635","2026-09-16T05:00:00.000Z","SKU0294","3","1700","5100","5100"
"6660","2026-09-16T05:00:00.000Z","SKU0295","4","2200","8800","8800"
"6684","2026-09-16T05:00:00.000Z","SKU0296","5","4700","23500","23500"
"6708","2026-09-16T05:00:00.000Z","SKU0297","6","2700","16200","16200"
"6733","2026-09-16T05:00:00.000Z","SKU0298","7","3700","25900","25900"
"6757","2026-09-16T05:00:00.000Z","SKU0300","1","3100","3100","3100"
"6782","2026-09-16T05:00:00.000Z","SKU0301","2","1100","2200","2200"
"6806","2026-09-16T05:00:00.000Z","SKU0302","3","1300","3900","3900"
"6831","2026-09-16T05:00:00.000Z","SKU0303","4","3300","13200","13200"
"6855","2026-09-16T05:00:00.000Z","SKU0304","5","1800","9000","9000"
"6879","2026-09-16T05:00:00.000Z","SKU0305","6","2300","13800","13800"
"6904","2026-09-16T05:00:00.000Z","SKU0306","7","4800","33600","33600"
"6953","2026-09-16T05:00:00.000Z","SKU0308","1","3800","3800","3800"
"6978","2026-09-16T05:00:00.000Z","SKU0309","2","800","1600","1600"
"7002","2026-09-16T05:00:00.000Z","SKU0310","3","3100","9300","9300"
"7027","2026-09-16T05:00:00.000Z","SKU0311","4","1100","4400","4400"
"7051","2026-09-16T05:00:00.000Z","SKU0313","6","3300","19800","19800"
"7076","2026-09-16T05:00:00.000Z","SKU0314","7","1800","12600","12600"
"7125","2026-09-16T05:00:00.000Z","SKU0316","1","4800","4800","4800"
"7150","2026-09-16T05:00:00.000Z","SKU0317","2","2800","5600","5600"
"7174","2026-09-16T05:00:00.000Z","SKU0318","3","3800","11400","11400"
"7199","2026-09-16T05:00:00.000Z","SKU0319","4","800","3200","3200"
"7223","2026-09-16T05:00:00.000Z","SKU0320","5","3100","15500","15500"
"7247","2026-09-16T05:00:00.000Z","SKU0321","6","1100","6600","6600"
"7272","2026-09-16T05:00:00.000Z","SKU0322","7","1300","9100","9100"
"7321","2026-09-16T05:00:00.000Z","SKU0324","1","1800","1800","1800"
"7346","2026-09-16T05:00:00.000Z","SKU0326","3","4800","14400","14400"
"7371","2026-09-16T05:00:00.000Z","SKU0327","4","2800","11200","11200"
"7395","2026-09-16T05:00:00.000Z","SKU0328","5","3800","19000","19000"
"7419","2026-09-16T05:00:00.000Z","SKU0329","6","800","4800","4800"
"7444","2026-09-16T05:00:00.000Z","SKU0330","7","3100","21700","21700"
"7493","2026-09-16T05:00:00.000Z","SKU0332","1","1300","1300","1300"
"7518","2026-09-16T05:00:00.000Z","SKU0333","2","3300","6600","6600"
"7542","2026-09-16T05:00:00.000Z","SKU0334","3","1800","5400","5400"
"7567","2026-09-16T05:00:00.000Z","SKU0335","4","2300","9200","9200"
"7591","2026-09-16T05:00:00.000Z","SKU0336","5","4800","24000","24000"
"7615","2026-09-16T05:00:00.000Z","SKU0337","6","2800","16800","16800"
"7665","2026-09-16T05:00:00.000Z","SKU0340","1","3100","3100","3100"
"7690","2026-09-16T05:00:00.000Z","SKU0341","2","1100","2200","2200"
"7714","2026-09-16T05:00:00.000Z","SKU0342","3","1300","3900","3900"
"7739","2026-09-16T05:00:00.000Z","SKU0343","4","3300","13200","13200"
"7763","2026-09-16T05:00:00.000Z","SKU0344","5","1800","9000","9000"
"7787","2026-09-16T05:00:00.000Z","SKU0345","6","2300","13800","13800"
"7812","2026-09-16T05:00:00.000Z","SKU0346","7","4800","33600","33600"
"7861","2026-09-16T05:00:00.000Z","SKU0348","1","3800","3800","3800"
"7886","2026-09-16T05:00:00.000Z","SKU0349","2","800","1600","1600"
"7910","2026-09-16T05:00:00.000Z","SKU0350","3","3100","9300","9300"
"7935","2026-09-16T05:00:00.000Z","SKU0352","5","1300","6500","6500"
"7959","2026-09-16T05:00:00.000Z","SKU0353","6","3300","19800","19800"
"7984","2026-09-16T05:00:00.000Z","SKU0354","7","1800","12600","12600"
"8033","2026-09-16T05:00:00.000Z","SKU0356","1","4800","4800","4800"
"8058","2026-09-16T05:00:00.000Z","SKU0357","2","2800","5600","5600"
"8082","2026-09-16T05:00:00.000Z","SKU0358","3","3800","11400","11400"
"8107","2026-09-16T05:00:00.000Z","SKU0359","4","800","3200","3200"
"8131","2026-09-16T05:00:00.000Z","SKU0360","5","3100","15500","15500"
"8155","2026-09-16T05:00:00.000Z","SKU0361","6","1100","6600","6600"
"8180","2026-09-16T05:00:00.000Z","SKU0362","7","1300","9100","9100"
"8229","2026-09-16T05:00:00.000Z","SKU0365","2","2300","4600","4600"
"8253","2026-09-16T05:00:00.000Z","SKU0366","3","4800","14400","14400"
"8278","2026-09-16T05:00:00.000Z","SKU0367","4","2800","11200","11200"
"8302","2026-09-16T05:00:00.000Z","SKU0368","5","3800","19000","19000"
"8326","2026-09-16T05:00:00.000Z","SKU0369","6","800","4800","4800"
"8351","2026-09-16T05:00:00.000Z","SKU0370","7","3100","21700","21700"
"8400","2026-09-16T05:00:00.000Z","SKU0372","1","1300","1300","1300"
"8425","2026-09-16T05:00:00.000Z","SKU0373","2","3300","6600","6600"
"8449","2026-09-16T05:00:00.000Z","SKU0374","3","1800","5400","5400"
"8474","2026-09-16T05:00:00.000Z","SKU0375","4","2300","9200","9200"
"8498","2026-09-16T05:00:00.000Z","SKU0376","5","4800","24000","24000"
"8522","2026-09-16T05:00:00.000Z","SKU0378","7","3800","26600","26600"
"8571","2026-09-16T05:00:00.000Z","SKU0380","1","3100","3100","3100"
"8596","2026-09-16T05:00:00.000Z","SKU0381","2","1100","2200","2200"
"8620","2026-09-16T05:00:00.000Z","SKU0382","3","1300","3900","3900"
"8645","2026-09-16T05:00:00.000Z","SKU0383","4","3300","13200","13200"
"8669","2026-09-16T05:00:00.000Z","SKU0384","5","1800","9000","9000"
"8693","2026-09-16T05:00:00.000Z","SKU0385","6","2300","13800","13800"
"8718","2026-09-16T05:00:00.000Z","SKU0386","7","4800","33600","33600"
"8767","2026-09-16T05:00:00.000Z","SKU0388","1","3800","3800","3800"
"8792","2026-09-16T05:00:00.000Z","SKU0389","2","800","1600","1600"
"8816","2026-09-16T05:00:00.000Z","SKU0391","4","1100","4400","4400"
"8840","2026-09-16T05:00:00.000Z","SKU0392","5","1300","6500","6500"
"8864","2026-09-16T05:00:00.000Z","SKU0393","6","3300","19800","19800"
"8889","2026-09-16T05:00:00.000Z","SKU0394","7","1800","12600","12600"
"8938","2026-09-16T05:00:00.000Z","SKU0396","1","4800","4800","4800"
"8963","2026-09-16T05:00:00.000Z","SKU0397","2","2800","5600","5600"
"8987","2026-09-16T05:00:00.000Z","SKU0398","3","3800","11400","11400"
"9012","2026-09-16T05:00:00.000Z","SKU0399","4","800","3200","3200"
"9036","2026-09-16T05:00:00.000Z","SKU0400","5","3200","16000","16000"
"9060","2026-09-16T05:00:00.000Z","SKU0401","6","1200","7200","7200"
"9085","2026-09-16T05:00:00.000Z","SKU0402","7","1400","9800","9800"
"9109","2026-09-16T05:00:00.000Z","SKU0404","1","1900","1900","1900"
"9134","2026-09-16T05:00:00.000Z","SKU0405","2","2400","4800","4800"
"9158","2026-09-16T05:00:00.000Z","SKU0406","3","4900","14700","14700"
"9183","2026-09-16T05:00:00.000Z","SKU0407","4","2900","11600","11600"
"9207","2026-09-16T05:00:00.000Z","SKU0408","5","3900","19500","19500"
"9231","2026-09-16T05:00:00.000Z","SKU0409","6","900","5400","5400"
"9256","2026-09-16T05:00:00.000Z","SKU0410","7","3200","22400","22400"
"9305","2026-09-16T05:00:00.000Z","SKU0412","1","1400","1400","1400"
"9330","2026-09-16T05:00:00.000Z","SKU0413","2","3400","6800","6800"
"9354","2026-09-16T05:00:00.000Z","SKU0414","3","1900","5700","5700"
"9379","2026-09-16T05:00:00.000Z","SKU0415","4","2400","9600","9600"
"9403","2026-09-16T05:00:00.000Z","SKU0417","6","2900","17400","17400"
"9428","2026-09-16T05:00:00.000Z","SKU0418","7","3900","27300","27300"
"9477","2026-09-16T05:00:00.000Z","SKU0420","1","3200","3200","3200"
"9502","2026-09-16T05:00:00.000Z","SKU0421","2","1200","2400","2400"
"9526","2026-09-16T05:00:00.000Z","SKU0422","3","1400","4200","4200"
"9551","2026-09-16T05:00:00.000Z","SKU0423","4","3400","13600","13600"
"9575","2026-09-16T05:00:00.000Z","SKU0424","5","1900","9500","9500"
"9599","2026-09-16T05:00:00.000Z","SKU0425","6","2400","14400","14400"
"9624","2026-09-16T05:00:00.000Z","SKU0426","7","4900","34300","34300"
"9673","2026-09-16T05:00:00.000Z","SKU0428","1","3900","3900","3900"
"9698","2026-09-16T05:00:00.000Z","SKU0430","3","3200","9600","9600"
"9723","2026-09-16T05:00:00.000Z","SKU0431","4","1200","4800","4800"
"9747","2026-09-16T05:00:00.000Z","SKU0432","5","1400","7000","7000"
"9771","2026-09-16T05:00:00.000Z","SKU0433","6","3400","20400","20400"
"9796","2026-09-16T05:00:00.000Z","SKU0434","7","1900","13300","13300"
"9845","2026-09-16T05:00:00.000Z","SKU0436","1","4900","4900","4900"
"9870","2026-09-16T05:00:00.000Z","SKU0437","2","2900","5800","5800"
"9894","2026-09-16T05:00:00.000Z","SKU0438","3","3900","11700","11700"
"9919","2026-09-16T05:00:00.000Z","SKU0439","4","900","3600","3600"
"9943","2026-09-16T05:00:00.000Z","SKU0440","5","3200","16000","16000"
"9967","2026-09-16T05:00:00.000Z","SKU0441","6","1200","7200","7200"
"10017","2026-09-16T05:00:00.000Z","SKU0444","1","1900","1900","1900"
"10042","2026-09-16T05:00:00.000Z","SKU0445","2","2400","4800","4800"
"10066","2026-09-16T05:00:00.000Z","SKU0446","3","4900","14700","14700"
"10091","2026-09-16T05:00:00.000Z","SKU0447","4","2900","11600","11600"
"10115","2026-09-16T05:00:00.000Z","SKU0448","5","3900","19500","19500"
"10139","2026-09-16T05:00:00.000Z","SKU0449","6","900","5400","5400"
"10164","2026-09-16T05:00:00.000Z","SKU0450","7","3200","22400","22400"
"10213","2026-09-16T05:00:00.000Z","SKU0452","1","1400","1400","1400"
"10238","2026-09-16T05:00:00.000Z","SKU0453","2","3400","6800","6800"
"10262","2026-09-16T05:00:00.000Z","SKU0454","3","1900","5700","5700"
"10287","2026-09-16T05:00:00.000Z","SKU0456","5","4900","24500","24500"
"10311","2026-09-16T05:00:00.000Z","SKU0457","6","2900","17400","17400"
"10336","2026-09-16T05:00:00.000Z","SKU0458","7","3900","27300","27300"
"10385","2026-09-16T05:00:00.000Z","SKU0460","1","3200","3200","3200"
"10410","2026-09-16T05:00:00.000Z","SKU0461","2","1200","2400","2400"
"10434","2026-09-16T05:00:00.000Z","SKU0462","3","1400","4200","4200"
"10459","2026-09-16T05:00:00.000Z","SKU0463","4","3400","13600","13600"
"10483","2026-09-16T05:00:00.000Z","SKU0464","5","1900","9500","9500"
"10507","2026-09-16T05:00:00.000Z","SKU0465","6","2400","14400","14400"
"10532","2026-09-16T05:00:00.000Z","SKU0466","7","4900","34300","34300"
"10581","2026-09-16T05:00:00.000Z","SKU0469","2","900","1800","1800"
"10605","2026-09-16T05:00:00.000Z","SKU0470","3","3200","9600","9600"
"10630","2026-09-16T05:00:00.000Z","SKU0471","4","1200","4800","4800"
"10654","2026-09-16T05:00:00.000Z","SKU0472","5","1400","7000","7000"
"10678","2026-09-16T05:00:00.000Z","SKU0473","6","3400","20400","20400"
"10703","2026-09-16T05:00:00.000Z","SKU0474","7","1900","13300","13300"
"10752","2026-09-16T05:00:00.000Z","SKU0476","1","4900","4900","4900"
"10777","2026-09-16T05:00:00.000Z","SKU0477","2","2900","5800","5800"
"10801","2026-09-16T05:00:00.000Z","SKU0478","3","3900","11700","11700"
"10826","2026-09-16T05:00:00.000Z","SKU0479","4","900","3600","3600"
"10850","2026-09-16T05:00:00.000Z","SKU0480","5","3200","16000","16000"
"10874","2026-09-16T05:00:00.000Z","SKU0482","7","1400","9800","9800"
"10923","2026-09-16T05:00:00.000Z","SKU0484","1","1900","1900","1900"
"10948","2026-09-16T05:00:00.000Z","SKU0485","2","2400","4800","4800"
"10972","2026-09-16T05:00:00.000Z","SKU0486","3","4900","14700","14700"
"10997","2026-09-16T05:00:00.000Z","SKU0487","4","2900","11600","11600"
"11021","2026-09-16T05:00:00.000Z","SKU0488","5","3900","19500","19500"
"11045","2026-09-16T05:00:00.000Z","SKU0489","6","900","5400","5400"
"11070","2026-09-16T05:00:00.000Z","SKU0490","7","3200","22400","22400"
"11119","2026-09-16T05:00:00.000Z","SKU0492","1","1400","1400","1400"
"11144","2026-09-16T05:00:00.000Z","SKU0493","2","3400","6800","6800"
"11168","2026-09-16T05:00:00.000Z","SKU0495","4","2400","9600","9600"
"11192","2026-09-16T05:00:00.000Z","SKU0496","5","4900","24500","24500"
"11216","2026-09-16T05:00:00.000Z","SKU0497","6","2900","17400","17400"
"11241","2026-09-16T05:00:00.000Z","SKU0498","7","3900","27300","27300"
"9","2026-09-17T05:00:00.000Z","SKU0001","4","800","3200","3200"
"37","2026-09-17T05:00:00.000Z","SKU0002","8","1000","8000","8000"
"70","2026-09-17T05:00:00.000Z","SKU0004","4","1500","6000","6000"
"95","2026-09-17T05:00:00.000Z","SKU0005","5","2000","10000","10000"
"119","2026-09-17T05:00:00.000Z","SKU0006","6","4500","27000","27000"
"144","2026-09-17T05:00:00.000Z","SKU0007","7","2500","17500","17500"
"192","2026-09-17T05:00:00.000Z","SKU0009","1","500","500","500"
"217","2026-09-17T05:00:00.000Z","SKU0010","2","2800","5600","5600"
"241","2026-09-17T05:00:00.000Z","SKU0011","3","800","2400","2400"
"266","2026-09-17T05:00:00.000Z","SKU0012","4","1000","4000","4000"
"291","2026-09-17T05:00:00.000Z","SKU0014","6","1500","9000","9000"
"316","2026-09-17T05:00:00.000Z","SKU0015","7","2000","14000","14000"
"364","2026-09-17T05:00:00.000Z","SKU0017","1","2500","2500","2500"
"389","2026-09-17T05:00:00.000Z","SKU0018","2","3500","7000","7000"
"413","2026-09-17T05:00:00.000Z","SKU0019","3","500","1500","1500"
"438","2026-09-17T05:00:00.000Z","SKU0020","4","2800","11200","11200"
"463","2026-09-17T05:00:00.000Z","SKU0021","5","800","4000","4000"
"487","2026-09-17T05:00:00.000Z","SKU0022","6","1000","6000","6000"
"512","2026-09-17T05:00:00.000Z","SKU0023","7","3000","21000","21000"
"560","2026-09-17T05:00:00.000Z","SKU0025","1","2000","2000","2000"
"585","2026-09-17T05:00:00.000Z","SKU0027","3","2500","7500","7500"
"610","2026-09-17T05:00:00.000Z","SKU0028","4","3500","14000","14000"
"635","2026-09-17T05:00:00.000Z","SKU0029","5","500","2500","2500"
"659","2026-09-17T05:00:00.000Z","SKU0030","6","2800","16800","16800"
"684","2026-09-17T05:00:00.000Z","SKU0031","7","800","5600","5600"
"732","2026-09-17T05:00:00.000Z","SKU0033","1","3000","3000","3000"
"757","2026-09-17T05:00:00.000Z","SKU0034","2","1500","3000","3000"
"781","2026-09-17T05:00:00.000Z","SKU0035","3","2000","6000","6000"
"806","2026-09-17T05:00:00.000Z","SKU0036","4","4500","18000","18000"
"831","2026-09-17T05:00:00.000Z","SKU0037","5","2500","12500","12500"
"855","2026-09-17T05:00:00.000Z","SKU0038","6","3500","21000","21000"
"904","2026-09-17T05:00:00.000Z","SKU0041","1","800","800","800"
"929","2026-09-17T05:00:00.000Z","SKU0042","2","1000","2000","2000"
"953","2026-09-17T05:00:00.000Z","SKU0043","3","3000","9000","9000"
"978","2026-09-17T05:00:00.000Z","SKU0044","4","1500","6000","6000"
"1003","2026-09-17T05:00:00.000Z","SKU0045","5","2000","10000","10000"
"1027","2026-09-17T05:00:00.000Z","SKU0046","6","4500","27000","27000"
"1052","2026-09-17T05:00:00.000Z","SKU0047","7","2500","17500","17500"
"1100","2026-09-17T05:00:00.000Z","SKU0049","1","500","500","500"
"1125","2026-09-17T05:00:00.000Z","SKU0050","2","2800","5600","5600"
"1149","2026-09-17T05:00:00.000Z","SKU0051","3","800","2400","2400"
"1174","2026-09-17T05:00:00.000Z","SKU0053","5","3000","15000","15000"
"1198","2026-09-17T05:00:00.000Z","SKU0054","6","1500","9000","9000"
"1223","2026-09-17T05:00:00.000Z","SKU0055","7","2000","14000","14000"
"1271","2026-09-17T05:00:00.000Z","SKU0057","1","2500","2500","2500"
"1296","2026-09-17T05:00:00.000Z","SKU0058","2","3500","7000","7000"
"1320","2026-09-17T05:00:00.000Z","SKU0059","3","500","1500","1500"
"1345","2026-09-17T05:00:00.000Z","SKU0060","4","2800","11200","11200"
"1370","2026-09-17T05:00:00.000Z","SKU0061","5","800","4000","4000"
"1394","2026-09-17T05:00:00.000Z","SKU0062","6","1000","6000","6000"
"1419","2026-09-17T05:00:00.000Z","SKU0063","7","3000","21000","21000"
"1467","2026-09-17T05:00:00.000Z","SKU0066","2","4500","9000","9000"
"1491","2026-09-17T05:00:00.000Z","SKU0067","3","2500","7500","7500"
"1516","2026-09-17T05:00:00.000Z","SKU0068","4","3500","14000","14000"
"1541","2026-09-17T05:00:00.000Z","SKU0069","5","500","2500","2500"
"1565","2026-09-17T05:00:00.000Z","SKU0070","6","2800","16800","16800"
"1590","2026-09-17T05:00:00.000Z","SKU0071","7","800","5600","5600"
"1638","2026-09-17T05:00:00.000Z","SKU0073","1","3000","3000","3000"
"1663","2026-09-17T05:00:00.000Z","SKU0074","2","1500","3000","3000"
"1687","2026-09-17T05:00:00.000Z","SKU0075","3","2000","6000","6000"
"1712","2026-09-17T05:00:00.000Z","SKU0076","4","4500","18000","18000"
"1737","2026-09-17T05:00:00.000Z","SKU0077","5","2500","12500","12500"
"1761","2026-09-17T05:00:00.000Z","SKU0079","7","500","3500","3500"
"1809","2026-09-17T05:00:00.000Z","SKU0081","1","800","800","800"
"1834","2026-09-17T05:00:00.000Z","SKU0082","2","1000","2000","2000"
"1858","2026-09-17T05:00:00.000Z","SKU0083","3","3000","9000","9000"
"1883","2026-09-17T05:00:00.000Z","SKU0084","4","1500","6000","6000"
"1908","2026-09-17T05:00:00.000Z","SKU0085","5","2000","10000","10000"
"1932","2026-09-17T05:00:00.000Z","SKU0086","6","4500","27000","27000"
"1957","2026-09-17T05:00:00.000Z","SKU0087","7","2500","17500","17500"
"2005","2026-09-17T05:00:00.000Z","SKU0089","1","500","500","500"
"2030","2026-09-17T05:00:00.000Z","SKU0090","2","2800","5600","5600"
"2054","2026-09-17T05:00:00.000Z","SKU0092","4","1000","4000","4000"
"2079","2026-09-17T05:00:00.000Z","SKU0093","5","3000","15000","15000"
"2103","2026-09-17T05:00:00.000Z","SKU0094","6","1500","9000","9000"
"2128","2026-09-17T05:00:00.000Z","SKU0095","7","2000","14000","14000"
"2176","2026-09-17T05:00:00.000Z","SKU0097","1","2500","2500","2500"
"2201","2026-09-17T05:00:00.000Z","SKU0098","2","3500","7000","7000"
"2225","2026-09-17T05:00:00.000Z","SKU0099","3","500","1500","1500"
"2250","2026-09-17T05:00:00.000Z","SKU0100","4","2900","11600","11600"
"2275","2026-09-17T05:00:00.000Z","SKU0101","5","900","4500","4500"
"2299","2026-09-17T05:00:00.000Z","SKU0102","6","1100","6600","6600"
"2324","2026-09-17T05:00:00.000Z","SKU0103","7","3100","21700","21700"
"2348","2026-09-17T05:00:00.000Z","SKU0105","1","2100","2100","2100"
"2373","2026-09-17T05:00:00.000Z","SKU0106","2","4600","9200","9200"
"2397","2026-09-17T05:00:00.000Z","SKU0107","3","2600","7800","7800"
"2422","2026-09-17T05:00:00.000Z","SKU0108","4","3600","14400","14400"
"2447","2026-09-17T05:00:00.000Z","SKU0109","5","600","3000","3000"
"2471","2026-09-17T05:00:00.000Z","SKU0110","6","2900","17400","17400"
"2496","2026-09-17T05:00:00.000Z","SKU0111","7","900","6300","6300"
"2544","2026-09-17T05:00:00.000Z","SKU0113","1","3100","3100","3100"
"2569","2026-09-17T05:00:00.000Z","SKU0114","2","1600","3200","3200"
"2593","2026-09-17T05:00:00.000Z","SKU0115","3","2100","6300","6300"
"2618","2026-09-17T05:00:00.000Z","SKU0116","4","4600","18400","18400"
"2643","2026-09-17T05:00:00.000Z","SKU0118","6","3600","21600","21600"
"2668","2026-09-17T05:00:00.000Z","SKU0119","7","600","4200","4200"
"2716","2026-09-17T05:00:00.000Z","SKU0121","1","900","900","900"
"2741","2026-09-17T05:00:00.000Z","SKU0122","2","1100","2200","2200"
"2765","2026-09-17T05:00:00.000Z","SKU0123","3","3100","9300","9300"
"2790","2026-09-17T05:00:00.000Z","SKU0124","4","1600","6400","6400"
"2815","2026-09-17T05:00:00.000Z","SKU0125","5","2100","10500","10500"
"2839","2026-09-17T05:00:00.000Z","SKU0126","6","4600","27600","27600"
"2864","2026-09-17T05:00:00.000Z","SKU0127","7","2600","18200","18200"
"2912","2026-09-17T05:00:00.000Z","SKU0129","1","600","600","600"
"2937","2026-09-17T05:00:00.000Z","SKU0131","3","900","2700","2700"
"2962","2026-09-17T05:00:00.000Z","SKU0132","4","1100","4400","4400"
"2987","2026-09-17T05:00:00.000Z","SKU0133","5","3100","15500","15500"
"3011","2026-09-17T05:00:00.000Z","SKU0134","6","1600","9600","9600"
"3036","2026-09-17T05:00:00.000Z","SKU0135","7","2100","14700","14700"
"3084","2026-09-17T05:00:00.000Z","SKU0137","1","2600","2600","2600"
"3109","2026-09-17T05:00:00.000Z","SKU0138","2","3600","7200","7200"
"3133","2026-09-17T05:00:00.000Z","SKU0139","3","600","1800","1800"
"3158","2026-09-17T05:00:00.000Z","SKU0140","4","2900","11600","11600"
"3183","2026-09-17T05:00:00.000Z","SKU0141","5","900","4500","4500"
"3207","2026-09-17T05:00:00.000Z","SKU0142","6","1100","6600","6600"
"3256","2026-09-17T05:00:00.000Z","SKU0145","1","2100","2100","2100"
"3281","2026-09-17T05:00:00.000Z","SKU0146","2","4600","9200","9200"
"3305","2026-09-17T05:00:00.000Z","SKU0147","3","2600","7800","7800"
"3330","2026-09-17T05:00:00.000Z","SKU0148","4","3600","14400","14400"
"3355","2026-09-17T05:00:00.000Z","SKU0149","5","600","3000","3000"
"3379","2026-09-17T05:00:00.000Z","SKU0150","6","2900","17400","17400"
"3404","2026-09-17T05:00:00.000Z","SKU0151","7","900","6300","6300"
"3452","2026-09-17T05:00:00.000Z","SKU0153","1","3100","3100","3100"
"3477","2026-09-17T05:00:00.000Z","SKU0154","2","1600","3200","3200"
"3501","2026-09-17T05:00:00.000Z","SKU0155","3","2100","6300","6300"
"3526","2026-09-17T05:00:00.000Z","SKU0157","5","2600","13000","13000"
"3550","2026-09-17T05:00:00.000Z","SKU0158","6","3600","21600","21600"
"3575","2026-09-17T05:00:00.000Z","SKU0159","7","600","4200","4200"
"3623","2026-09-17T05:00:00.000Z","SKU0161","1","900","900","900"
"3648","2026-09-17T05:00:00.000Z","SKU0162","2","1100","2200","2200"
"3672","2026-09-17T05:00:00.000Z","SKU0163","3","3100","9300","9300"
"3697","2026-09-17T05:00:00.000Z","SKU0164","4","1600","6400","6400"
"3722","2026-09-17T05:00:00.000Z","SKU0165","5","2100","10500","10500"
"3746","2026-09-17T05:00:00.000Z","SKU0166","6","4600","27600","27600"
"3771","2026-09-17T05:00:00.000Z","SKU0167","7","2600","18200","18200"
"3819","2026-09-17T05:00:00.000Z","SKU0170","2","2900","5800","5800"
"3843","2026-09-17T05:00:00.000Z","SKU0171","3","900","2700","2700"
"3868","2026-09-17T05:00:00.000Z","SKU0172","4","1100","4400","4400"
"3893","2026-09-17T05:00:00.000Z","SKU0173","5","3100","15500","15500"
"3917","2026-09-17T05:00:00.000Z","SKU0174","6","1600","9600","9600"
"3942","2026-09-17T05:00:00.000Z","SKU0175","7","2100","14700","14700"
"3990","2026-09-17T05:00:00.000Z","SKU0177","1","2600","2600","2600"
"4015","2026-09-17T05:00:00.000Z","SKU0178","2","3600","7200","7200"
"4039","2026-09-17T05:00:00.000Z","SKU0179","3","600","1800","1800"
"4064","2026-09-17T05:00:00.000Z","SKU0180","4","2900","11600","11600"
"4089","2026-09-17T05:00:00.000Z","SKU0181","5","900","4500","4500"
"4113","2026-09-17T05:00:00.000Z","SKU0183","7","3100","21700","21700"
"4161","2026-09-17T05:00:00.000Z","SKU0185","1","2100","2100","2100"
"4186","2026-09-17T05:00:00.000Z","SKU0186","2","4600","9200","9200"
"4210","2026-09-17T05:00:00.000Z","SKU0187","3","2600","7800","7800"
"4235","2026-09-17T05:00:00.000Z","SKU0188","4","3600","14400","14400"
"4260","2026-09-17T05:00:00.000Z","SKU0189","5","600","3000","3000"
"4284","2026-09-17T05:00:00.000Z","SKU0190","6","2900","17400","17400"
"4309","2026-09-17T05:00:00.000Z","SKU0191","7","900","6300","6300"
"4357","2026-09-17T05:00:00.000Z","SKU0193","1","3100","3100","3100"
"4382","2026-09-17T05:00:00.000Z","SKU0194","2","1600","3200","3200"
"4406","2026-09-17T05:00:00.000Z","SKU0196","4","4600","18400","18400"
"4431","2026-09-17T05:00:00.000Z","SKU0197","5","2600","13000","13000"
"4455","2026-09-17T05:00:00.000Z","SKU0198","6","3600","21600","21600"
"4480","2026-09-17T05:00:00.000Z","SKU0199","7","600","4200","4200"
"4528","2026-09-17T05:00:00.000Z","SKU0201","1","1000","1000","1000"
"4553","2026-09-17T05:00:00.000Z","SKU0202","2","1200","2400","2400"
"4577","2026-09-17T05:00:00.000Z","SKU0203","3","3200","9600","9600"
"4602","2026-09-17T05:00:00.000Z","SKU0204","4","1700","6800","6800"
"4627","2026-09-17T05:00:00.000Z","SKU0205","5","2200","11000","11000"
"4651","2026-09-17T05:00:00.000Z","SKU0206","6","4700","28200","28200"
"4676","2026-09-17T05:00:00.000Z","SKU0207","7","2700","18900","18900"
"4700","2026-09-17T05:00:00.000Z","SKU0209","1","700","700","700"
"4725","2026-09-17T05:00:00.000Z","SKU0210","2","3000","6000","6000"
"4749","2026-09-17T05:00:00.000Z","SKU0211","3","1000","3000","3000"
"4774","2026-09-17T05:00:00.000Z","SKU0212","4","1200","4800","4800"
"4799","2026-09-17T05:00:00.000Z","SKU0213","5","3200","16000","16000"
"4823","2026-09-17T05:00:00.000Z","SKU0214","6","1700","10200","10200"
"4848","2026-09-17T05:00:00.000Z","SKU0215","7","2200","15400","15400"
"4896","2026-09-17T05:00:00.000Z","SKU0217","1","2700","2700","2700"
"4921","2026-09-17T05:00:00.000Z","SKU0218","2","3700","7400","7400"
"4945","2026-09-17T05:00:00.000Z","SKU0219","3","700","2100","2100"
"4970","2026-09-17T05:00:00.000Z","SKU0220","4","3000","12000","12000"
"4995","2026-09-17T05:00:00.000Z","SKU0222","6","1200","7200","7200"
"5020","2026-09-17T05:00:00.000Z","SKU0223","7","3200","22400","22400"
"5068","2026-09-17T05:00:00.000Z","SKU0225","1","2200","2200","2200"
"5093","2026-09-17T05:00:00.000Z","SKU0226","2","4700","9400","9400"
"5117","2026-09-17T05:00:00.000Z","SKU0227","3","2700","8100","8100"
"5142","2026-09-17T05:00:00.000Z","SKU0228","4","3700","14800","14800"
"5167","2026-09-17T05:00:00.000Z","SKU0229","5","700","3500","3500"
"5191","2026-09-17T05:00:00.000Z","SKU0230","6","3000","18000","18000"
"5216","2026-09-17T05:00:00.000Z","SKU0231","7","1000","7000","7000"
"5264","2026-09-17T05:00:00.000Z","SKU0233","1","3200","3200","3200"
"5289","2026-09-17T05:00:00.000Z","SKU0235","3","2200","6600","6600"
"5314","2026-09-17T05:00:00.000Z","SKU0236","4","4700","18800","18800"
"5339","2026-09-17T05:00:00.000Z","SKU0237","5","2700","13500","13500"
"5363","2026-09-17T05:00:00.000Z","SKU0238","6","3700","22200","22200"
"5388","2026-09-17T05:00:00.000Z","SKU0239","7","700","4900","4900"
"5436","2026-09-17T05:00:00.000Z","SKU0241","1","1000","1000","1000"
"5461","2026-09-17T05:00:00.000Z","SKU0242","2","1200","2400","2400"
"5485","2026-09-17T05:00:00.000Z","SKU0243","3","3200","9600","9600"
"5510","2026-09-17T05:00:00.000Z","SKU0244","4","1700","6800","6800"
"5535","2026-09-17T05:00:00.000Z","SKU0245","5","2200","11000","11000"
"5559","2026-09-17T05:00:00.000Z","SKU0246","6","4700","28200","28200"
"5608","2026-09-17T05:00:00.000Z","SKU0249","1","700","700","700"
"5633","2026-09-17T05:00:00.000Z","SKU0250","2","3000","6000","6000"
"5657","2026-09-17T05:00:00.000Z","SKU0251","3","1000","3000","3000"
"5682","2026-09-17T05:00:00.000Z","SKU0252","4","1200","4800","4800"
"5707","2026-09-17T05:00:00.000Z","SKU0253","5","3200","16000","16000"
"5731","2026-09-17T05:00:00.000Z","SKU0254","6","1700","10200","10200"
"5756","2026-09-17T05:00:00.000Z","SKU0255","7","2200","15400","15400"
"5804","2026-09-17T05:00:00.000Z","SKU0257","1","2700","2700","2700"
"5829","2026-09-17T05:00:00.000Z","SKU0258","2","3700","7400","7400"
"5853","2026-09-17T05:00:00.000Z","SKU0259","3","700","2100","2100"
"5878","2026-09-17T05:00:00.000Z","SKU0261","5","1000","5000","5000"
"5902","2026-09-17T05:00:00.000Z","SKU0262","6","1200","7200","7200"
"5927","2026-09-17T05:00:00.000Z","SKU0263","7","3200","22400","22400"
"5975","2026-09-17T05:00:00.000Z","SKU0265","1","2200","2200","2200"
"6000","2026-09-17T05:00:00.000Z","SKU0266","2","4700","9400","9400"
"6024","2026-09-17T05:00:00.000Z","SKU0267","3","2700","8100","8100"
"6049","2026-09-17T05:00:00.000Z","SKU0268","4","3700","14800","14800"
"6074","2026-09-17T05:00:00.000Z","SKU0269","5","700","3500","3500"
"6098","2026-09-17T05:00:00.000Z","SKU0270","6","3000","18000","18000"
"6123","2026-09-17T05:00:00.000Z","SKU0271","7","1000","7000","7000"
"6171","2026-09-17T05:00:00.000Z","SKU0274","2","1700","3400","3400"
"6195","2026-09-17T05:00:00.000Z","SKU0275","3","2200","6600","6600"
"6220","2026-09-17T05:00:00.000Z","SKU0276","4","4700","18800","18800"
"6245","2026-09-17T05:00:00.000Z","SKU0277","5","2700","13500","13500"
"6269","2026-09-17T05:00:00.000Z","SKU0278","6","3700","22200","22200"
"6294","2026-09-17T05:00:00.000Z","SKU0279","7","700","4900","4900"
"6342","2026-09-17T05:00:00.000Z","SKU0281","1","1000","1000","1000"
"6367","2026-09-17T05:00:00.000Z","SKU0282","2","1200","2400","2400"
"6391","2026-09-17T05:00:00.000Z","SKU0283","3","3200","9600","9600"
"6416","2026-09-17T05:00:00.000Z","SKU0284","4","1700","6800","6800"
"6441","2026-09-17T05:00:00.000Z","SKU0285","5","2200","11000","11000"
"6465","2026-09-17T05:00:00.000Z","SKU0287","7","2700","18900","18900"
"6513","2026-09-17T05:00:00.000Z","SKU0289","1","700","700","700"
"6538","2026-09-17T05:00:00.000Z","SKU0290","2","3000","6000","6000"
"6562","2026-09-17T05:00:00.000Z","SKU0291","3","1000","3000","3000"
"6587","2026-09-17T05:00:00.000Z","SKU0292","4","1200","4800","4800"
"6612","2026-09-17T05:00:00.000Z","SKU0293","5","3200","16000","16000"
"6636","2026-09-17T05:00:00.000Z","SKU0294","6","1700","10200","10200"
"6661","2026-09-17T05:00:00.000Z","SKU0295","7","2200","15400","15400"
"6709","2026-09-17T05:00:00.000Z","SKU0297","1","2700","2700","2700"
"6734","2026-09-17T05:00:00.000Z","SKU0298","2","3700","7400","7400"
"6758","2026-09-17T05:00:00.000Z","SKU0300","4","3100","12400","12400"
"6783","2026-09-17T05:00:00.000Z","SKU0301","5","1100","5500","5500"
"6807","2026-09-17T05:00:00.000Z","SKU0302","6","1300","7800","7800"
"6832","2026-09-17T05:00:00.000Z","SKU0303","7","3300","23100","23100"
"6880","2026-09-17T05:00:00.000Z","SKU0305","1","2300","2300","2300"
"6905","2026-09-17T05:00:00.000Z","SKU0306","2","4800","9600","9600"
"6929","2026-09-17T05:00:00.000Z","SKU0307","3","2800","8400","8400"
"6954","2026-09-17T05:00:00.000Z","SKU0308","4","3800","15200","15200"
"6979","2026-09-17T05:00:00.000Z","SKU0309","5","800","4000","4000"
"7003","2026-09-17T05:00:00.000Z","SKU0310","6","3100","18600","18600"
"7028","2026-09-17T05:00:00.000Z","SKU0311","7","1100","7700","7700"
"7052","2026-09-17T05:00:00.000Z","SKU0313","1","3300","3300","3300"
"7077","2026-09-17T05:00:00.000Z","SKU0314","2","1800","3600","3600"
"7101","2026-09-17T05:00:00.000Z","SKU0315","3","2300","6900","6900"
"7126","2026-09-17T05:00:00.000Z","SKU0316","4","4800","19200","19200"
"7151","2026-09-17T05:00:00.000Z","SKU0317","5","2800","14000","14000"
"7175","2026-09-17T05:00:00.000Z","SKU0318","6","3800","22800","22800"
"7200","2026-09-17T05:00:00.000Z","SKU0319","7","800","5600","5600"
"7248","2026-09-17T05:00:00.000Z","SKU0321","1","1100","1100","1100"
"7273","2026-09-17T05:00:00.000Z","SKU0322","2","1300","2600","2600"
"7297","2026-09-17T05:00:00.000Z","SKU0323","3","3300","9900","9900"
"7322","2026-09-17T05:00:00.000Z","SKU0324","4","1800","7200","7200"
"7347","2026-09-17T05:00:00.000Z","SKU0326","6","4800","28800","28800"
"7372","2026-09-17T05:00:00.000Z","SKU0327","7","2800","19600","19600"
"7420","2026-09-17T05:00:00.000Z","SKU0329","1","800","800","800"
"7445","2026-09-17T05:00:00.000Z","SKU0330","2","3100","6200","6200"
"7469","2026-09-17T05:00:00.000Z","SKU0331","3","1100","3300","3300"
"7494","2026-09-17T05:00:00.000Z","SKU0332","4","1300","5200","5200"
"7519","2026-09-17T05:00:00.000Z","SKU0333","5","3300","16500","16500"
"7543","2026-09-17T05:00:00.000Z","SKU0334","6","1800","10800","10800"
"7568","2026-09-17T05:00:00.000Z","SKU0335","7","2300","16100","16100"
"7616","2026-09-17T05:00:00.000Z","SKU0337","1","2800","2800","2800"
"7641","2026-09-17T05:00:00.000Z","SKU0339","3","800","2400","2400"
"7666","2026-09-17T05:00:00.000Z","SKU0340","4","3100","12400","12400"
"7691","2026-09-17T05:00:00.000Z","SKU0341","5","1100","5500","5500"
"7715","2026-09-17T05:00:00.000Z","SKU0342","6","1300","7800","7800"
"7740","2026-09-17T05:00:00.000Z","SKU0343","7","3300","23100","23100"
"7788","2026-09-17T05:00:00.000Z","SKU0345","1","2300","2300","2300"
"7813","2026-09-17T05:00:00.000Z","SKU0346","2","4800","9600","9600"
"7837","2026-09-17T05:00:00.000Z","SKU0347","3","2800","8400","8400"
"7862","2026-09-17T05:00:00.000Z","SKU0348","4","3800","15200","15200"
"7887","2026-09-17T05:00:00.000Z","SKU0349","5","800","4000","4000"
"7911","2026-09-17T05:00:00.000Z","SKU0350","6","3100","18600","18600"
"7960","2026-09-17T05:00:00.000Z","SKU0353","1","3300","3300","3300"
"7985","2026-09-17T05:00:00.000Z","SKU0354","2","1800","3600","3600"
"8009","2026-09-17T05:00:00.000Z","SKU0355","3","2300","6900","6900"
"8034","2026-09-17T05:00:00.000Z","SKU0356","4","4800","19200","19200"
"8059","2026-09-17T05:00:00.000Z","SKU0357","5","2800","14000","14000"
"8083","2026-09-17T05:00:00.000Z","SKU0358","6","3800","22800","22800"
"8108","2026-09-17T05:00:00.000Z","SKU0359","7","800","5600","5600"
"8156","2026-09-17T05:00:00.000Z","SKU0361","1","1100","1100","1100"
"8181","2026-09-17T05:00:00.000Z","SKU0362","2","1300","2600","2600"
"8205","2026-09-17T05:00:00.000Z","SKU0363","3","3300","9900","9900"
"8230","2026-09-17T05:00:00.000Z","SKU0365","5","2300","11500","11500"
"8254","2026-09-17T05:00:00.000Z","SKU0366","6","4800","28800","28800"
"8279","2026-09-17T05:00:00.000Z","SKU0367","7","2800","19600","19600"
"8327","2026-09-17T05:00:00.000Z","SKU0369","1","800","800","800"
"8352","2026-09-17T05:00:00.000Z","SKU0370","2","3100","6200","6200"
"8376","2026-09-17T05:00:00.000Z","SKU0371","3","1100","3300","3300"
"8401","2026-09-17T05:00:00.000Z","SKU0372","4","1300","5200","5200"
"8426","2026-09-17T05:00:00.000Z","SKU0373","5","3300","16500","16500"
"8450","2026-09-17T05:00:00.000Z","SKU0374","6","1800","10800","10800"
"8475","2026-09-17T05:00:00.000Z","SKU0375","7","2300","16100","16100"
"8523","2026-09-17T05:00:00.000Z","SKU0378","2","3800","7600","7600"
"8547","2026-09-17T05:00:00.000Z","SKU0379","3","800","2400","2400"
"8572","2026-09-17T05:00:00.000Z","SKU0380","4","3100","12400","12400"
"8597","2026-09-17T05:00:00.000Z","SKU0381","5","1100","5500","5500"
"8621","2026-09-17T05:00:00.000Z","SKU0382","6","1300","7800","7800"
"8646","2026-09-17T05:00:00.000Z","SKU0383","7","3300","23100","23100"
"8694","2026-09-17T05:00:00.000Z","SKU0385","1","2300","2300","2300"
"8719","2026-09-17T05:00:00.000Z","SKU0386","2","4800","9600","9600"
"8743","2026-09-17T05:00:00.000Z","SKU0387","3","2800","8400","8400"
"8768","2026-09-17T05:00:00.000Z","SKU0388","4","3800","15200","15200"
"8793","2026-09-17T05:00:00.000Z","SKU0389","5","800","4000","4000"
"8817","2026-09-17T05:00:00.000Z","SKU0391","7","1100","7700","7700"
"8865","2026-09-17T05:00:00.000Z","SKU0393","1","3300","3300","3300"
"8890","2026-09-17T05:00:00.000Z","SKU0394","2","1800","3600","3600"
"8914","2026-09-17T05:00:00.000Z","SKU0395","3","2300","6900","6900"
"8939","2026-09-17T05:00:00.000Z","SKU0396","4","4800","19200","19200"
"8964","2026-09-17T05:00:00.000Z","SKU0397","5","2800","14000","14000"
"8988","2026-09-17T05:00:00.000Z","SKU0398","6","3800","22800","22800"
"9013","2026-09-17T05:00:00.000Z","SKU0399","7","800","5600","5600"
"9061","2026-09-17T05:00:00.000Z","SKU0401","1","1200","1200","1200"
"9086","2026-09-17T05:00:00.000Z","SKU0402","2","1400","2800","2800"
"9110","2026-09-17T05:00:00.000Z","SKU0404","4","1900","7600","7600"
"9135","2026-09-17T05:00:00.000Z","SKU0405","5","2400","12000","12000"
"9159","2026-09-17T05:00:00.000Z","SKU0406","6","4900","29400","29400"
"9184","2026-09-17T05:00:00.000Z","SKU0407","7","2900","20300","20300"
"9232","2026-09-17T05:00:00.000Z","SKU0409","1","900","900","900"
"9257","2026-09-17T05:00:00.000Z","SKU0410","2","3200","6400","6400"
"9281","2026-09-17T05:00:00.000Z","SKU0411","3","1200","3600","3600"
"9306","2026-09-17T05:00:00.000Z","SKU0412","4","1400","5600","5600"
"9331","2026-09-17T05:00:00.000Z","SKU0413","5","3400","17000","17000"
"9355","2026-09-17T05:00:00.000Z","SKU0414","6","1900","11400","11400"
"9380","2026-09-17T05:00:00.000Z","SKU0415","7","2400","16800","16800"
"9404","2026-09-17T05:00:00.000Z","SKU0417","1","2900","2900","2900"
"9429","2026-09-17T05:00:00.000Z","SKU0418","2","3900","7800","7800"
"9453","2026-09-17T05:00:00.000Z","SKU0419","3","900","2700","2700"
"9478","2026-09-17T05:00:00.000Z","SKU0420","4","3200","12800","12800"
"9503","2026-09-17T05:00:00.000Z","SKU0421","5","1200","6000","6000"
"9527","2026-09-17T05:00:00.000Z","SKU0422","6","1400","8400","8400"
"9552","2026-09-17T05:00:00.000Z","SKU0423","7","3400","23800","23800"
"9600","2026-09-17T05:00:00.000Z","SKU0425","1","2400","2400","2400"
"9625","2026-09-17T05:00:00.000Z","SKU0426","2","4900","9800","9800"
"9649","2026-09-17T05:00:00.000Z","SKU0427","3","2900","8700","8700"
"9674","2026-09-17T05:00:00.000Z","SKU0428","4","3900","15600","15600"
"9699","2026-09-17T05:00:00.000Z","SKU0430","6","3200","19200","19200"
"9724","2026-09-17T05:00:00.000Z","SKU0431","7","1200","8400","8400"
"9772","2026-09-17T05:00:00.000Z","SKU0433","1","3400","3400","3400"
"9797","2026-09-17T05:00:00.000Z","SKU0434","2","1900","3800","3800"
"9821","2026-09-17T05:00:00.000Z","SKU0435","3","2400","7200","7200"
"9846","2026-09-17T05:00:00.000Z","SKU0436","4","4900","19600","19600"
"9871","2026-09-17T05:00:00.000Z","SKU0437","5","2900","14500","14500"
"9895","2026-09-17T05:00:00.000Z","SKU0438","6","3900","23400","23400"
"9920","2026-09-17T05:00:00.000Z","SKU0439","7","900","6300","6300"
"9968","2026-09-17T05:00:00.000Z","SKU0441","1","1200","1200","1200"
"9993","2026-09-17T05:00:00.000Z","SKU0443","3","3400","10200","10200"
"10018","2026-09-17T05:00:00.000Z","SKU0444","4","1900","7600","7600"
"10043","2026-09-17T05:00:00.000Z","SKU0445","5","2400","12000","12000"
"10067","2026-09-17T05:00:00.000Z","SKU0446","6","4900","29400","29400"
"10092","2026-09-17T05:00:00.000Z","SKU0447","7","2900","20300","20300"
"10140","2026-09-17T05:00:00.000Z","SKU0449","1","900","900","900"
"10165","2026-09-17T05:00:00.000Z","SKU0450","2","3200","6400","6400"
"10189","2026-09-17T05:00:00.000Z","SKU0451","3","1200","3600","3600"
"10214","2026-09-17T05:00:00.000Z","SKU0452","4","1400","5600","5600"
"10239","2026-09-17T05:00:00.000Z","SKU0453","5","3400","17000","17000"
"10263","2026-09-17T05:00:00.000Z","SKU0454","6","1900","11400","11400"
"10312","2026-09-17T05:00:00.000Z","SKU0457","1","2900","2900","2900"
"10337","2026-09-17T05:00:00.000Z","SKU0458","2","3900","7800","7800"
"10361","2026-09-17T05:00:00.000Z","SKU0459","3","900","2700","2700"
"10386","2026-09-17T05:00:00.000Z","SKU0460","4","3200","12800","12800"
"10411","2026-09-17T05:00:00.000Z","SKU0461","5","1200","6000","6000"
"10435","2026-09-17T05:00:00.000Z","SKU0462","6","1400","8400","8400"
"10460","2026-09-17T05:00:00.000Z","SKU0463","7","3400","23800","23800"
"10508","2026-09-17T05:00:00.000Z","SKU0465","1","2400","2400","2400"
"10533","2026-09-17T05:00:00.000Z","SKU0466","2","4900","9800","9800"
"10557","2026-09-17T05:00:00.000Z","SKU0467","3","2900","8700","8700"
"10582","2026-09-17T05:00:00.000Z","SKU0469","5","900","4500","4500"
"10606","2026-09-17T05:00:00.000Z","SKU0470","6","3200","19200","19200"
"10631","2026-09-17T05:00:00.000Z","SKU0471","7","1200","8400","8400"
"10679","2026-09-17T05:00:00.000Z","SKU0473","1","3400","3400","3400"
"10704","2026-09-17T05:00:00.000Z","SKU0474","2","1900","3800","3800"
"10728","2026-09-17T05:00:00.000Z","SKU0475","3","2400","7200","7200"
"10753","2026-09-17T05:00:00.000Z","SKU0476","4","4900","19600","19600"
"10778","2026-09-17T05:00:00.000Z","SKU0477","5","2900","14500","14500"
"10802","2026-09-17T05:00:00.000Z","SKU0478","6","3900","23400","23400"
"10827","2026-09-17T05:00:00.000Z","SKU0479","7","900","6300","6300"
"10875","2026-09-17T05:00:00.000Z","SKU0482","2","1400","2800","2800"
"10899","2026-09-17T05:00:00.000Z","SKU0483","3","3400","10200","10200"
"10924","2026-09-17T05:00:00.000Z","SKU0484","4","1900","7600","7600"
"10949","2026-09-17T05:00:00.000Z","SKU0485","5","2400","12000","12000"
"10973","2026-09-17T05:00:00.000Z","SKU0486","6","4900","29400","29400"
"10998","2026-09-17T05:00:00.000Z","SKU0487","7","2900","20300","20300"
"11046","2026-09-17T05:00:00.000Z","SKU0489","1","900","900","900"
"11071","2026-09-17T05:00:00.000Z","SKU0490","2","3200","6400","6400"
"11095","2026-09-17T05:00:00.000Z","SKU0491","3","1200","3600","3600"
"11120","2026-09-17T05:00:00.000Z","SKU0492","4","1400","5600","5600"
"11145","2026-09-17T05:00:00.000Z","SKU0493","5","3400","17000","17000"
"11169","2026-09-17T05:00:00.000Z","SKU0495","7","2400","16800","16800"
"11217","2026-09-17T05:00:00.000Z","SKU0497","1","2900","2900","2900"
"11242","2026-09-17T05:00:00.000Z","SKU0498","2","3900","7800","7800"
"11266","2026-09-17T05:00:00.000Z","SKU0499","3","900","2700","2700"
"10","2026-09-18T05:00:00.000Z","SKU0001","4","800","3200","3200"
"38","2026-09-18T05:00:00.000Z","SKU0002","8","1000","8000","8000"
"71","2026-09-18T05:00:00.000Z","SKU0004","7","1500","10500","10500"
"120","2026-09-18T05:00:00.000Z","SKU0006","1","4500","4500","4500"
"145","2026-09-18T05:00:00.000Z","SKU0007","2","2500","5000","5000"
"168","2026-09-18T05:00:00.000Z","SKU0008","3","3500","10500","10500"
"193","2026-09-18T05:00:00.000Z","SKU0009","4","500","2000","2000"
"218","2026-09-18T05:00:00.000Z","SKU0010","5","2800","14000","14000"
"242","2026-09-18T05:00:00.000Z","SKU0011","6","800","4800","4800"
"267","2026-09-18T05:00:00.000Z","SKU0012","7","1000","7000","7000"
"292","2026-09-18T05:00:00.000Z","SKU0014","1","1500","1500","1500"
"317","2026-09-18T05:00:00.000Z","SKU0015","2","2000","4000","4000"
"340","2026-09-18T05:00:00.000Z","SKU0016","3","4500","13500","13500"
"365","2026-09-18T05:00:00.000Z","SKU0017","4","2500","10000","10000"
"390","2026-09-18T05:00:00.000Z","SKU0018","5","3500","17500","17500"
"414","2026-09-18T05:00:00.000Z","SKU0019","6","500","3000","3000"
"439","2026-09-18T05:00:00.000Z","SKU0020","7","2800","19600","19600"
"488","2026-09-18T05:00:00.000Z","SKU0022","1","1000","1000","1000"
"513","2026-09-18T05:00:00.000Z","SKU0023","2","3000","6000","6000"
"536","2026-09-18T05:00:00.000Z","SKU0024","3","1500","4500","4500"
"561","2026-09-18T05:00:00.000Z","SKU0025","4","2000","8000","8000"
"586","2026-09-18T05:00:00.000Z","SKU0027","6","2500","15000","15000"
"611","2026-09-18T05:00:00.000Z","SKU0028","7","3500","24500","24500"
"660","2026-09-18T05:00:00.000Z","SKU0030","1","2800","2800","2800"
"685","2026-09-18T05:00:00.000Z","SKU0031","2","800","1600","1600"
"708","2026-09-18T05:00:00.000Z","SKU0032","3","1000","3000","3000"
"733","2026-09-18T05:00:00.000Z","SKU0033","4","3000","12000","12000"
"758","2026-09-18T05:00:00.000Z","SKU0034","5","1500","7500","7500"
"782","2026-09-18T05:00:00.000Z","SKU0035","6","2000","12000","12000"
"807","2026-09-18T05:00:00.000Z","SKU0036","7","4500","31500","31500"
"856","2026-09-18T05:00:00.000Z","SKU0038","1","3500","3500","3500"
"880","2026-09-18T05:00:00.000Z","SKU0040","3","2800","8400","8400"
"905","2026-09-18T05:00:00.000Z","SKU0041","4","800","3200","3200"
"930","2026-09-18T05:00:00.000Z","SKU0042","5","1000","5000","5000"
"954","2026-09-18T05:00:00.000Z","SKU0043","6","3000","18000","18000"
"979","2026-09-18T05:00:00.000Z","SKU0044","7","1500","10500","10500"
"1028","2026-09-18T05:00:00.000Z","SKU0046","1","4500","4500","4500"
"1053","2026-09-18T05:00:00.000Z","SKU0047","2","2500","5000","5000"
"1076","2026-09-18T05:00:00.000Z","SKU0048","3","3500","10500","10500"
"1101","2026-09-18T05:00:00.000Z","SKU0049","4","500","2000","2000"
"1126","2026-09-18T05:00:00.000Z","SKU0050","5","2800","14000","14000"
"1150","2026-09-18T05:00:00.000Z","SKU0051","6","800","4800","4800"
"1199","2026-09-18T05:00:00.000Z","SKU0054","1","1500","1500","1500"
"1224","2026-09-18T05:00:00.000Z","SKU0055","2","2000","4000","4000"
"1247","2026-09-18T05:00:00.000Z","SKU0056","3","4500","13500","13500"
"1272","2026-09-18T05:00:00.000Z","SKU0057","4","2500","10000","10000"
"1297","2026-09-18T05:00:00.000Z","SKU0058","5","3500","17500","17500"
"1321","2026-09-18T05:00:00.000Z","SKU0059","6","500","3000","3000"
"1346","2026-09-18T05:00:00.000Z","SKU0060","7","2800","19600","19600"
"1395","2026-09-18T05:00:00.000Z","SKU0062","1","1000","1000","1000"
"1420","2026-09-18T05:00:00.000Z","SKU0063","2","3000","6000","6000"
"1443","2026-09-18T05:00:00.000Z","SKU0064","3","1500","4500","4500"
"1468","2026-09-18T05:00:00.000Z","SKU0066","5","4500","22500","22500"
"1492","2026-09-18T05:00:00.000Z","SKU0067","6","2500","15000","15000"
"1517","2026-09-18T05:00:00.000Z","SKU0068","7","3500","24500","24500"
"1566","2026-09-18T05:00:00.000Z","SKU0070","1","2800","2800","2800"
"1591","2026-09-18T05:00:00.000Z","SKU0071","2","800","1600","1600"
"1614","2026-09-18T05:00:00.000Z","SKU0072","3","1000","3000","3000"
"1639","2026-09-18T05:00:00.000Z","SKU0073","4","3000","12000","12000"
"1664","2026-09-18T05:00:00.000Z","SKU0074","5","1500","7500","7500"
"1688","2026-09-18T05:00:00.000Z","SKU0075","6","2000","12000","12000"
"1713","2026-09-18T05:00:00.000Z","SKU0076","7","4500","31500","31500"
"1762","2026-09-18T05:00:00.000Z","SKU0079","2","500","1000","1000"
"1785","2026-09-18T05:00:00.000Z","SKU0080","3","2800","8400","8400"
"1810","2026-09-18T05:00:00.000Z","SKU0081","4","800","3200","3200"
"1835","2026-09-18T05:00:00.000Z","SKU0082","5","1000","5000","5000"
"1859","2026-09-18T05:00:00.000Z","SKU0083","6","3000","18000","18000"
"1884","2026-09-18T05:00:00.000Z","SKU0084","7","1500","10500","10500"
"1933","2026-09-18T05:00:00.000Z","SKU0086","1","4500","4500","4500"
"1958","2026-09-18T05:00:00.000Z","SKU0087","2","2500","5000","5000"
"1981","2026-09-18T05:00:00.000Z","SKU0088","3","3500","10500","10500"
"2006","2026-09-18T05:00:00.000Z","SKU0089","4","500","2000","2000"
"2031","2026-09-18T05:00:00.000Z","SKU0090","5","2800","14000","14000"
"2055","2026-09-18T05:00:00.000Z","SKU0092","7","1000","7000","7000"
"2104","2026-09-18T05:00:00.000Z","SKU0094","1","1500","1500","1500"
"2129","2026-09-18T05:00:00.000Z","SKU0095","2","2000","4000","4000"
"2152","2026-09-18T05:00:00.000Z","SKU0096","3","4500","13500","13500"
"2177","2026-09-18T05:00:00.000Z","SKU0097","4","2500","10000","10000"
"2202","2026-09-18T05:00:00.000Z","SKU0098","5","3500","17500","17500"
"2226","2026-09-18T05:00:00.000Z","SKU0099","6","500","3000","3000"
"2251","2026-09-18T05:00:00.000Z","SKU0100","7","2900","20300","20300"
"2300","2026-09-18T05:00:00.000Z","SKU0102","1","1100","1100","1100"
"2325","2026-09-18T05:00:00.000Z","SKU0103","2","3100","6200","6200"
"2349","2026-09-18T05:00:00.000Z","SKU0105","4","2100","8400","8400"
"2374","2026-09-18T05:00:00.000Z","SKU0106","5","4600","23000","23000"
"2398","2026-09-18T05:00:00.000Z","SKU0107","6","2600","15600","15600"
"2423","2026-09-18T05:00:00.000Z","SKU0108","7","3600","25200","25200"
"2472","2026-09-18T05:00:00.000Z","SKU0110","1","2900","2900","2900"
"2497","2026-09-18T05:00:00.000Z","SKU0111","2","900","1800","1800"
"2520","2026-09-18T05:00:00.000Z","SKU0112","3","1100","3300","3300"
"2545","2026-09-18T05:00:00.000Z","SKU0113","4","3100","12400","12400"
"2570","2026-09-18T05:00:00.000Z","SKU0114","5","1600","8000","8000"
"2594","2026-09-18T05:00:00.000Z","SKU0115","6","2100","12600","12600"
"2619","2026-09-18T05:00:00.000Z","SKU0116","7","4600","32200","32200"
"2644","2026-09-18T05:00:00.000Z","SKU0118","1","3600","3600","3600"
"2669","2026-09-18T05:00:00.000Z","SKU0119","2","600","1200","1200"
"2692","2026-09-18T05:00:00.000Z","SKU0120","3","2900","8700","8700"
"2717","2026-09-18T05:00:00.000Z","SKU0121","4","900","3600","3600"
"2742","2026-09-18T05:00:00.000Z","SKU0122","5","1100","5500","5500"
"2766","2026-09-18T05:00:00.000Z","SKU0123","6","3100","18600","18600"
"2791","2026-09-18T05:00:00.000Z","SKU0124","7","1600","11200","11200"
"2840","2026-09-18T05:00:00.000Z","SKU0126","1","4600","4600","4600"
"2865","2026-09-18T05:00:00.000Z","SKU0127","2","2600","5200","5200"
"2888","2026-09-18T05:00:00.000Z","SKU0128","3","3600","10800","10800"
"2913","2026-09-18T05:00:00.000Z","SKU0129","4","600","2400","2400"
"2938","2026-09-18T05:00:00.000Z","SKU0131","6","900","5400","5400"
"2963","2026-09-18T05:00:00.000Z","SKU0132","7","1100","7700","7700"
"3012","2026-09-18T05:00:00.000Z","SKU0134","1","1600","1600","1600"
"3037","2026-09-18T05:00:00.000Z","SKU0135","2","2100","4200","4200"
"3060","2026-09-18T05:00:00.000Z","SKU0136","3","4600","13800","13800"
"3085","2026-09-18T05:00:00.000Z","SKU0137","4","2600","10400","10400"
"3110","2026-09-18T05:00:00.000Z","SKU0138","5","3600","18000","18000"
"3134","2026-09-18T05:00:00.000Z","SKU0139","6","600","3600","3600"
"3159","2026-09-18T05:00:00.000Z","SKU0140","7","2900","20300","20300"
"3208","2026-09-18T05:00:00.000Z","SKU0142","1","1100","1100","1100"
"3232","2026-09-18T05:00:00.000Z","SKU0144","3","1600","4800","4800"
"3257","2026-09-18T05:00:00.000Z","SKU0145","4","2100","8400","8400"
"3282","2026-09-18T05:00:00.000Z","SKU0146","5","4600","23000","23000"
"3306","2026-09-18T05:00:00.000Z","SKU0147","6","2600","15600","15600"
"3331","2026-09-18T05:00:00.000Z","SKU0148","7","3600","25200","25200"
"3380","2026-09-18T05:00:00.000Z","SKU0150","1","2900","2900","2900"
"3405","2026-09-18T05:00:00.000Z","SKU0151","2","900","1800","1800"
"3428","2026-09-18T05:00:00.000Z","SKU0152","3","1100","3300","3300"
"3453","2026-09-18T05:00:00.000Z","SKU0153","4","3100","12400","12400"
"3478","2026-09-18T05:00:00.000Z","SKU0154","5","1600","8000","8000"
"3502","2026-09-18T05:00:00.000Z","SKU0155","6","2100","12600","12600"
"3551","2026-09-18T05:00:00.000Z","SKU0158","1","3600","3600","3600"
"3576","2026-09-18T05:00:00.000Z","SKU0159","2","600","1200","1200"
"3599","2026-09-18T05:00:00.000Z","SKU0160","3","2900","8700","8700"
"3624","2026-09-18T05:00:00.000Z","SKU0161","4","900","3600","3600"
"3649","2026-09-18T05:00:00.000Z","SKU0162","5","1100","5500","5500"
"3673","2026-09-18T05:00:00.000Z","SKU0163","6","3100","18600","18600"
"3698","2026-09-18T05:00:00.000Z","SKU0164","7","1600","11200","11200"
"3747","2026-09-18T05:00:00.000Z","SKU0166","1","4600","4600","4600"
"3772","2026-09-18T05:00:00.000Z","SKU0167","2","2600","5200","5200"
"3795","2026-09-18T05:00:00.000Z","SKU0168","3","3600","10800","10800"
"3820","2026-09-18T05:00:00.000Z","SKU0170","5","2900","14500","14500"
"3844","2026-09-18T05:00:00.000Z","SKU0171","6","900","5400","5400"
"3869","2026-09-18T05:00:00.000Z","SKU0172","7","1100","7700","7700"
"3918","2026-09-18T05:00:00.000Z","SKU0174","1","1600","1600","1600"
"3943","2026-09-18T05:00:00.000Z","SKU0175","2","2100","4200","4200"
"3966","2026-09-18T05:00:00.000Z","SKU0176","3","4600","13800","13800"
"3991","2026-09-18T05:00:00.000Z","SKU0177","4","2600","10400","10400"
"4016","2026-09-18T05:00:00.000Z","SKU0178","5","3600","18000","18000"
"4040","2026-09-18T05:00:00.000Z","SKU0179","6","600","3600","3600"
"4065","2026-09-18T05:00:00.000Z","SKU0180","7","2900","20300","20300"
"4114","2026-09-18T05:00:00.000Z","SKU0183","2","3100","6200","6200"
"4137","2026-09-18T05:00:00.000Z","SKU0184","3","1600","4800","4800"
"4162","2026-09-18T05:00:00.000Z","SKU0185","4","2100","8400","8400"
"4187","2026-09-18T05:00:00.000Z","SKU0186","5","4600","23000","23000"
"4211","2026-09-18T05:00:00.000Z","SKU0187","6","2600","15600","15600"
"4236","2026-09-18T05:00:00.000Z","SKU0188","7","3600","25200","25200"
"4285","2026-09-18T05:00:00.000Z","SKU0190","1","2900","2900","2900"
"4310","2026-09-18T05:00:00.000Z","SKU0191","2","900","1800","1800"
"4333","2026-09-18T05:00:00.000Z","SKU0192","3","1100","3300","3300"
"4358","2026-09-18T05:00:00.000Z","SKU0193","4","3100","12400","12400"
"4383","2026-09-18T05:00:00.000Z","SKU0194","5","1600","8000","8000"
"4407","2026-09-18T05:00:00.000Z","SKU0196","7","4600","32200","32200"
"4456","2026-09-18T05:00:00.000Z","SKU0198","1","3600","3600","3600"
"4481","2026-09-18T05:00:00.000Z","SKU0199","2","600","1200","1200"
"4504","2026-09-18T05:00:00.000Z","SKU0200","3","3000","9000","9000"
"4529","2026-09-18T05:00:00.000Z","SKU0201","4","1000","4000","4000"
"4554","2026-09-18T05:00:00.000Z","SKU0202","5","1200","6000","6000"
"4578","2026-09-18T05:00:00.000Z","SKU0203","6","3200","19200","19200"
"4603","2026-09-18T05:00:00.000Z","SKU0204","7","1700","11900","11900"
"4652","2026-09-18T05:00:00.000Z","SKU0206","1","4700","4700","4700"
"4677","2026-09-18T05:00:00.000Z","SKU0207","2","2700","5400","5400"
"4701","2026-09-18T05:00:00.000Z","SKU0209","4","700","2800","2800"
"4726","2026-09-18T05:00:00.000Z","SKU0210","5","3000","15000","15000"
"4750","2026-09-18T05:00:00.000Z","SKU0211","6","1000","6000","6000"
"4775","2026-09-18T05:00:00.000Z","SKU0212","7","1200","8400","8400"
"4824","2026-09-18T05:00:00.000Z","SKU0214","1","1700","1700","1700"
"4849","2026-09-18T05:00:00.000Z","SKU0215","2","2200","4400","4400"
"4872","2026-09-18T05:00:00.000Z","SKU0216","3","4700","14100","14100"
"4897","2026-09-18T05:00:00.000Z","SKU0217","4","2700","10800","10800"
"4922","2026-09-18T05:00:00.000Z","SKU0218","5","3700","18500","18500"
"4946","2026-09-18T05:00:00.000Z","SKU0219","6","700","4200","4200"
"4971","2026-09-18T05:00:00.000Z","SKU0220","7","3000","21000","21000"
"4996","2026-09-18T05:00:00.000Z","SKU0222","1","1200","1200","1200"
"5021","2026-09-18T05:00:00.000Z","SKU0223","2","3200","6400","6400"
"5044","2026-09-18T05:00:00.000Z","SKU0224","3","1700","5100","5100"
"5069","2026-09-18T05:00:00.000Z","SKU0225","4","2200","8800","8800"
"5094","2026-09-18T05:00:00.000Z","SKU0226","5","4700","23500","23500"
"5118","2026-09-18T05:00:00.000Z","SKU0227","6","2700","16200","16200"
"5143","2026-09-18T05:00:00.000Z","SKU0228","7","3700","25900","25900"
"5192","2026-09-18T05:00:00.000Z","SKU0230","1","3000","3000","3000"
"5217","2026-09-18T05:00:00.000Z","SKU0231","2","1000","2000","2000"
"5240","2026-09-18T05:00:00.000Z","SKU0232","3","1200","3600","3600"
"5265","2026-09-18T05:00:00.000Z","SKU0233","4","3200","12800","12800"
"5290","2026-09-18T05:00:00.000Z","SKU0235","6","2200","13200","13200"
"5315","2026-09-18T05:00:00.000Z","SKU0236","7","4700","32900","32900"
"5364","2026-09-18T05:00:00.000Z","SKU0238","1","3700","3700","3700"
"5389","2026-09-18T05:00:00.000Z","SKU0239","2","700","1400","1400"
"5412","2026-09-18T05:00:00.000Z","SKU0240","3","3000","9000","9000"
"5437","2026-09-18T05:00:00.000Z","SKU0241","4","1000","4000","4000"
"5462","2026-09-18T05:00:00.000Z","SKU0242","5","1200","6000","6000"
"5486","2026-09-18T05:00:00.000Z","SKU0243","6","3200","19200","19200"
"5511","2026-09-18T05:00:00.000Z","SKU0244","7","1700","11900","11900"
"5560","2026-09-18T05:00:00.000Z","SKU0246","1","4700","4700","4700"
"5584","2026-09-18T05:00:00.000Z","SKU0248","3","3700","11100","11100"
"5609","2026-09-18T05:00:00.000Z","SKU0249","4","700","2800","2800"
"5634","2026-09-18T05:00:00.000Z","SKU0250","5","3000","15000","15000"
"5658","2026-09-18T05:00:00.000Z","SKU0251","6","1000","6000","6000"
"5683","2026-09-18T05:00:00.000Z","SKU0252","7","1200","8400","8400"
"5732","2026-09-18T05:00:00.000Z","SKU0254","1","1700","1700","1700"
"5757","2026-09-18T05:00:00.000Z","SKU0255","2","2200","4400","4400"
"5780","2026-09-18T05:00:00.000Z","SKU0256","3","4700","14100","14100"
"5805","2026-09-18T05:00:00.000Z","SKU0257","4","2700","10800","10800"
"5830","2026-09-18T05:00:00.000Z","SKU0258","5","3700","18500","18500"
"5854","2026-09-18T05:00:00.000Z","SKU0259","6","700","4200","4200"
"5903","2026-09-18T05:00:00.000Z","SKU0262","1","1200","1200","1200"
"5928","2026-09-18T05:00:00.000Z","SKU0263","2","3200","6400","6400"
"5951","2026-09-18T05:00:00.000Z","SKU0264","3","1700","5100","5100"
"5976","2026-09-18T05:00:00.000Z","SKU0265","4","2200","8800","8800"
"6001","2026-09-18T05:00:00.000Z","SKU0266","5","4700","23500","23500"
"6025","2026-09-18T05:00:00.000Z","SKU0267","6","2700","16200","16200"
"6050","2026-09-18T05:00:00.000Z","SKU0268","7","3700","25900","25900"
"6099","2026-09-18T05:00:00.000Z","SKU0270","1","3000","3000","3000"
"6124","2026-09-18T05:00:00.000Z","SKU0271","2","1000","2000","2000"
"6147","2026-09-18T05:00:00.000Z","SKU0272","3","1200","3600","3600"
"6172","2026-09-18T05:00:00.000Z","SKU0274","5","1700","8500","8500"
"6196","2026-09-18T05:00:00.000Z","SKU0275","6","2200","13200","13200"
"6221","2026-09-18T05:00:00.000Z","SKU0276","7","4700","32900","32900"
"6270","2026-09-18T05:00:00.000Z","SKU0278","1","3700","3700","3700"
"6295","2026-09-18T05:00:00.000Z","SKU0279","2","700","1400","1400"
"6318","2026-09-18T05:00:00.000Z","SKU0280","3","3000","9000","9000"
"6343","2026-09-18T05:00:00.000Z","SKU0281","4","1000","4000","4000"
"6368","2026-09-18T05:00:00.000Z","SKU0282","5","1200","6000","6000"
"6392","2026-09-18T05:00:00.000Z","SKU0283","6","3200","19200","19200"
"6417","2026-09-18T05:00:00.000Z","SKU0284","7","1700","11900","11900"
"6466","2026-09-18T05:00:00.000Z","SKU0287","2","2700","5400","5400"
"6489","2026-09-18T05:00:00.000Z","SKU0288","3","3700","11100","11100"
"6514","2026-09-18T05:00:00.000Z","SKU0289","4","700","2800","2800"
"6539","2026-09-18T05:00:00.000Z","SKU0290","5","3000","15000","15000"
"6563","2026-09-18T05:00:00.000Z","SKU0291","6","1000","6000","6000"
"6588","2026-09-18T05:00:00.000Z","SKU0292","7","1200","8400","8400"
"6637","2026-09-18T05:00:00.000Z","SKU0294","1","1700","1700","1700"
"6662","2026-09-18T05:00:00.000Z","SKU0295","2","2200","4400","4400"
"6685","2026-09-18T05:00:00.000Z","SKU0296","3","4700","14100","14100"
"6710","2026-09-18T05:00:00.000Z","SKU0297","4","2700","10800","10800"
"6735","2026-09-18T05:00:00.000Z","SKU0298","5","3700","18500","18500"
"6759","2026-09-18T05:00:00.000Z","SKU0300","7","3100","21700","21700"
"6808","2026-09-18T05:00:00.000Z","SKU0302","1","1300","1300","1300"
"6833","2026-09-18T05:00:00.000Z","SKU0303","2","3300","6600","6600"
"6856","2026-09-18T05:00:00.000Z","SKU0304","3","1800","5400","5400"
"6881","2026-09-18T05:00:00.000Z","SKU0305","4","2300","9200","9200"
"6906","2026-09-18T05:00:00.000Z","SKU0306","5","4800","24000","24000"
"6930","2026-09-18T05:00:00.000Z","SKU0307","6","2800","16800","16800"
"6955","2026-09-18T05:00:00.000Z","SKU0308","7","3800","26600","26600"
"7004","2026-09-18T05:00:00.000Z","SKU0310","1","3100","3100","3100"
"7029","2026-09-18T05:00:00.000Z","SKU0311","2","1100","2200","2200"
"7053","2026-09-18T05:00:00.000Z","SKU0313","4","3300","13200","13200"
"7078","2026-09-18T05:00:00.000Z","SKU0314","5","1800","9000","9000"
"7102","2026-09-18T05:00:00.000Z","SKU0315","6","2300","13800","13800"
"7127","2026-09-18T05:00:00.000Z","SKU0316","7","4800","33600","33600"
"7176","2026-09-18T05:00:00.000Z","SKU0318","1","3800","3800","3800"
"7201","2026-09-18T05:00:00.000Z","SKU0319","2","800","1600","1600"
"7224","2026-09-18T05:00:00.000Z","SKU0320","3","3100","9300","9300"
"7249","2026-09-18T05:00:00.000Z","SKU0321","4","1100","4400","4400"
"7274","2026-09-18T05:00:00.000Z","SKU0322","5","1300","6500","6500"
"7298","2026-09-18T05:00:00.000Z","SKU0323","6","3300","19800","19800"
"7323","2026-09-18T05:00:00.000Z","SKU0324","7","1800","12600","12600"
"7348","2026-09-18T05:00:00.000Z","SKU0326","1","4800","4800","4800"
"7373","2026-09-18T05:00:00.000Z","SKU0327","2","2800","5600","5600"
"7396","2026-09-18T05:00:00.000Z","SKU0328","3","3800","11400","11400"
"7421","2026-09-18T05:00:00.000Z","SKU0329","4","800","3200","3200"
"7446","2026-09-18T05:00:00.000Z","SKU0330","5","3100","15500","15500"
"7470","2026-09-18T05:00:00.000Z","SKU0331","6","1100","6600","6600"
"7495","2026-09-18T05:00:00.000Z","SKU0332","7","1300","9100","9100"
"7544","2026-09-18T05:00:00.000Z","SKU0334","1","1800","1800","1800"
"7569","2026-09-18T05:00:00.000Z","SKU0335","2","2300","4600","4600"
"7592","2026-09-18T05:00:00.000Z","SKU0336","3","4800","14400","14400"
"7617","2026-09-18T05:00:00.000Z","SKU0337","4","2800","11200","11200"
"7642","2026-09-18T05:00:00.000Z","SKU0339","6","800","4800","4800"
"7667","2026-09-18T05:00:00.000Z","SKU0340","7","3100","21700","21700"
"7716","2026-09-18T05:00:00.000Z","SKU0342","1","1300","1300","1300"
"7741","2026-09-18T05:00:00.000Z","SKU0343","2","3300","6600","6600"
"7764","2026-09-18T05:00:00.000Z","SKU0344","3","1800","5400","5400"
"7789","2026-09-18T05:00:00.000Z","SKU0345","4","2300","9200","9200"
"7814","2026-09-18T05:00:00.000Z","SKU0346","5","4800","24000","24000"
"7838","2026-09-18T05:00:00.000Z","SKU0347","6","2800","16800","16800"
"7863","2026-09-18T05:00:00.000Z","SKU0348","7","3800","26600","26600"
"7912","2026-09-18T05:00:00.000Z","SKU0350","1","3100","3100","3100"
"7936","2026-09-18T05:00:00.000Z","SKU0352","3","1300","3900","3900"
"7961","2026-09-18T05:00:00.000Z","SKU0353","4","3300","13200","13200"
"7986","2026-09-18T05:00:00.000Z","SKU0354","5","1800","9000","9000"
"8010","2026-09-18T05:00:00.000Z","SKU0355","6","2300","13800","13800"
"8035","2026-09-18T05:00:00.000Z","SKU0356","7","4800","33600","33600"
"8084","2026-09-18T05:00:00.000Z","SKU0358","1","3800","3800","3800"
"8109","2026-09-18T05:00:00.000Z","SKU0359","2","800","1600","1600"
"8132","2026-09-18T05:00:00.000Z","SKU0360","3","3100","9300","9300"
"8157","2026-09-18T05:00:00.000Z","SKU0361","4","1100","4400","4400"
"8182","2026-09-18T05:00:00.000Z","SKU0362","5","1300","6500","6500"
"8206","2026-09-18T05:00:00.000Z","SKU0363","6","3300","19800","19800"
"8255","2026-09-18T05:00:00.000Z","SKU0366","1","4800","4800","4800"
"8280","2026-09-18T05:00:00.000Z","SKU0367","2","2800","5600","5600"
"8303","2026-09-18T05:00:00.000Z","SKU0368","3","3800","11400","11400"
"8328","2026-09-18T05:00:00.000Z","SKU0369","4","800","3200","3200"
"8353","2026-09-18T05:00:00.000Z","SKU0370","5","3100","15500","15500"
"8377","2026-09-18T05:00:00.000Z","SKU0371","6","1100","6600","6600"
"8402","2026-09-18T05:00:00.000Z","SKU0372","7","1300","9100","9100"
"8451","2026-09-18T05:00:00.000Z","SKU0374","1","1800","1800","1800"
"8476","2026-09-18T05:00:00.000Z","SKU0375","2","2300","4600","4600"
"8499","2026-09-18T05:00:00.000Z","SKU0376","3","4800","14400","14400"
"8524","2026-09-18T05:00:00.000Z","SKU0378","5","3800","19000","19000"
"8548","2026-09-18T05:00:00.000Z","SKU0379","6","800","4800","4800"
"8573","2026-09-18T05:00:00.000Z","SKU0380","7","3100","21700","21700"
"8622","2026-09-18T05:00:00.000Z","SKU0382","1","1300","1300","1300"
"8647","2026-09-18T05:00:00.000Z","SKU0383","2","3300","6600","6600"
"8670","2026-09-18T05:00:00.000Z","SKU0384","3","1800","5400","5400"
"8695","2026-09-18T05:00:00.000Z","SKU0385","4","2300","9200","9200"
"8720","2026-09-18T05:00:00.000Z","SKU0386","5","4800","24000","24000"
"8744","2026-09-18T05:00:00.000Z","SKU0387","6","2800","16800","16800"
"8769","2026-09-18T05:00:00.000Z","SKU0388","7","3800","26600","26600"
"8818","2026-09-18T05:00:00.000Z","SKU0391","2","1100","2200","2200"
"8841","2026-09-18T05:00:00.000Z","SKU0392","3","1300","3900","3900"
"8866","2026-09-18T05:00:00.000Z","SKU0393","4","3300","13200","13200"
"8891","2026-09-18T05:00:00.000Z","SKU0394","5","1800","9000","9000"
"8915","2026-09-18T05:00:00.000Z","SKU0395","6","2300","13800","13800"
"8940","2026-09-18T05:00:00.000Z","SKU0396","7","4800","33600","33600"
"8989","2026-09-18T05:00:00.000Z","SKU0398","1","3800","3800","3800"
"9014","2026-09-18T05:00:00.000Z","SKU0399","2","800","1600","1600"
"9037","2026-09-18T05:00:00.000Z","SKU0400","3","3200","9600","9600"
"9062","2026-09-18T05:00:00.000Z","SKU0401","4","1200","4800","4800"
"9087","2026-09-18T05:00:00.000Z","SKU0402","5","1400","7000","7000"
"9111","2026-09-18T05:00:00.000Z","SKU0404","7","1900","13300","13300"
"9160","2026-09-18T05:00:00.000Z","SKU0406","1","4900","4900","4900"
"9185","2026-09-18T05:00:00.000Z","SKU0407","2","2900","5800","5800"
"9208","2026-09-18T05:00:00.000Z","SKU0408","3","3900","11700","11700"
"9233","2026-09-18T05:00:00.000Z","SKU0409","4","900","3600","3600"
"9258","2026-09-18T05:00:00.000Z","SKU0410","5","3200","16000","16000"
"9282","2026-09-18T05:00:00.000Z","SKU0411","6","1200","7200","7200"
"9307","2026-09-18T05:00:00.000Z","SKU0412","7","1400","9800","9800"
"9356","2026-09-18T05:00:00.000Z","SKU0414","1","1900","1900","1900"
"9381","2026-09-18T05:00:00.000Z","SKU0415","2","2400","4800","4800"
"9405","2026-09-18T05:00:00.000Z","SKU0417","4","2900","11600","11600"
"9430","2026-09-18T05:00:00.000Z","SKU0418","5","3900","19500","19500"
"9454","2026-09-18T05:00:00.000Z","SKU0419","6","900","5400","5400"
"9479","2026-09-18T05:00:00.000Z","SKU0420","7","3200","22400","22400"
"9528","2026-09-18T05:00:00.000Z","SKU0422","1","1400","1400","1400"
"9553","2026-09-18T05:00:00.000Z","SKU0423","2","3400","6800","6800"
"9576","2026-09-18T05:00:00.000Z","SKU0424","3","1900","5700","5700"
"9601","2026-09-18T05:00:00.000Z","SKU0425","4","2400","9600","9600"
"9626","2026-09-18T05:00:00.000Z","SKU0426","5","4900","24500","24500"
"9650","2026-09-18T05:00:00.000Z","SKU0427","6","2900","17400","17400"
"9675","2026-09-18T05:00:00.000Z","SKU0428","7","3900","27300","27300"
"9700","2026-09-18T05:00:00.000Z","SKU0430","1","3200","3200","3200"
"9725","2026-09-18T05:00:00.000Z","SKU0431","2","1200","2400","2400"
"9748","2026-09-18T05:00:00.000Z","SKU0432","3","1400","4200","4200"
"9773","2026-09-18T05:00:00.000Z","SKU0433","4","3400","13600","13600"
"9798","2026-09-18T05:00:00.000Z","SKU0434","5","1900","9500","9500"
"9822","2026-09-18T05:00:00.000Z","SKU0435","6","2400","14400","14400"
"9847","2026-09-18T05:00:00.000Z","SKU0436","7","4900","34300","34300"
"9896","2026-09-18T05:00:00.000Z","SKU0438","1","3900","3900","3900"
"9921","2026-09-18T05:00:00.000Z","SKU0439","2","900","1800","1800"
"9944","2026-09-18T05:00:00.000Z","SKU0440","3","3200","9600","9600"
"9969","2026-09-18T05:00:00.000Z","SKU0441","4","1200","4800","4800"
"9994","2026-09-18T05:00:00.000Z","SKU0443","6","3400","20400","20400"
"10019","2026-09-18T05:00:00.000Z","SKU0444","7","1900","13300","13300"
"10068","2026-09-18T05:00:00.000Z","SKU0446","1","4900","4900","4900"
"10093","2026-09-18T05:00:00.000Z","SKU0447","2","2900","5800","5800"
"10116","2026-09-18T05:00:00.000Z","SKU0448","3","3900","11700","11700"
"10141","2026-09-18T05:00:00.000Z","SKU0449","4","900","3600","3600"
"10166","2026-09-18T05:00:00.000Z","SKU0450","5","3200","16000","16000"
"10190","2026-09-18T05:00:00.000Z","SKU0451","6","1200","7200","7200"
"10215","2026-09-18T05:00:00.000Z","SKU0452","7","1400","9800","9800"
"10264","2026-09-18T05:00:00.000Z","SKU0454","1","1900","1900","1900"
"10288","2026-09-18T05:00:00.000Z","SKU0456","3","4900","14700","14700"
"10313","2026-09-18T05:00:00.000Z","SKU0457","4","2900","11600","11600"
"10338","2026-09-18T05:00:00.000Z","SKU0458","5","3900","19500","19500"
"10362","2026-09-18T05:00:00.000Z","SKU0459","6","900","5400","5400"
"10387","2026-09-18T05:00:00.000Z","SKU0460","7","3200","22400","22400"
"10436","2026-09-18T05:00:00.000Z","SKU0462","1","1400","1400","1400"
"10461","2026-09-18T05:00:00.000Z","SKU0463","2","3400","6800","6800"
"10484","2026-09-18T05:00:00.000Z","SKU0464","3","1900","5700","5700"
"10509","2026-09-18T05:00:00.000Z","SKU0465","4","2400","9600","9600"
"10534","2026-09-18T05:00:00.000Z","SKU0466","5","4900","24500","24500"
"10558","2026-09-18T05:00:00.000Z","SKU0467","6","2900","17400","17400"
"10607","2026-09-18T05:00:00.000Z","SKU0470","1","3200","3200","3200"
"10632","2026-09-18T05:00:00.000Z","SKU0471","2","1200","2400","2400"
"10655","2026-09-18T05:00:00.000Z","SKU0472","3","1400","4200","4200"
"10680","2026-09-18T05:00:00.000Z","SKU0473","4","3400","13600","13600"
"10705","2026-09-18T05:00:00.000Z","SKU0474","5","1900","9500","9500"
"10729","2026-09-18T05:00:00.000Z","SKU0475","6","2400","14400","14400"
"10754","2026-09-18T05:00:00.000Z","SKU0476","7","4900","34300","34300"
"10803","2026-09-18T05:00:00.000Z","SKU0478","1","3900","3900","3900"
"10828","2026-09-18T05:00:00.000Z","SKU0479","2","900","1800","1800"
"10851","2026-09-18T05:00:00.000Z","SKU0480","3","3200","9600","9600"
"10876","2026-09-18T05:00:00.000Z","SKU0482","5","1400","7000","7000"
"10900","2026-09-18T05:00:00.000Z","SKU0483","6","3400","20400","20400"
"10925","2026-09-18T05:00:00.000Z","SKU0484","7","1900","13300","13300"
"10974","2026-09-18T05:00:00.000Z","SKU0486","1","4900","4900","4900"
"10999","2026-09-18T05:00:00.000Z","SKU0487","2","2900","5800","5800"
"11022","2026-09-18T05:00:00.000Z","SKU0488","3","3900","11700","11700"
"11047","2026-09-18T05:00:00.000Z","SKU0489","4","900","3600","3600"
"11072","2026-09-18T05:00:00.000Z","SKU0490","5","3200","16000","16000"
"11096","2026-09-18T05:00:00.000Z","SKU0491","6","1200","7200","7200"
"11121","2026-09-18T05:00:00.000Z","SKU0492","7","1400","9800","9800"
"11170","2026-09-18T05:00:00.000Z","SKU0495","2","2400","4800","4800"
"11193","2026-09-18T05:00:00.000Z","SKU0496","3","4900","14700","14700"
"11218","2026-09-18T05:00:00.000Z","SKU0497","4","2900","11600","11600"
"11243","2026-09-18T05:00:00.000Z","SKU0498","5","3900","19500","19500"
"11267","2026-09-18T05:00:00.000Z","SKU0499","6","900","5400","5400"
"11","2026-09-19T05:00:00.000Z","SKU0001","4","800","3200","3200"
"39","2026-09-19T05:00:00.000Z","SKU0002","8","1000","8000","8000"
"59","2026-09-19T05:00:00.000Z","SKU0003","1","3000","3000","3000"
"72","2026-09-19T05:00:00.000Z","SKU0004","2","1500","3000","3000"
"96","2026-09-19T05:00:00.000Z","SKU0005","3","2000","6000","6000"
"121","2026-09-19T05:00:00.000Z","SKU0006","4","4500","18000","18000"
"146","2026-09-19T05:00:00.000Z","SKU0007","5","2500","12500","12500"
"169","2026-09-19T05:00:00.000Z","SKU0008","6","3500","21000","21000"
"194","2026-09-19T05:00:00.000Z","SKU0009","7","500","3500","3500"
"243","2026-09-19T05:00:00.000Z","SKU0011","1","800","800","800"
"268","2026-09-19T05:00:00.000Z","SKU0012","2","1000","2000","2000"
"293","2026-09-19T05:00:00.000Z","SKU0014","4","1500","6000","6000"
"318","2026-09-19T05:00:00.000Z","SKU0015","5","2000","10000","10000"
"341","2026-09-19T05:00:00.000Z","SKU0016","6","4500","27000","27000"
"366","2026-09-19T05:00:00.000Z","SKU0017","7","2500","17500","17500"
"415","2026-09-19T05:00:00.000Z","SKU0019","1","500","500","500"
"440","2026-09-19T05:00:00.000Z","SKU0020","2","2800","5600","5600"
"464","2026-09-19T05:00:00.000Z","SKU0021","3","800","2400","2400"
"489","2026-09-19T05:00:00.000Z","SKU0022","4","1000","4000","4000"
"514","2026-09-19T05:00:00.000Z","SKU0023","5","3000","15000","15000"
"537","2026-09-19T05:00:00.000Z","SKU0024","6","1500","9000","9000"
"562","2026-09-19T05:00:00.000Z","SKU0025","7","2000","14000","14000"
"587","2026-09-19T05:00:00.000Z","SKU0027","1","2500","2500","2500"
"612","2026-09-19T05:00:00.000Z","SKU0028","2","3500","7000","7000"
"636","2026-09-19T05:00:00.000Z","SKU0029","3","500","1500","1500"
"661","2026-09-19T05:00:00.000Z","SKU0030","4","2800","11200","11200"
"686","2026-09-19T05:00:00.000Z","SKU0031","5","800","4000","4000"
"709","2026-09-19T05:00:00.000Z","SKU0032","6","1000","6000","6000"
"734","2026-09-19T05:00:00.000Z","SKU0033","7","3000","21000","21000"
"783","2026-09-19T05:00:00.000Z","SKU0035","1","2000","2000","2000"
"808","2026-09-19T05:00:00.000Z","SKU0036","2","4500","9000","9000"
"832","2026-09-19T05:00:00.000Z","SKU0037","3","2500","7500","7500"
"857","2026-09-19T05:00:00.000Z","SKU0038","4","3500","14000","14000"
"881","2026-09-19T05:00:00.000Z","SKU0040","6","2800","16800","16800"
"906","2026-09-19T05:00:00.000Z","SKU0041","7","800","5600","5600"
"955","2026-09-19T05:00:00.000Z","SKU0043","1","3000","3000","3000"
"980","2026-09-19T05:00:00.000Z","SKU0044","2","1500","3000","3000"
"1004","2026-09-19T05:00:00.000Z","SKU0045","3","2000","6000","6000"
"1029","2026-09-19T05:00:00.000Z","SKU0046","4","4500","18000","18000"
"1054","2026-09-19T05:00:00.000Z","SKU0047","5","2500","12500","12500"
"1077","2026-09-19T05:00:00.000Z","SKU0048","6","3500","21000","21000"
"1102","2026-09-19T05:00:00.000Z","SKU0049","7","500","3500","3500"
"1151","2026-09-19T05:00:00.000Z","SKU0051","1","800","800","800"
"1175","2026-09-19T05:00:00.000Z","SKU0053","3","3000","9000","9000"
"1200","2026-09-19T05:00:00.000Z","SKU0054","4","1500","6000","6000"
"1225","2026-09-19T05:00:00.000Z","SKU0055","5","2000","10000","10000"
"1248","2026-09-19T05:00:00.000Z","SKU0056","6","4500","27000","27000"
"1273","2026-09-19T05:00:00.000Z","SKU0057","7","2500","17500","17500"
"1322","2026-09-19T05:00:00.000Z","SKU0059","1","500","500","500"
"1347","2026-09-19T05:00:00.000Z","SKU0060","2","2800","5600","5600"
"1371","2026-09-19T05:00:00.000Z","SKU0061","3","800","2400","2400"
"1396","2026-09-19T05:00:00.000Z","SKU0062","4","1000","4000","4000"
"1421","2026-09-19T05:00:00.000Z","SKU0063","5","3000","15000","15000"
"1444","2026-09-19T05:00:00.000Z","SKU0064","6","1500","9000","9000"
"1493","2026-09-19T05:00:00.000Z","SKU0067","1","2500","2500","2500"
"1518","2026-09-19T05:00:00.000Z","SKU0068","2","3500","7000","7000"
"1542","2026-09-19T05:00:00.000Z","SKU0069","3","500","1500","1500"
"1567","2026-09-19T05:00:00.000Z","SKU0070","4","2800","11200","11200"
"1592","2026-09-19T05:00:00.000Z","SKU0071","5","800","4000","4000"
"1615","2026-09-19T05:00:00.000Z","SKU0072","6","1000","6000","6000"
"1640","2026-09-19T05:00:00.000Z","SKU0073","7","3000","21000","21000"
"1689","2026-09-19T05:00:00.000Z","SKU0075","1","2000","2000","2000"
"1714","2026-09-19T05:00:00.000Z","SKU0076","2","4500","9000","9000"
"1738","2026-09-19T05:00:00.000Z","SKU0077","3","2500","7500","7500"
"1763","2026-09-19T05:00:00.000Z","SKU0079","5","500","2500","2500"
"1786","2026-09-19T05:00:00.000Z","SKU0080","6","2800","16800","16800"
"1811","2026-09-19T05:00:00.000Z","SKU0081","7","800","5600","5600"
"1860","2026-09-19T05:00:00.000Z","SKU0083","1","3000","3000","3000"
"1885","2026-09-19T05:00:00.000Z","SKU0084","2","1500","3000","3000"
"1909","2026-09-19T05:00:00.000Z","SKU0085","3","2000","6000","6000"
"1934","2026-09-19T05:00:00.000Z","SKU0086","4","4500","18000","18000"
"1959","2026-09-19T05:00:00.000Z","SKU0087","5","2500","12500","12500"
"1982","2026-09-19T05:00:00.000Z","SKU0088","6","3500","21000","21000"
"2007","2026-09-19T05:00:00.000Z","SKU0089","7","500","3500","3500"
"2056","2026-09-19T05:00:00.000Z","SKU0092","2","1000","2000","2000"
"2080","2026-09-19T05:00:00.000Z","SKU0093","3","3000","9000","9000"
"2105","2026-09-19T05:00:00.000Z","SKU0094","4","1500","6000","6000"
"2130","2026-09-19T05:00:00.000Z","SKU0095","5","2000","10000","10000"
"2153","2026-09-19T05:00:00.000Z","SKU0096","6","4500","27000","27000"
"2178","2026-09-19T05:00:00.000Z","SKU0097","7","2500","17500","17500"
"2227","2026-09-19T05:00:00.000Z","SKU0099","1","500","500","500"
"2252","2026-09-19T05:00:00.000Z","SKU0100","2","2900","5800","5800"
"2276","2026-09-19T05:00:00.000Z","SKU0101","3","900","2700","2700"
"2301","2026-09-19T05:00:00.000Z","SKU0102","4","1100","4400","4400"
"2326","2026-09-19T05:00:00.000Z","SKU0103","5","3100","15500","15500"
"2350","2026-09-19T05:00:00.000Z","SKU0105","7","2100","14700","14700"
"2399","2026-09-19T05:00:00.000Z","SKU0107","1","2600","2600","2600"
"2424","2026-09-19T05:00:00.000Z","SKU0108","2","3600","7200","7200"
"2448","2026-09-19T05:00:00.000Z","SKU0109","3","600","1800","1800"
"2473","2026-09-19T05:00:00.000Z","SKU0110","4","2900","11600","11600"
"2498","2026-09-19T05:00:00.000Z","SKU0111","5","900","4500","4500"
"2521","2026-09-19T05:00:00.000Z","SKU0112","6","1100","6600","6600"
"2546","2026-09-19T05:00:00.000Z","SKU0113","7","3100","21700","21700"
"2595","2026-09-19T05:00:00.000Z","SKU0115","1","2100","2100","2100"
"2620","2026-09-19T05:00:00.000Z","SKU0116","2","4600","9200","9200"
"2645","2026-09-19T05:00:00.000Z","SKU0118","4","3600","14400","14400"
"2670","2026-09-19T05:00:00.000Z","SKU0119","5","600","3000","3000"
"2693","2026-09-19T05:00:00.000Z","SKU0120","6","2900","17400","17400"
"2718","2026-09-19T05:00:00.000Z","SKU0121","7","900","6300","6300"
"2767","2026-09-19T05:00:00.000Z","SKU0123","1","3100","3100","3100"
"2792","2026-09-19T05:00:00.000Z","SKU0124","2","1600","3200","3200"
"2816","2026-09-19T05:00:00.000Z","SKU0125","3","2100","6300","6300"
"2841","2026-09-19T05:00:00.000Z","SKU0126","4","4600","18400","18400"
"2866","2026-09-19T05:00:00.000Z","SKU0127","5","2600","13000","13000"
"2889","2026-09-19T05:00:00.000Z","SKU0128","6","3600","21600","21600"
"2914","2026-09-19T05:00:00.000Z","SKU0129","7","600","4200","4200"
"2939","2026-09-19T05:00:00.000Z","SKU0131","1","900","900","900"
"2964","2026-09-19T05:00:00.000Z","SKU0132","2","1100","2200","2200"
"2988","2026-09-19T05:00:00.000Z","SKU0133","3","3100","9300","9300"
"3013","2026-09-19T05:00:00.000Z","SKU0134","4","1600","6400","6400"
"3038","2026-09-19T05:00:00.000Z","SKU0135","5","2100","10500","10500"
"3061","2026-09-19T05:00:00.000Z","SKU0136","6","4600","27600","27600"
"3086","2026-09-19T05:00:00.000Z","SKU0137","7","2600","18200","18200"
"3135","2026-09-19T05:00:00.000Z","SKU0139","1","600","600","600"
"3160","2026-09-19T05:00:00.000Z","SKU0140","2","2900","5800","5800"
"3184","2026-09-19T05:00:00.000Z","SKU0141","3","900","2700","2700"
"3209","2026-09-19T05:00:00.000Z","SKU0142","4","1100","4400","4400"
"3233","2026-09-19T05:00:00.000Z","SKU0144","6","1600","9600","9600"
"3258","2026-09-19T05:00:00.000Z","SKU0145","7","2100","14700","14700"
"3307","2026-09-19T05:00:00.000Z","SKU0147","1","2600","2600","2600"
"3332","2026-09-19T05:00:00.000Z","SKU0148","2","3600","7200","7200"
"3356","2026-09-19T05:00:00.000Z","SKU0149","3","600","1800","1800"
"3381","2026-09-19T05:00:00.000Z","SKU0150","4","2900","11600","11600"
"3406","2026-09-19T05:00:00.000Z","SKU0151","5","900","4500","4500"
"3429","2026-09-19T05:00:00.000Z","SKU0152","6","1100","6600","6600"
"3454","2026-09-19T05:00:00.000Z","SKU0153","7","3100","21700","21700"
"3503","2026-09-19T05:00:00.000Z","SKU0155","1","2100","2100","2100"
"3527","2026-09-19T05:00:00.000Z","SKU0157","3","2600","7800","7800"
"3552","2026-09-19T05:00:00.000Z","SKU0158","4","3600","14400","14400"
"3577","2026-09-19T05:00:00.000Z","SKU0159","5","600","3000","3000"
"3600","2026-09-19T05:00:00.000Z","SKU0160","6","2900","17400","17400"
"3625","2026-09-19T05:00:00.000Z","SKU0161","7","900","6300","6300"
"3674","2026-09-19T05:00:00.000Z","SKU0163","1","3100","3100","3100"
"3699","2026-09-19T05:00:00.000Z","SKU0164","2","1600","3200","3200"
"3723","2026-09-19T05:00:00.000Z","SKU0165","3","2100","6300","6300"
"3748","2026-09-19T05:00:00.000Z","SKU0166","4","4600","18400","18400"
"3773","2026-09-19T05:00:00.000Z","SKU0167","5","2600","13000","13000"
"3796","2026-09-19T05:00:00.000Z","SKU0168","6","3600","21600","21600"
"3845","2026-09-19T05:00:00.000Z","SKU0171","1","900","900","900"
"3870","2026-09-19T05:00:00.000Z","SKU0172","2","1100","2200","2200"
"3894","2026-09-19T05:00:00.000Z","SKU0173","3","3100","9300","9300"
"3919","2026-09-19T05:00:00.000Z","SKU0174","4","1600","6400","6400"
"3944","2026-09-19T05:00:00.000Z","SKU0175","5","2100","10500","10500"
"3967","2026-09-19T05:00:00.000Z","SKU0176","6","4600","27600","27600"
"3992","2026-09-19T05:00:00.000Z","SKU0177","7","2600","18200","18200"
"4041","2026-09-19T05:00:00.000Z","SKU0179","1","600","600","600"
"4066","2026-09-19T05:00:00.000Z","SKU0180","2","2900","5800","5800"
"4090","2026-09-19T05:00:00.000Z","SKU0181","3","900","2700","2700"
"4115","2026-09-19T05:00:00.000Z","SKU0183","5","3100","15500","15500"
"4138","2026-09-19T05:00:00.000Z","SKU0184","6","1600","9600","9600"
"4163","2026-09-19T05:00:00.000Z","SKU0185","7","2100","14700","14700"
"4212","2026-09-19T05:00:00.000Z","SKU0187","1","2600","2600","2600"
"4237","2026-09-19T05:00:00.000Z","SKU0188","2","3600","7200","7200"
"4261","2026-09-19T05:00:00.000Z","SKU0189","3","600","1800","1800"
"4286","2026-09-19T05:00:00.000Z","SKU0190","4","2900","11600","11600"
"4311","2026-09-19T05:00:00.000Z","SKU0191","5","900","4500","4500"
"4334","2026-09-19T05:00:00.000Z","SKU0192","6","1100","6600","6600"
"4359","2026-09-19T05:00:00.000Z","SKU0193","7","3100","21700","21700"
"4408","2026-09-19T05:00:00.000Z","SKU0196","2","4600","9200","9200"
"4432","2026-09-19T05:00:00.000Z","SKU0197","3","2600","7800","7800"
"4457","2026-09-19T05:00:00.000Z","SKU0198","4","3600","14400","14400"
"4482","2026-09-19T05:00:00.000Z","SKU0199","5","600","3000","3000"
"4505","2026-09-19T05:00:00.000Z","SKU0200","6","3000","18000","18000"
"4530","2026-09-19T05:00:00.000Z","SKU0201","7","1000","7000","7000"
"4579","2026-09-19T05:00:00.000Z","SKU0203","1","3200","3200","3200"
"4604","2026-09-19T05:00:00.000Z","SKU0204","2","1700","3400","3400"
"4628","2026-09-19T05:00:00.000Z","SKU0205","3","2200","6600","6600"
"4653","2026-09-19T05:00:00.000Z","SKU0206","4","4700","18800","18800"
"4678","2026-09-19T05:00:00.000Z","SKU0207","5","2700","13500","13500"
"4702","2026-09-19T05:00:00.000Z","SKU0209","7","700","4900","4900"
"4751","2026-09-19T05:00:00.000Z","SKU0211","1","1000","1000","1000"
"4776","2026-09-19T05:00:00.000Z","SKU0212","2","1200","2400","2400"
"4800","2026-09-19T05:00:00.000Z","SKU0213","3","3200","9600","9600"
"4825","2026-09-19T05:00:00.000Z","SKU0214","4","1700","6800","6800"
"4850","2026-09-19T05:00:00.000Z","SKU0215","5","2200","11000","11000"
"4873","2026-09-19T05:00:00.000Z","SKU0216","6","4700","28200","28200"
"4898","2026-09-19T05:00:00.000Z","SKU0217","7","2700","18900","18900"
"4947","2026-09-19T05:00:00.000Z","SKU0219","1","700","700","700"
"4972","2026-09-19T05:00:00.000Z","SKU0220","2","3000","6000","6000"
"4997","2026-09-19T05:00:00.000Z","SKU0222","4","1200","4800","4800"
"5022","2026-09-19T05:00:00.000Z","SKU0223","5","3200","16000","16000"
"5045","2026-09-19T05:00:00.000Z","SKU0224","6","1700","10200","10200"
"5070","2026-09-19T05:00:00.000Z","SKU0225","7","2200","15400","15400"
"5119","2026-09-19T05:00:00.000Z","SKU0227","1","2700","2700","2700"
"5144","2026-09-19T05:00:00.000Z","SKU0228","2","3700","7400","7400"
"5168","2026-09-19T05:00:00.000Z","SKU0229","3","700","2100","2100"
"5193","2026-09-19T05:00:00.000Z","SKU0230","4","3000","12000","12000"
"5218","2026-09-19T05:00:00.000Z","SKU0231","5","1000","5000","5000"
"5241","2026-09-19T05:00:00.000Z","SKU0232","6","1200","7200","7200"
"5266","2026-09-19T05:00:00.000Z","SKU0233","7","3200","22400","22400"
"5291","2026-09-19T05:00:00.000Z","SKU0235","1","2200","2200","2200"
"5316","2026-09-19T05:00:00.000Z","SKU0236","2","4700","9400","9400"
"5340","2026-09-19T05:00:00.000Z","SKU0237","3","2700","8100","8100"
"5365","2026-09-19T05:00:00.000Z","SKU0238","4","3700","14800","14800"
"5390","2026-09-19T05:00:00.000Z","SKU0239","5","700","3500","3500"
"5413","2026-09-19T05:00:00.000Z","SKU0240","6","3000","18000","18000"
"5438","2026-09-19T05:00:00.000Z","SKU0241","7","1000","7000","7000"
"5487","2026-09-19T05:00:00.000Z","SKU0243","1","3200","3200","3200"
"5512","2026-09-19T05:00:00.000Z","SKU0244","2","1700","3400","3400"
"5536","2026-09-19T05:00:00.000Z","SKU0245","3","2200","6600","6600"
"5561","2026-09-19T05:00:00.000Z","SKU0246","4","4700","18800","18800"
"5585","2026-09-19T05:00:00.000Z","SKU0248","6","3700","22200","22200"
"5610","2026-09-19T05:00:00.000Z","SKU0249","7","700","4900","4900"
"5659","2026-09-19T05:00:00.000Z","SKU0251","1","1000","1000","1000"
"5684","2026-09-19T05:00:00.000Z","SKU0252","2","1200","2400","2400"
"5708","2026-09-19T05:00:00.000Z","SKU0253","3","3200","9600","9600"
"5733","2026-09-19T05:00:00.000Z","SKU0254","4","1700","6800","6800"
"5758","2026-09-19T05:00:00.000Z","SKU0255","5","2200","11000","11000"
"5781","2026-09-19T05:00:00.000Z","SKU0256","6","4700","28200","28200"
"5806","2026-09-19T05:00:00.000Z","SKU0257","7","2700","18900","18900"
"5855","2026-09-19T05:00:00.000Z","SKU0259","1","700","700","700"
"5879","2026-09-19T05:00:00.000Z","SKU0261","3","1000","3000","3000"
"5904","2026-09-19T05:00:00.000Z","SKU0262","4","1200","4800","4800"
"5929","2026-09-19T05:00:00.000Z","SKU0263","5","3200","16000","16000"
"5952","2026-09-19T05:00:00.000Z","SKU0264","6","1700","10200","10200"
"5977","2026-09-19T05:00:00.000Z","SKU0265","7","2200","15400","15400"
"6026","2026-09-19T05:00:00.000Z","SKU0267","1","2700","2700","2700"
"6051","2026-09-19T05:00:00.000Z","SKU0268","2","3700","7400","7400"
"6075","2026-09-19T05:00:00.000Z","SKU0269","3","700","2100","2100"
"6100","2026-09-19T05:00:00.000Z","SKU0270","4","3000","12000","12000"
"6125","2026-09-19T05:00:00.000Z","SKU0271","5","1000","5000","5000"
"6148","2026-09-19T05:00:00.000Z","SKU0272","6","1200","7200","7200"
"6197","2026-09-19T05:00:00.000Z","SKU0275","1","2200","2200","2200"
"6222","2026-09-19T05:00:00.000Z","SKU0276","2","4700","9400","9400"
"6246","2026-09-19T05:00:00.000Z","SKU0277","3","2700","8100","8100"
"6271","2026-09-19T05:00:00.000Z","SKU0278","4","3700","14800","14800"
"6296","2026-09-19T05:00:00.000Z","SKU0279","5","700","3500","3500"
"6319","2026-09-19T05:00:00.000Z","SKU0280","6","3000","18000","18000"
"6344","2026-09-19T05:00:00.000Z","SKU0281","7","1000","7000","7000"
"6393","2026-09-19T05:00:00.000Z","SKU0283","1","3200","3200","3200"
"6418","2026-09-19T05:00:00.000Z","SKU0284","2","1700","3400","3400"
"6442","2026-09-19T05:00:00.000Z","SKU0285","3","2200","6600","6600"
"6467","2026-09-19T05:00:00.000Z","SKU0287","5","2700","13500","13500"
"6490","2026-09-19T05:00:00.000Z","SKU0288","6","3700","22200","22200"
"6515","2026-09-19T05:00:00.000Z","SKU0289","7","700","4900","4900"
"6564","2026-09-19T05:00:00.000Z","SKU0291","1","1000","1000","1000"
"6589","2026-09-19T05:00:00.000Z","SKU0292","2","1200","2400","2400"
"6613","2026-09-19T05:00:00.000Z","SKU0293","3","3200","9600","9600"
"6638","2026-09-19T05:00:00.000Z","SKU0294","4","1700","6800","6800"
"6663","2026-09-19T05:00:00.000Z","SKU0295","5","2200","11000","11000"
"6686","2026-09-19T05:00:00.000Z","SKU0296","6","4700","28200","28200"
"6711","2026-09-19T05:00:00.000Z","SKU0297","7","2700","18900","18900"
"6760","2026-09-19T05:00:00.000Z","SKU0300","2","3100","6200","6200"
"6784","2026-09-19T05:00:00.000Z","SKU0301","3","1100","3300","3300"
"6809","2026-09-19T05:00:00.000Z","SKU0302","4","1300","5200","5200"
"6834","2026-09-19T05:00:00.000Z","SKU0303","5","3300","16500","16500"
"6857","2026-09-19T05:00:00.000Z","SKU0304","6","1800","10800","10800"
"6882","2026-09-19T05:00:00.000Z","SKU0305","7","2300","16100","16100"
"6931","2026-09-19T05:00:00.000Z","SKU0307","1","2800","2800","2800"
"6956","2026-09-19T05:00:00.000Z","SKU0308","2","3800","7600","7600"
"6980","2026-09-19T05:00:00.000Z","SKU0309","3","800","2400","2400"
"7005","2026-09-19T05:00:00.000Z","SKU0310","4","3100","12400","12400"
"7030","2026-09-19T05:00:00.000Z","SKU0311","5","1100","5500","5500"
"7054","2026-09-19T05:00:00.000Z","SKU0313","7","3300","23100","23100"
"7103","2026-09-19T05:00:00.000Z","SKU0315","1","2300","2300","2300"
"7128","2026-09-19T05:00:00.000Z","SKU0316","2","4800","9600","9600"
"7152","2026-09-19T05:00:00.000Z","SKU0317","3","2800","8400","8400"
"7177","2026-09-19T05:00:00.000Z","SKU0318","4","3800","15200","15200"
"7202","2026-09-19T05:00:00.000Z","SKU0319","5","800","4000","4000"
"7225","2026-09-19T05:00:00.000Z","SKU0320","6","3100","18600","18600"
"7250","2026-09-19T05:00:00.000Z","SKU0321","7","1100","7700","7700"
"7299","2026-09-19T05:00:00.000Z","SKU0323","1","3300","3300","3300"
"7324","2026-09-19T05:00:00.000Z","SKU0324","2","1800","3600","3600"
"7349","2026-09-19T05:00:00.000Z","SKU0326","4","4800","19200","19200"
"7374","2026-09-19T05:00:00.000Z","SKU0327","5","2800","14000","14000"
"7397","2026-09-19T05:00:00.000Z","SKU0328","6","3800","22800","22800"
"7422","2026-09-19T05:00:00.000Z","SKU0329","7","800","5600","5600"
"7471","2026-09-19T05:00:00.000Z","SKU0331","1","1100","1100","1100"
"7496","2026-09-19T05:00:00.000Z","SKU0332","2","1300","2600","2600"
"7520","2026-09-19T05:00:00.000Z","SKU0333","3","3300","9900","9900"
"7545","2026-09-19T05:00:00.000Z","SKU0334","4","1800","7200","7200"
"7570","2026-09-19T05:00:00.000Z","SKU0335","5","2300","11500","11500"
"7593","2026-09-19T05:00:00.000Z","SKU0336","6","4800","28800","28800"
"7618","2026-09-19T05:00:00.000Z","SKU0337","7","2800","19600","19600"
"7643","2026-09-19T05:00:00.000Z","SKU0339","1","800","800","800"
"7668","2026-09-19T05:00:00.000Z","SKU0340","2","3100","6200","6200"
"7692","2026-09-19T05:00:00.000Z","SKU0341","3","1100","3300","3300"
"7717","2026-09-19T05:00:00.000Z","SKU0342","4","1300","5200","5200"
"7742","2026-09-19T05:00:00.000Z","SKU0343","5","3300","16500","16500"
"7765","2026-09-19T05:00:00.000Z","SKU0344","6","1800","10800","10800"
"7790","2026-09-19T05:00:00.000Z","SKU0345","7","2300","16100","16100"
"7839","2026-09-19T05:00:00.000Z","SKU0347","1","2800","2800","2800"
"7864","2026-09-19T05:00:00.000Z","SKU0348","2","3800","7600","7600"
"7888","2026-09-19T05:00:00.000Z","SKU0349","3","800","2400","2400"
"7913","2026-09-19T05:00:00.000Z","SKU0350","4","3100","12400","12400"
"7937","2026-09-19T05:00:00.000Z","SKU0352","6","1300","7800","7800"
"7962","2026-09-19T05:00:00.000Z","SKU0353","7","3300","23100","23100"
"8011","2026-09-19T05:00:00.000Z","SKU0355","1","2300","2300","2300"
"8036","2026-09-19T05:00:00.000Z","SKU0356","2","4800","9600","9600"
"8060","2026-09-19T05:00:00.000Z","SKU0357","3","2800","8400","8400"
"8085","2026-09-19T05:00:00.000Z","SKU0358","4","3800","15200","15200"
"8110","2026-09-19T05:00:00.000Z","SKU0359","5","800","4000","4000"
"8133","2026-09-19T05:00:00.000Z","SKU0360","6","3100","18600","18600"
"8158","2026-09-19T05:00:00.000Z","SKU0361","7","1100","7700","7700"
"8207","2026-09-19T05:00:00.000Z","SKU0363","1","3300","3300","3300"
"8231","2026-09-19T05:00:00.000Z","SKU0365","3","2300","6900","6900"
"8256","2026-09-19T05:00:00.000Z","SKU0366","4","4800","19200","19200"
"8281","2026-09-19T05:00:00.000Z","SKU0367","5","2800","14000","14000"
"8304","2026-09-19T05:00:00.000Z","SKU0368","6","3800","22800","22800"
"8329","2026-09-19T05:00:00.000Z","SKU0369","7","800","5600","5600"
"8378","2026-09-19T05:00:00.000Z","SKU0371","1","1100","1100","1100"
"8403","2026-09-19T05:00:00.000Z","SKU0372","2","1300","2600","2600"
"8427","2026-09-19T05:00:00.000Z","SKU0373","3","3300","9900","9900"
"8452","2026-09-19T05:00:00.000Z","SKU0374","4","1800","7200","7200"
"8477","2026-09-19T05:00:00.000Z","SKU0375","5","2300","11500","11500"
"8500","2026-09-19T05:00:00.000Z","SKU0376","6","4800","28800","28800"
"8549","2026-09-19T05:00:00.000Z","SKU0379","1","800","800","800"
"8574","2026-09-19T05:00:00.000Z","SKU0380","2","3100","6200","6200"
"8598","2026-09-19T05:00:00.000Z","SKU0381","3","1100","3300","3300"
"8623","2026-09-19T05:00:00.000Z","SKU0382","4","1300","5200","5200"
"8648","2026-09-19T05:00:00.000Z","SKU0383","5","3300","16500","16500"
"8671","2026-09-19T05:00:00.000Z","SKU0384","6","1800","10800","10800"
"8696","2026-09-19T05:00:00.000Z","SKU0385","7","2300","16100","16100"
"8745","2026-09-19T05:00:00.000Z","SKU0387","1","2800","2800","2800"
"8770","2026-09-19T05:00:00.000Z","SKU0388","2","3800","7600","7600"
"8794","2026-09-19T05:00:00.000Z","SKU0389","3","800","2400","2400"
"8819","2026-09-19T05:00:00.000Z","SKU0391","5","1100","5500","5500"
"8842","2026-09-19T05:00:00.000Z","SKU0392","6","1300","7800","7800"
"8867","2026-09-19T05:00:00.000Z","SKU0393","7","3300","23100","23100"
"8916","2026-09-19T05:00:00.000Z","SKU0395","1","2300","2300","2300"
"8941","2026-09-19T05:00:00.000Z","SKU0396","2","4800","9600","9600"
"8965","2026-09-19T05:00:00.000Z","SKU0397","3","2800","8400","8400"
"8990","2026-09-19T05:00:00.000Z","SKU0398","4","3800","15200","15200"
"9015","2026-09-19T05:00:00.000Z","SKU0399","5","800","4000","4000"
"9038","2026-09-19T05:00:00.000Z","SKU0400","6","3200","19200","19200"
"9063","2026-09-19T05:00:00.000Z","SKU0401","7","1200","8400","8400"
"9112","2026-09-19T05:00:00.000Z","SKU0404","2","1900","3800","3800"
"9136","2026-09-19T05:00:00.000Z","SKU0405","3","2400","7200","7200"
"9161","2026-09-19T05:00:00.000Z","SKU0406","4","4900","19600","19600"
"9186","2026-09-19T05:00:00.000Z","SKU0407","5","2900","14500","14500"
"9209","2026-09-19T05:00:00.000Z","SKU0408","6","3900","23400","23400"
"9234","2026-09-19T05:00:00.000Z","SKU0409","7","900","6300","6300"
"9283","2026-09-19T05:00:00.000Z","SKU0411","1","1200","1200","1200"
"9308","2026-09-19T05:00:00.000Z","SKU0412","2","1400","2800","2800"
"9332","2026-09-19T05:00:00.000Z","SKU0413","3","3400","10200","10200"
"9357","2026-09-19T05:00:00.000Z","SKU0414","4","1900","7600","7600"
"9382","2026-09-19T05:00:00.000Z","SKU0415","5","2400","12000","12000"
"9406","2026-09-19T05:00:00.000Z","SKU0417","7","2900","20300","20300"
"9455","2026-09-19T05:00:00.000Z","SKU0419","1","900","900","900"
"9480","2026-09-19T05:00:00.000Z","SKU0420","2","3200","6400","6400"
"9504","2026-09-19T05:00:00.000Z","SKU0421","3","1200","3600","3600"
"9529","2026-09-19T05:00:00.000Z","SKU0422","4","1400","5600","5600"
"9554","2026-09-19T05:00:00.000Z","SKU0423","5","3400","17000","17000"
"9577","2026-09-19T05:00:00.000Z","SKU0424","6","1900","11400","11400"
"9602","2026-09-19T05:00:00.000Z","SKU0425","7","2400","16800","16800"
"9651","2026-09-19T05:00:00.000Z","SKU0427","1","2900","2900","2900"
"9676","2026-09-19T05:00:00.000Z","SKU0428","2","3900","7800","7800"
"9701","2026-09-19T05:00:00.000Z","SKU0430","4","3200","12800","12800"
"9726","2026-09-19T05:00:00.000Z","SKU0431","5","1200","6000","6000"
"9749","2026-09-19T05:00:00.000Z","SKU0432","6","1400","8400","8400"
"9774","2026-09-19T05:00:00.000Z","SKU0433","7","3400","23800","23800"
"9823","2026-09-19T05:00:00.000Z","SKU0435","1","2400","2400","2400"
"9848","2026-09-19T05:00:00.000Z","SKU0436","2","4900","9800","9800"
"9872","2026-09-19T05:00:00.000Z","SKU0437","3","2900","8700","8700"
"9897","2026-09-19T05:00:00.000Z","SKU0438","4","3900","15600","15600"
"9922","2026-09-19T05:00:00.000Z","SKU0439","5","900","4500","4500"
"9945","2026-09-19T05:00:00.000Z","SKU0440","6","3200","19200","19200"
"9970","2026-09-19T05:00:00.000Z","SKU0441","7","1200","8400","8400"
"9995","2026-09-19T05:00:00.000Z","SKU0443","1","3400","3400","3400"
"10020","2026-09-19T05:00:00.000Z","SKU0444","2","1900","3800","3800"
"10044","2026-09-19T05:00:00.000Z","SKU0445","3","2400","7200","7200"
"10069","2026-09-19T05:00:00.000Z","SKU0446","4","4900","19600","19600"
"10094","2026-09-19T05:00:00.000Z","SKU0447","5","2900","14500","14500"
"10117","2026-09-19T05:00:00.000Z","SKU0448","6","3900","23400","23400"
"10142","2026-09-19T05:00:00.000Z","SKU0449","7","900","6300","6300"
"10191","2026-09-19T05:00:00.000Z","SKU0451","1","1200","1200","1200"
"10216","2026-09-19T05:00:00.000Z","SKU0452","2","1400","2800","2800"
"10240","2026-09-19T05:00:00.000Z","SKU0453","3","3400","10200","10200"
"10265","2026-09-19T05:00:00.000Z","SKU0454","4","1900","7600","7600"
"10289","2026-09-19T05:00:00.000Z","SKU0456","6","4900","29400","29400"
"10314","2026-09-19T05:00:00.000Z","SKU0457","7","2900","20300","20300"
"10363","2026-09-19T05:00:00.000Z","SKU0459","1","900","900","900"
"10388","2026-09-19T05:00:00.000Z","SKU0460","2","3200","6400","6400"
"10412","2026-09-19T05:00:00.000Z","SKU0461","3","1200","3600","3600"
"10437","2026-09-19T05:00:00.000Z","SKU0462","4","1400","5600","5600"
"10462","2026-09-19T05:00:00.000Z","SKU0463","5","3400","17000","17000"
"10485","2026-09-19T05:00:00.000Z","SKU0464","6","1900","11400","11400"
"10510","2026-09-19T05:00:00.000Z","SKU0465","7","2400","16800","16800"
"10559","2026-09-19T05:00:00.000Z","SKU0467","1","2900","2900","2900"
"10583","2026-09-19T05:00:00.000Z","SKU0469","3","900","2700","2700"
"10608","2026-09-19T05:00:00.000Z","SKU0470","4","3200","12800","12800"
"10633","2026-09-19T05:00:00.000Z","SKU0471","5","1200","6000","6000"
"10656","2026-09-19T05:00:00.000Z","SKU0472","6","1400","8400","8400"
"10681","2026-09-19T05:00:00.000Z","SKU0473","7","3400","23800","23800"
"10730","2026-09-19T05:00:00.000Z","SKU0475","1","2400","2400","2400"
"10755","2026-09-19T05:00:00.000Z","SKU0476","2","4900","9800","9800"
"10779","2026-09-19T05:00:00.000Z","SKU0477","3","2900","8700","8700"
"10804","2026-09-19T05:00:00.000Z","SKU0478","4","3900","15600","15600"
"10829","2026-09-19T05:00:00.000Z","SKU0479","5","900","4500","4500"
"10852","2026-09-19T05:00:00.000Z","SKU0480","6","3200","19200","19200"
"10901","2026-09-19T05:00:00.000Z","SKU0483","1","3400","3400","3400"
"10926","2026-09-19T05:00:00.000Z","SKU0484","2","1900","3800","3800"
"10950","2026-09-19T05:00:00.000Z","SKU0485","3","2400","7200","7200"
"10975","2026-09-19T05:00:00.000Z","SKU0486","4","4900","19600","19600"
"11000","2026-09-19T05:00:00.000Z","SKU0487","5","2900","14500","14500"
"11023","2026-09-19T05:00:00.000Z","SKU0488","6","3900","23400","23400"
"11048","2026-09-19T05:00:00.000Z","SKU0489","7","900","6300","6300"
"11097","2026-09-19T05:00:00.000Z","SKU0491","1","1200","1200","1200"
"11122","2026-09-19T05:00:00.000Z","SKU0492","2","1400","2800","2800"
"11146","2026-09-19T05:00:00.000Z","SKU0493","3","3400","10200","10200"
"11171","2026-09-19T05:00:00.000Z","SKU0495","5","2400","12000","12000"
"11194","2026-09-19T05:00:00.000Z","SKU0496","6","4900","29400","29400"
"11219","2026-09-19T05:00:00.000Z","SKU0497","7","2900","20300","20300"
"11268","2026-09-19T05:00:00.000Z","SKU0499","1","900","900","900"
"12","2026-09-20T05:00:00.000Z","SKU0001","4","800","3200","3200"
"40","2026-09-20T05:00:00.000Z","SKU0002","8","1000","8000","8000"
"73","2026-09-20T05:00:00.000Z","SKU0004","5","1500","7500","7500"
"97","2026-09-20T05:00:00.000Z","SKU0005","6","2000","12000","12000"
"122","2026-09-20T05:00:00.000Z","SKU0006","7","4500","31500","31500"
"170","2026-09-20T05:00:00.000Z","SKU0008","1","3500","3500","3500"
"195","2026-09-20T05:00:00.000Z","SKU0009","2","500","1000","1000"
"219","2026-09-20T05:00:00.000Z","SKU0010","3","2800","8400","8400"
"244","2026-09-20T05:00:00.000Z","SKU0011","4","800","3200","3200"
"269","2026-09-20T05:00:00.000Z","SKU0012","5","1000","5000","5000"
"294","2026-09-20T05:00:00.000Z","SKU0014","7","1500","10500","10500"
"342","2026-09-20T05:00:00.000Z","SKU0016","1","4500","4500","4500"
"367","2026-09-20T05:00:00.000Z","SKU0017","2","2500","5000","5000"
"391","2026-09-20T05:00:00.000Z","SKU0018","3","3500","10500","10500"
"416","2026-09-20T05:00:00.000Z","SKU0019","4","500","2000","2000"
"441","2026-09-20T05:00:00.000Z","SKU0020","5","2800","14000","14000"
"465","2026-09-20T05:00:00.000Z","SKU0021","6","800","4800","4800"
"490","2026-09-20T05:00:00.000Z","SKU0022","7","1000","7000","7000"
"538","2026-09-20T05:00:00.000Z","SKU0024","1","1500","1500","1500"
"563","2026-09-20T05:00:00.000Z","SKU0025","2","2000","4000","4000"
"588","2026-09-20T05:00:00.000Z","SKU0027","4","2500","10000","10000"
"613","2026-09-20T05:00:00.000Z","SKU0028","5","3500","17500","17500"
"637","2026-09-20T05:00:00.000Z","SKU0029","6","500","3000","3000"
"662","2026-09-20T05:00:00.000Z","SKU0030","7","2800","19600","19600"
"710","2026-09-20T05:00:00.000Z","SKU0032","1","1000","1000","1000"
"735","2026-09-20T05:00:00.000Z","SKU0033","2","3000","6000","6000"
"759","2026-09-20T05:00:00.000Z","SKU0034","3","1500","4500","4500"
"784","2026-09-20T05:00:00.000Z","SKU0035","4","2000","8000","8000"
"809","2026-09-20T05:00:00.000Z","SKU0036","5","4500","22500","22500"
"833","2026-09-20T05:00:00.000Z","SKU0037","6","2500","15000","15000"
"858","2026-09-20T05:00:00.000Z","SKU0038","7","3500","24500","24500"
"882","2026-09-20T05:00:00.000Z","SKU0040","1","2800","2800","2800"
"907","2026-09-20T05:00:00.000Z","SKU0041","2","800","1600","1600"
"931","2026-09-20T05:00:00.000Z","SKU0042","3","1000","3000","3000"
"956","2026-09-20T05:00:00.000Z","SKU0043","4","3000","12000","12000"
"981","2026-09-20T05:00:00.000Z","SKU0044","5","1500","7500","7500"
"1005","2026-09-20T05:00:00.000Z","SKU0045","6","2000","12000","12000"
"1030","2026-09-20T05:00:00.000Z","SKU0046","7","4500","31500","31500"
"1078","2026-09-20T05:00:00.000Z","SKU0048","1","3500","3500","3500"
"1103","2026-09-20T05:00:00.000Z","SKU0049","2","500","1000","1000"
"1127","2026-09-20T05:00:00.000Z","SKU0050","3","2800","8400","8400"
"1152","2026-09-20T05:00:00.000Z","SKU0051","4","800","3200","3200"
"1176","2026-09-20T05:00:00.000Z","SKU0053","6","3000","18000","18000"
"1201","2026-09-20T05:00:00.000Z","SKU0054","7","1500","10500","10500"
"1249","2026-09-20T05:00:00.000Z","SKU0056","1","4500","4500","4500"
"1274","2026-09-20T05:00:00.000Z","SKU0057","2","2500","5000","5000"
"1298","2026-09-20T05:00:00.000Z","SKU0058","3","3500","10500","10500"
"1323","2026-09-20T05:00:00.000Z","SKU0059","4","500","2000","2000"
"1348","2026-09-20T05:00:00.000Z","SKU0060","5","2800","14000","14000"
"1372","2026-09-20T05:00:00.000Z","SKU0061","6","800","4800","4800"
"1397","2026-09-20T05:00:00.000Z","SKU0062","7","1000","7000","7000"
"1445","2026-09-20T05:00:00.000Z","SKU0064","1","1500","1500","1500"
"1469","2026-09-20T05:00:00.000Z","SKU0066","3","4500","13500","13500"
"1494","2026-09-20T05:00:00.000Z","SKU0067","4","2500","10000","10000"
"1519","2026-09-20T05:00:00.000Z","SKU0068","5","3500","17500","17500"
"1543","2026-09-20T05:00:00.000Z","SKU0069","6","500","3000","3000"
"1568","2026-09-20T05:00:00.000Z","SKU0070","7","2800","19600","19600"
"1616","2026-09-20T05:00:00.000Z","SKU0072","1","1000","1000","1000"
"1641","2026-09-20T05:00:00.000Z","SKU0073","2","3000","6000","6000"
"1665","2026-09-20T05:00:00.000Z","SKU0074","3","1500","4500","4500"
"1690","2026-09-20T05:00:00.000Z","SKU0075","4","2000","8000","8000"
"1715","2026-09-20T05:00:00.000Z","SKU0076","5","4500","22500","22500"
"1739","2026-09-20T05:00:00.000Z","SKU0077","6","2500","15000","15000"
"1787","2026-09-20T05:00:00.000Z","SKU0080","1","2800","2800","2800"
"1812","2026-09-20T05:00:00.000Z","SKU0081","2","800","1600","1600"
"1836","2026-09-20T05:00:00.000Z","SKU0082","3","1000","3000","3000"
"1861","2026-09-20T05:00:00.000Z","SKU0083","4","3000","12000","12000"
"1886","2026-09-20T05:00:00.000Z","SKU0084","5","1500","7500","7500"
"1910","2026-09-20T05:00:00.000Z","SKU0085","6","2000","12000","12000"
"1935","2026-09-20T05:00:00.000Z","SKU0086","7","4500","31500","31500"
"1983","2026-09-20T05:00:00.000Z","SKU0088","1","3500","3500","3500"
"2008","2026-09-20T05:00:00.000Z","SKU0089","2","500","1000","1000"
"2032","2026-09-20T05:00:00.000Z","SKU0090","3","2800","8400","8400"
"2057","2026-09-20T05:00:00.000Z","SKU0092","5","1000","5000","5000"
"2081","2026-09-20T05:00:00.000Z","SKU0093","6","3000","18000","18000"
"2106","2026-09-20T05:00:00.000Z","SKU0094","7","1500","10500","10500"
"2154","2026-09-20T05:00:00.000Z","SKU0096","1","4500","4500","4500"
"2179","2026-09-20T05:00:00.000Z","SKU0097","2","2500","5000","5000"
"2203","2026-09-20T05:00:00.000Z","SKU0098","3","3500","10500","10500"
"2228","2026-09-20T05:00:00.000Z","SKU0099","4","500","2000","2000"
"2253","2026-09-20T05:00:00.000Z","SKU0100","5","2900","14500","14500"
"2277","2026-09-20T05:00:00.000Z","SKU0101","6","900","5400","5400"
"2302","2026-09-20T05:00:00.000Z","SKU0102","7","1100","7700","7700"
"2351","2026-09-20T05:00:00.000Z","SKU0105","2","2100","4200","4200"
"2375","2026-09-20T05:00:00.000Z","SKU0106","3","4600","13800","13800"
"2400","2026-09-20T05:00:00.000Z","SKU0107","4","2600","10400","10400"
"2425","2026-09-20T05:00:00.000Z","SKU0108","5","3600","18000","18000"
"2449","2026-09-20T05:00:00.000Z","SKU0109","6","600","3600","3600"
"2474","2026-09-20T05:00:00.000Z","SKU0110","7","2900","20300","20300"
"2522","2026-09-20T05:00:00.000Z","SKU0112","1","1100","1100","1100"
"2547","2026-09-20T05:00:00.000Z","SKU0113","2","3100","6200","6200"
"2571","2026-09-20T05:00:00.000Z","SKU0114","3","1600","4800","4800"
"2596","2026-09-20T05:00:00.000Z","SKU0115","4","2100","8400","8400"
"2621","2026-09-20T05:00:00.000Z","SKU0116","5","4600","23000","23000"
"2646","2026-09-20T05:00:00.000Z","SKU0118","7","3600","25200","25200"
"2694","2026-09-20T05:00:00.000Z","SKU0120","1","2900","2900","2900"
"2719","2026-09-20T05:00:00.000Z","SKU0121","2","900","1800","1800"
"2743","2026-09-20T05:00:00.000Z","SKU0122","3","1100","3300","3300"
"2768","2026-09-20T05:00:00.000Z","SKU0123","4","3100","12400","12400"
"2793","2026-09-20T05:00:00.000Z","SKU0124","5","1600","8000","8000"
"2817","2026-09-20T05:00:00.000Z","SKU0125","6","2100","12600","12600"
"2842","2026-09-20T05:00:00.000Z","SKU0126","7","4600","32200","32200"
"2890","2026-09-20T05:00:00.000Z","SKU0128","1","3600","3600","3600"
"2915","2026-09-20T05:00:00.000Z","SKU0129","2","600","1200","1200"
"2940","2026-09-20T05:00:00.000Z","SKU0131","4","900","3600","3600"
"2965","2026-09-20T05:00:00.000Z","SKU0132","5","1100","5500","5500"
"2989","2026-09-20T05:00:00.000Z","SKU0133","6","3100","18600","18600"
"3014","2026-09-20T05:00:00.000Z","SKU0134","7","1600","11200","11200"
"3062","2026-09-20T05:00:00.000Z","SKU0136","1","4600","4600","4600"
"3087","2026-09-20T05:00:00.000Z","SKU0137","2","2600","5200","5200"
"3111","2026-09-20T05:00:00.000Z","SKU0138","3","3600","10800","10800"
"3136","2026-09-20T05:00:00.000Z","SKU0139","4","600","2400","2400"
"3161","2026-09-20T05:00:00.000Z","SKU0140","5","2900","14500","14500"
"3185","2026-09-20T05:00:00.000Z","SKU0141","6","900","5400","5400"
"3210","2026-09-20T05:00:00.000Z","SKU0142","7","1100","7700","7700"
"3234","2026-09-20T05:00:00.000Z","SKU0144","1","1600","1600","1600"
"3259","2026-09-20T05:00:00.000Z","SKU0145","2","2100","4200","4200"
"3283","2026-09-20T05:00:00.000Z","SKU0146","3","4600","13800","13800"
"3308","2026-09-20T05:00:00.000Z","SKU0147","4","2600","10400","10400"
"3333","2026-09-20T05:00:00.000Z","SKU0148","5","3600","18000","18000"
"3357","2026-09-20T05:00:00.000Z","SKU0149","6","600","3600","3600"
"3382","2026-09-20T05:00:00.000Z","SKU0150","7","2900","20300","20300"
"3430","2026-09-20T05:00:00.000Z","SKU0152","1","1100","1100","1100"
"3455","2026-09-20T05:00:00.000Z","SKU0153","2","3100","6200","6200"
"3479","2026-09-20T05:00:00.000Z","SKU0154","3","1600","4800","4800"
"3504","2026-09-20T05:00:00.000Z","SKU0155","4","2100","8400","8400"
"3528","2026-09-20T05:00:00.000Z","SKU0157","6","2600","15600","15600"
"3553","2026-09-20T05:00:00.000Z","SKU0158","7","3600","25200","25200"
"3601","2026-09-20T05:00:00.000Z","SKU0160","1","2900","2900","2900"
"3626","2026-09-20T05:00:00.000Z","SKU0161","2","900","1800","1800"
"3650","2026-09-20T05:00:00.000Z","SKU0162","3","1100","3300","3300"
"3675","2026-09-20T05:00:00.000Z","SKU0163","4","3100","12400","12400"
"3700","2026-09-20T05:00:00.000Z","SKU0164","5","1600","8000","8000"
"3724","2026-09-20T05:00:00.000Z","SKU0165","6","2100","12600","12600"
"3749","2026-09-20T05:00:00.000Z","SKU0166","7","4600","32200","32200"
"3797","2026-09-20T05:00:00.000Z","SKU0168","1","3600","3600","3600"
"3821","2026-09-20T05:00:00.000Z","SKU0170","3","2900","8700","8700"
"3846","2026-09-20T05:00:00.000Z","SKU0171","4","900","3600","3600"
"3871","2026-09-20T05:00:00.000Z","SKU0172","5","1100","5500","5500"
"3895","2026-09-20T05:00:00.000Z","SKU0173","6","3100","18600","18600"
"3920","2026-09-20T05:00:00.000Z","SKU0174","7","1600","11200","11200"
"3968","2026-09-20T05:00:00.000Z","SKU0176","1","4600","4600","4600"
"3993","2026-09-20T05:00:00.000Z","SKU0177","2","2600","5200","5200"
"4017","2026-09-20T05:00:00.000Z","SKU0178","3","3600","10800","10800"
"4042","2026-09-20T05:00:00.000Z","SKU0179","4","600","2400","2400"
"4067","2026-09-20T05:00:00.000Z","SKU0180","5","2900","14500","14500"
"4091","2026-09-20T05:00:00.000Z","SKU0181","6","900","5400","5400"
"4139","2026-09-20T05:00:00.000Z","SKU0184","1","1600","1600","1600"
"4164","2026-09-20T05:00:00.000Z","SKU0185","2","2100","4200","4200"
"4188","2026-09-20T05:00:00.000Z","SKU0186","3","4600","13800","13800"
"4213","2026-09-20T05:00:00.000Z","SKU0187","4","2600","10400","10400"
"4238","2026-09-20T05:00:00.000Z","SKU0188","5","3600","18000","18000"
"4262","2026-09-20T05:00:00.000Z","SKU0189","6","600","3600","3600"
"4287","2026-09-20T05:00:00.000Z","SKU0190","7","2900","20300","20300"
"4335","2026-09-20T05:00:00.000Z","SKU0192","1","1100","1100","1100"
"4360","2026-09-20T05:00:00.000Z","SKU0193","2","3100","6200","6200"
"4384","2026-09-20T05:00:00.000Z","SKU0194","3","1600","4800","4800"
"4409","2026-09-20T05:00:00.000Z","SKU0196","5","4600","23000","23000"
"4433","2026-09-20T05:00:00.000Z","SKU0197","6","2600","15600","15600"
"4458","2026-09-20T05:00:00.000Z","SKU0198","7","3600","25200","25200"
"4506","2026-09-20T05:00:00.000Z","SKU0200","1","3000","3000","3000"
"4531","2026-09-20T05:00:00.000Z","SKU0201","2","1000","2000","2000"
"4555","2026-09-20T05:00:00.000Z","SKU0202","3","1200","3600","3600"
"4580","2026-09-20T05:00:00.000Z","SKU0203","4","3200","12800","12800"
"4605","2026-09-20T05:00:00.000Z","SKU0204","5","1700","8500","8500"
"4629","2026-09-20T05:00:00.000Z","SKU0205","6","2200","13200","13200"
"4654","2026-09-20T05:00:00.000Z","SKU0206","7","4700","32900","32900"
"4703","2026-09-20T05:00:00.000Z","SKU0209","2","700","1400","1400"
"4727","2026-09-20T05:00:00.000Z","SKU0210","3","3000","9000","9000"
"4752","2026-09-20T05:00:00.000Z","SKU0211","4","1000","4000","4000"
"4777","2026-09-20T05:00:00.000Z","SKU0212","5","1200","6000","6000"
"4801","2026-09-20T05:00:00.000Z","SKU0213","6","3200","19200","19200"
"4826","2026-09-20T05:00:00.000Z","SKU0214","7","1700","11900","11900"
"4874","2026-09-20T05:00:00.000Z","SKU0216","1","4700","4700","4700"
"4899","2026-09-20T05:00:00.000Z","SKU0217","2","2700","5400","5400"
"4923","2026-09-20T05:00:00.000Z","SKU0218","3","3700","11100","11100"
"4948","2026-09-20T05:00:00.000Z","SKU0219","4","700","2800","2800"
"4973","2026-09-20T05:00:00.000Z","SKU0220","5","3000","15000","15000"
"4998","2026-09-20T05:00:00.000Z","SKU0222","7","1200","8400","8400"
"5046","2026-09-20T05:00:00.000Z","SKU0224","1","1700","1700","1700"
"5071","2026-09-20T05:00:00.000Z","SKU0225","2","2200","4400","4400"
"5095","2026-09-20T05:00:00.000Z","SKU0226","3","4700","14100","14100"
"5120","2026-09-20T05:00:00.000Z","SKU0227","4","2700","10800","10800"
"5145","2026-09-20T05:00:00.000Z","SKU0228","5","3700","18500","18500"
"5169","2026-09-20T05:00:00.000Z","SKU0229","6","700","4200","4200"
"5194","2026-09-20T05:00:00.000Z","SKU0230","7","3000","21000","21000"
"5242","2026-09-20T05:00:00.000Z","SKU0232","1","1200","1200","1200"
"5267","2026-09-20T05:00:00.000Z","SKU0233","2","3200","6400","6400"
"5292","2026-09-20T05:00:00.000Z","SKU0235","4","2200","8800","8800"
"5317","2026-09-20T05:00:00.000Z","SKU0236","5","4700","23500","23500"
"5341","2026-09-20T05:00:00.000Z","SKU0237","6","2700","16200","16200"
"5366","2026-09-20T05:00:00.000Z","SKU0238","7","3700","25900","25900"
"5414","2026-09-20T05:00:00.000Z","SKU0240","1","3000","3000","3000"
"5439","2026-09-20T05:00:00.000Z","SKU0241","2","1000","2000","2000"
"5463","2026-09-20T05:00:00.000Z","SKU0242","3","1200","3600","3600"
"5488","2026-09-20T05:00:00.000Z","SKU0243","4","3200","12800","12800"
"5513","2026-09-20T05:00:00.000Z","SKU0244","5","1700","8500","8500"
"5537","2026-09-20T05:00:00.000Z","SKU0245","6","2200","13200","13200"
"5562","2026-09-20T05:00:00.000Z","SKU0246","7","4700","32900","32900"
"5586","2026-09-20T05:00:00.000Z","SKU0248","1","3700","3700","3700"
"5611","2026-09-20T05:00:00.000Z","SKU0249","2","700","1400","1400"
"5635","2026-09-20T05:00:00.000Z","SKU0250","3","3000","9000","9000"
"5660","2026-09-20T05:00:00.000Z","SKU0251","4","1000","4000","4000"
"5685","2026-09-20T05:00:00.000Z","SKU0252","5","1200","6000","6000"
"5709","2026-09-20T05:00:00.000Z","SKU0253","6","3200","19200","19200"
"5734","2026-09-20T05:00:00.000Z","SKU0254","7","1700","11900","11900"
"5782","2026-09-20T05:00:00.000Z","SKU0256","1","4700","4700","4700"
"5807","2026-09-20T05:00:00.000Z","SKU0257","2","2700","5400","5400"
"5831","2026-09-20T05:00:00.000Z","SKU0258","3","3700","11100","11100"
"5856","2026-09-20T05:00:00.000Z","SKU0259","4","700","2800","2800"
"5880","2026-09-20T05:00:00.000Z","SKU0261","6","1000","6000","6000"
"5905","2026-09-20T05:00:00.000Z","SKU0262","7","1200","8400","8400"
"5953","2026-09-20T05:00:00.000Z","SKU0264","1","1700","1700","1700"
"5978","2026-09-20T05:00:00.000Z","SKU0265","2","2200","4400","4400"
"6002","2026-09-20T05:00:00.000Z","SKU0266","3","4700","14100","14100"
"6027","2026-09-20T05:00:00.000Z","SKU0267","4","2700","10800","10800"
"6052","2026-09-20T05:00:00.000Z","SKU0268","5","3700","18500","18500"
"6076","2026-09-20T05:00:00.000Z","SKU0269","6","700","4200","4200"
"6101","2026-09-20T05:00:00.000Z","SKU0270","7","3000","21000","21000"
"6149","2026-09-20T05:00:00.000Z","SKU0272","1","1200","1200","1200"
"6173","2026-09-20T05:00:00.000Z","SKU0274","3","1700","5100","5100"
"6198","2026-09-20T05:00:00.000Z","SKU0275","4","2200","8800","8800"
"6223","2026-09-20T05:00:00.000Z","SKU0276","5","4700","23500","23500"
"6247","2026-09-20T05:00:00.000Z","SKU0277","6","2700","16200","16200"
"6272","2026-09-20T05:00:00.000Z","SKU0278","7","3700","25900","25900"
"6320","2026-09-20T05:00:00.000Z","SKU0280","1","3000","3000","3000"
"6345","2026-09-20T05:00:00.000Z","SKU0281","2","1000","2000","2000"
"6369","2026-09-20T05:00:00.000Z","SKU0282","3","1200","3600","3600"
"6394","2026-09-20T05:00:00.000Z","SKU0283","4","3200","12800","12800"
"6419","2026-09-20T05:00:00.000Z","SKU0284","5","1700","8500","8500"
"6443","2026-09-20T05:00:00.000Z","SKU0285","6","2200","13200","13200"
"6491","2026-09-20T05:00:00.000Z","SKU0288","1","3700","3700","3700"
"6516","2026-09-20T05:00:00.000Z","SKU0289","2","700","1400","1400"
"6540","2026-09-20T05:00:00.000Z","SKU0290","3","3000","9000","9000"
"6565","2026-09-20T05:00:00.000Z","SKU0291","4","1000","4000","4000"
"6590","2026-09-20T05:00:00.000Z","SKU0292","5","1200","6000","6000"
"6614","2026-09-20T05:00:00.000Z","SKU0293","6","3200","19200","19200"
"6639","2026-09-20T05:00:00.000Z","SKU0294","7","1700","11900","11900"
"6687","2026-09-20T05:00:00.000Z","SKU0296","1","4700","4700","4700"
"6712","2026-09-20T05:00:00.000Z","SKU0297","2","2700","5400","5400"
"6736","2026-09-20T05:00:00.000Z","SKU0298","3","3700","11100","11100"
"6761","2026-09-20T05:00:00.000Z","SKU0300","5","3100","15500","15500"
"6785","2026-09-20T05:00:00.000Z","SKU0301","6","1100","6600","6600"
"6810","2026-09-20T05:00:00.000Z","SKU0302","7","1300","9100","9100"
"6858","2026-09-20T05:00:00.000Z","SKU0304","1","1800","1800","1800"
"6883","2026-09-20T05:00:00.000Z","SKU0305","2","2300","4600","4600"
"6907","2026-09-20T05:00:00.000Z","SKU0306","3","4800","14400","14400"
"6932","2026-09-20T05:00:00.000Z","SKU0307","4","2800","11200","11200"
"6957","2026-09-20T05:00:00.000Z","SKU0308","5","3800","19000","19000"
"6981","2026-09-20T05:00:00.000Z","SKU0309","6","800","4800","4800"
"7006","2026-09-20T05:00:00.000Z","SKU0310","7","3100","21700","21700"
"7055","2026-09-20T05:00:00.000Z","SKU0313","2","3300","6600","6600"
"7079","2026-09-20T05:00:00.000Z","SKU0314","3","1800","5400","5400"
"7104","2026-09-20T05:00:00.000Z","SKU0315","4","2300","9200","9200"
"7129","2026-09-20T05:00:00.000Z","SKU0316","5","4800","24000","24000"
"7153","2026-09-20T05:00:00.000Z","SKU0317","6","2800","16800","16800"
"7178","2026-09-20T05:00:00.000Z","SKU0318","7","3800","26600","26600"
"7226","2026-09-20T05:00:00.000Z","SKU0320","1","3100","3100","3100"
"7251","2026-09-20T05:00:00.000Z","SKU0321","2","1100","2200","2200"
"7275","2026-09-20T05:00:00.000Z","SKU0322","3","1300","3900","3900"
"7300","2026-09-20T05:00:00.000Z","SKU0323","4","3300","13200","13200"
"7325","2026-09-20T05:00:00.000Z","SKU0324","5","1800","9000","9000"
"7350","2026-09-20T05:00:00.000Z","SKU0326","7","4800","33600","33600"
"7398","2026-09-20T05:00:00.000Z","SKU0328","1","3800","3800","3800"
"7423","2026-09-20T05:00:00.000Z","SKU0329","2","800","1600","1600"
"7447","2026-09-20T05:00:00.000Z","SKU0330","3","3100","9300","9300"
"7472","2026-09-20T05:00:00.000Z","SKU0331","4","1100","4400","4400"
"7497","2026-09-20T05:00:00.000Z","SKU0332","5","1300","6500","6500"
"7521","2026-09-20T05:00:00.000Z","SKU0333","6","3300","19800","19800"
"7546","2026-09-20T05:00:00.000Z","SKU0334","7","1800","12600","12600"
"7594","2026-09-20T05:00:00.000Z","SKU0336","1","4800","4800","4800"
"7619","2026-09-20T05:00:00.000Z","SKU0337","2","2800","5600","5600"
"7644","2026-09-20T05:00:00.000Z","SKU0339","4","800","3200","3200"
"7669","2026-09-20T05:00:00.000Z","SKU0340","5","3100","15500","15500"
"7693","2026-09-20T05:00:00.000Z","SKU0341","6","1100","6600","6600"
"7718","2026-09-20T05:00:00.000Z","SKU0342","7","1300","9100","9100"
"7766","2026-09-20T05:00:00.000Z","SKU0344","1","1800","1800","1800"
"7791","2026-09-20T05:00:00.000Z","SKU0345","2","2300","4600","4600"
"7815","2026-09-20T05:00:00.000Z","SKU0346","3","4800","14400","14400"
"7840","2026-09-20T05:00:00.000Z","SKU0347","4","2800","11200","11200"
"7865","2026-09-20T05:00:00.000Z","SKU0348","5","3800","19000","19000"
"7889","2026-09-20T05:00:00.000Z","SKU0349","6","800","4800","4800"
"7914","2026-09-20T05:00:00.000Z","SKU0350","7","3100","21700","21700"
"7938","2026-09-20T05:00:00.000Z","SKU0352","1","1300","1300","1300"
"7963","2026-09-20T05:00:00.000Z","SKU0353","2","3300","6600","6600"
"7987","2026-09-20T05:00:00.000Z","SKU0354","3","1800","5400","5400"
"8012","2026-09-20T05:00:00.000Z","SKU0355","4","2300","9200","9200"
"8037","2026-09-20T05:00:00.000Z","SKU0356","5","4800","24000","24000"
"8061","2026-09-20T05:00:00.000Z","SKU0357","6","2800","16800","16800"
"8086","2026-09-20T05:00:00.000Z","SKU0358","7","3800","26600","26600"
"8134","2026-09-20T05:00:00.000Z","SKU0360","1","3100","3100","3100"
"8159","2026-09-20T05:00:00.000Z","SKU0361","2","1100","2200","2200"
"8183","2026-09-20T05:00:00.000Z","SKU0362","3","1300","3900","3900"
"8208","2026-09-20T05:00:00.000Z","SKU0363","4","3300","13200","13200"
"8232","2026-09-20T05:00:00.000Z","SKU0365","6","2300","13800","13800"
"8257","2026-09-20T05:00:00.000Z","SKU0366","7","4800","33600","33600"
"8305","2026-09-20T05:00:00.000Z","SKU0368","1","3800","3800","3800"
"8330","2026-09-20T05:00:00.000Z","SKU0369","2","800","1600","1600"
"8354","2026-09-20T05:00:00.000Z","SKU0370","3","3100","9300","9300"
"8379","2026-09-20T05:00:00.000Z","SKU0371","4","1100","4400","4400"
"8404","2026-09-20T05:00:00.000Z","SKU0372","5","1300","6500","6500"
"8428","2026-09-20T05:00:00.000Z","SKU0373","6","3300","19800","19800"
"8453","2026-09-20T05:00:00.000Z","SKU0374","7","1800","12600","12600"
"8501","2026-09-20T05:00:00.000Z","SKU0376","1","4800","4800","4800"
"8525","2026-09-20T05:00:00.000Z","SKU0378","3","3800","11400","11400"
"8550","2026-09-20T05:00:00.000Z","SKU0379","4","800","3200","3200"
"8575","2026-09-20T05:00:00.000Z","SKU0380","5","3100","15500","15500"
"8599","2026-09-20T05:00:00.000Z","SKU0381","6","1100","6600","6600"
"8624","2026-09-20T05:00:00.000Z","SKU0382","7","1300","9100","9100"
"8672","2026-09-20T05:00:00.000Z","SKU0384","1","1800","1800","1800"
"8697","2026-09-20T05:00:00.000Z","SKU0385","2","2300","4600","4600"
"8721","2026-09-20T05:00:00.000Z","SKU0386","3","4800","14400","14400"
"8746","2026-09-20T05:00:00.000Z","SKU0387","4","2800","11200","11200"
"8771","2026-09-20T05:00:00.000Z","SKU0388","5","3800","19000","19000"
"8795","2026-09-20T05:00:00.000Z","SKU0389","6","800","4800","4800"
"8843","2026-09-20T05:00:00.000Z","SKU0392","1","1300","1300","1300"
"8868","2026-09-20T05:00:00.000Z","SKU0393","2","3300","6600","6600"
"8892","2026-09-20T05:00:00.000Z","SKU0394","3","1800","5400","5400"
"8917","2026-09-20T05:00:00.000Z","SKU0395","4","2300","9200","9200"
"8942","2026-09-20T05:00:00.000Z","SKU0396","5","4800","24000","24000"
"8966","2026-09-20T05:00:00.000Z","SKU0397","6","2800","16800","16800"
"8991","2026-09-20T05:00:00.000Z","SKU0398","7","3800","26600","26600"
"9039","2026-09-20T05:00:00.000Z","SKU0400","1","3200","3200","3200"
"9064","2026-09-20T05:00:00.000Z","SKU0401","2","1200","2400","2400"
"9088","2026-09-20T05:00:00.000Z","SKU0402","3","1400","4200","4200"
"9113","2026-09-20T05:00:00.000Z","SKU0404","5","1900","9500","9500"
"9137","2026-09-20T05:00:00.000Z","SKU0405","6","2400","14400","14400"
"9162","2026-09-20T05:00:00.000Z","SKU0406","7","4900","34300","34300"
"9210","2026-09-20T05:00:00.000Z","SKU0408","1","3900","3900","3900"
"9235","2026-09-20T05:00:00.000Z","SKU0409","2","900","1800","1800"
"9259","2026-09-20T05:00:00.000Z","SKU0410","3","3200","9600","9600"
"9284","2026-09-20T05:00:00.000Z","SKU0411","4","1200","4800","4800"
"9309","2026-09-20T05:00:00.000Z","SKU0412","5","1400","7000","7000"
"9333","2026-09-20T05:00:00.000Z","SKU0413","6","3400","20400","20400"
"9358","2026-09-20T05:00:00.000Z","SKU0414","7","1900","13300","13300"
"9407","2026-09-20T05:00:00.000Z","SKU0417","2","2900","5800","5800"
"9431","2026-09-20T05:00:00.000Z","SKU0418","3","3900","11700","11700"
"9456","2026-09-20T05:00:00.000Z","SKU0419","4","900","3600","3600"
"9481","2026-09-20T05:00:00.000Z","SKU0420","5","3200","16000","16000"
"9505","2026-09-20T05:00:00.000Z","SKU0421","6","1200","7200","7200"
"9530","2026-09-20T05:00:00.000Z","SKU0422","7","1400","9800","9800"
"9578","2026-09-20T05:00:00.000Z","SKU0424","1","1900","1900","1900"
"9603","2026-09-20T05:00:00.000Z","SKU0425","2","2400","4800","4800"
"9627","2026-09-20T05:00:00.000Z","SKU0426","3","4900","14700","14700"
"9652","2026-09-20T05:00:00.000Z","SKU0427","4","2900","11600","11600"
"9677","2026-09-20T05:00:00.000Z","SKU0428","5","3900","19500","19500"
"9702","2026-09-20T05:00:00.000Z","SKU0430","7","3200","22400","22400"
"9750","2026-09-20T05:00:00.000Z","SKU0432","1","1400","1400","1400"
"9775","2026-09-20T05:00:00.000Z","SKU0433","2","3400","6800","6800"
"9799","2026-09-20T05:00:00.000Z","SKU0434","3","1900","5700","5700"
"9824","2026-09-20T05:00:00.000Z","SKU0435","4","2400","9600","9600"
"9849","2026-09-20T05:00:00.000Z","SKU0436","5","4900","24500","24500"
"9873","2026-09-20T05:00:00.000Z","SKU0437","6","2900","17400","17400"
"9898","2026-09-20T05:00:00.000Z","SKU0438","7","3900","27300","27300"
"9946","2026-09-20T05:00:00.000Z","SKU0440","1","3200","3200","3200"
"9971","2026-09-20T05:00:00.000Z","SKU0441","2","1200","2400","2400"
"9996","2026-09-20T05:00:00.000Z","SKU0443","4","3400","13600","13600"
"10021","2026-09-20T05:00:00.000Z","SKU0444","5","1900","9500","9500"
"10045","2026-09-20T05:00:00.000Z","SKU0445","6","2400","14400","14400"
"10070","2026-09-20T05:00:00.000Z","SKU0446","7","4900","34300","34300"
"10118","2026-09-20T05:00:00.000Z","SKU0448","1","3900","3900","3900"
"10143","2026-09-20T05:00:00.000Z","SKU0449","2","900","1800","1800"
"10167","2026-09-20T05:00:00.000Z","SKU0450","3","3200","9600","9600"
"10192","2026-09-20T05:00:00.000Z","SKU0451","4","1200","4800","4800"
"10217","2026-09-20T05:00:00.000Z","SKU0452","5","1400","7000","7000"
"10241","2026-09-20T05:00:00.000Z","SKU0453","6","3400","20400","20400"
"10266","2026-09-20T05:00:00.000Z","SKU0454","7","1900","13300","13300"
"10290","2026-09-20T05:00:00.000Z","SKU0456","1","4900","4900","4900"
"10315","2026-09-20T05:00:00.000Z","SKU0457","2","2900","5800","5800"
"10339","2026-09-20T05:00:00.000Z","SKU0458","3","3900","11700","11700"
"10364","2026-09-20T05:00:00.000Z","SKU0459","4","900","3600","3600"
"10389","2026-09-20T05:00:00.000Z","SKU0460","5","3200","16000","16000"
"10413","2026-09-20T05:00:00.000Z","SKU0461","6","1200","7200","7200"
"10438","2026-09-20T05:00:00.000Z","SKU0462","7","1400","9800","9800"
"10486","2026-09-20T05:00:00.000Z","SKU0464","1","1900","1900","1900"
"10511","2026-09-20T05:00:00.000Z","SKU0465","2","2400","4800","4800"
"10535","2026-09-20T05:00:00.000Z","SKU0466","3","4900","14700","14700"
"10560","2026-09-20T05:00:00.000Z","SKU0467","4","2900","11600","11600"
"10584","2026-09-20T05:00:00.000Z","SKU0469","6","900","5400","5400"
"10609","2026-09-20T05:00:00.000Z","SKU0470","7","3200","22400","22400"
"10657","2026-09-20T05:00:00.000Z","SKU0472","1","1400","1400","1400"
"10682","2026-09-20T05:00:00.000Z","SKU0473","2","3400","6800","6800"
"10706","2026-09-20T05:00:00.000Z","SKU0474","3","1900","5700","5700"
"10731","2026-09-20T05:00:00.000Z","SKU0475","4","2400","9600","9600"
"10756","2026-09-20T05:00:00.000Z","SKU0476","5","4900","24500","24500"
"10780","2026-09-20T05:00:00.000Z","SKU0477","6","2900","17400","17400"
"10805","2026-09-20T05:00:00.000Z","SKU0478","7","3900","27300","27300"
"10853","2026-09-20T05:00:00.000Z","SKU0480","1","3200","3200","3200"
"10877","2026-09-20T05:00:00.000Z","SKU0482","3","1400","4200","4200"
"10902","2026-09-20T05:00:00.000Z","SKU0483","4","3400","13600","13600"
"10927","2026-09-20T05:00:00.000Z","SKU0484","5","1900","9500","9500"
"10951","2026-09-20T05:00:00.000Z","SKU0485","6","2400","14400","14400"
"10976","2026-09-20T05:00:00.000Z","SKU0486","7","4900","34300","34300"
"11024","2026-09-20T05:00:00.000Z","SKU0488","1","3900","3900","3900"
"11049","2026-09-20T05:00:00.000Z","SKU0489","2","900","1800","1800"
"11073","2026-09-20T05:00:00.000Z","SKU0490","3","3200","9600","9600"
"11098","2026-09-20T05:00:00.000Z","SKU0491","4","1200","4800","4800"
"11123","2026-09-20T05:00:00.000Z","SKU0492","5","1400","7000","7000"
"11147","2026-09-20T05:00:00.000Z","SKU0493","6","3400","20400","20400"
"11195","2026-09-20T05:00:00.000Z","SKU0496","1","4900","4900","4900"
"11220","2026-09-20T05:00:00.000Z","SKU0497","2","2900","5800","5800"
"11244","2026-09-20T05:00:00.000Z","SKU0498","3","3900","11700","11700"
"11269","2026-09-20T05:00:00.000Z","SKU0499","4","900","3600","3600"
"13","2026-09-21T05:00:00.000Z","SKU0001","4","800","3200","3200"
"41","2026-09-21T05:00:00.000Z","SKU0002","8","1000","8000","8000"
"98","2026-09-21T05:00:00.000Z","SKU0005","1","2000","2000","2000"
"123","2026-09-21T05:00:00.000Z","SKU0006","2","4500","9000","9000"
"147","2026-09-21T05:00:00.000Z","SKU0007","3","2500","7500","7500"
"171","2026-09-21T05:00:00.000Z","SKU0008","4","3500","14000","14000"
"196","2026-09-21T05:00:00.000Z","SKU0009","5","500","2500","2500"
"220","2026-09-21T05:00:00.000Z","SKU0010","6","2800","16800","16800"
"245","2026-09-21T05:00:00.000Z","SKU0011","7","800","5600","5600"
"295","2026-09-21T05:00:00.000Z","SKU0014","2","1500","3000","3000"
"319","2026-09-21T05:00:00.000Z","SKU0015","3","2000","6000","6000"
"343","2026-09-21T05:00:00.000Z","SKU0016","4","4500","18000","18000"
"368","2026-09-21T05:00:00.000Z","SKU0017","5","2500","12500","12500"
"392","2026-09-21T05:00:00.000Z","SKU0018","6","3500","21000","21000"
"417","2026-09-21T05:00:00.000Z","SKU0019","7","500","3500","3500"
"466","2026-09-21T05:00:00.000Z","SKU0021","1","800","800","800"
"491","2026-09-21T05:00:00.000Z","SKU0022","2","1000","2000","2000"
"515","2026-09-21T05:00:00.000Z","SKU0023","3","3000","9000","9000"
"539","2026-09-21T05:00:00.000Z","SKU0024","4","1500","6000","6000"
"564","2026-09-21T05:00:00.000Z","SKU0025","5","2000","10000","10000"
"589","2026-09-21T05:00:00.000Z","SKU0027","7","2500","17500","17500"
"638","2026-09-21T05:00:00.000Z","SKU0029","1","500","500","500"
"663","2026-09-21T05:00:00.000Z","SKU0030","2","2800","5600","5600"
"687","2026-09-21T05:00:00.000Z","SKU0031","3","800","2400","2400"
"711","2026-09-21T05:00:00.000Z","SKU0032","4","1000","4000","4000"
"736","2026-09-21T05:00:00.000Z","SKU0033","5","3000","15000","15000"
"760","2026-09-21T05:00:00.000Z","SKU0034","6","1500","9000","9000"
"785","2026-09-21T05:00:00.000Z","SKU0035","7","2000","14000","14000"
"834","2026-09-21T05:00:00.000Z","SKU0037","1","2500","2500","2500"
"859","2026-09-21T05:00:00.000Z","SKU0038","2","3500","7000","7000"
"883","2026-09-21T05:00:00.000Z","SKU0040","4","2800","11200","11200"
"908","2026-09-21T05:00:00.000Z","SKU0041","5","800","4000","4000"
"932","2026-09-21T05:00:00.000Z","SKU0042","6","1000","6000","6000"
"957","2026-09-21T05:00:00.000Z","SKU0043","7","3000","21000","21000"
"1006","2026-09-21T05:00:00.000Z","SKU0045","1","2000","2000","2000"
"1031","2026-09-21T05:00:00.000Z","SKU0046","2","4500","9000","9000"
"1055","2026-09-21T05:00:00.000Z","SKU0047","3","2500","7500","7500"
"1079","2026-09-21T05:00:00.000Z","SKU0048","4","3500","14000","14000"
"1104","2026-09-21T05:00:00.000Z","SKU0049","5","500","2500","2500"
"1128","2026-09-21T05:00:00.000Z","SKU0050","6","2800","16800","16800"
"1153","2026-09-21T05:00:00.000Z","SKU0051","7","800","5600","5600"
"1177","2026-09-21T05:00:00.000Z","SKU0053","1","3000","3000","3000"
"1202","2026-09-21T05:00:00.000Z","SKU0054","2","1500","3000","3000"
"1226","2026-09-21T05:00:00.000Z","SKU0055","3","2000","6000","6000"
"1250","2026-09-21T05:00:00.000Z","SKU0056","4","4500","18000","18000"
"1275","2026-09-21T05:00:00.000Z","SKU0057","5","2500","12500","12500"
"1299","2026-09-21T05:00:00.000Z","SKU0058","6","3500","21000","21000"
"1324","2026-09-21T05:00:00.000Z","SKU0059","7","500","3500","3500"
"1373","2026-09-21T05:00:00.000Z","SKU0061","1","800","800","800"
"1398","2026-09-21T05:00:00.000Z","SKU0062","2","1000","2000","2000"
"1422","2026-09-21T05:00:00.000Z","SKU0063","3","3000","9000","9000"
"1446","2026-09-21T05:00:00.000Z","SKU0064","4","1500","6000","6000"
"1470","2026-09-21T05:00:00.000Z","SKU0066","6","4500","27000","27000"
"1495","2026-09-21T05:00:00.000Z","SKU0067","7","2500","17500","17500"
"1544","2026-09-21T05:00:00.000Z","SKU0069","1","500","500","500"
"1569","2026-09-21T05:00:00.000Z","SKU0070","2","2800","5600","5600"
"1593","2026-09-21T05:00:00.000Z","SKU0071","3","800","2400","2400"
"1617","2026-09-21T05:00:00.000Z","SKU0072","4","1000","4000","4000"
"1642","2026-09-21T05:00:00.000Z","SKU0073","5","3000","15000","15000"
"1666","2026-09-21T05:00:00.000Z","SKU0074","6","1500","9000","9000"
"1691","2026-09-21T05:00:00.000Z","SKU0075","7","2000","14000","14000"
"1740","2026-09-21T05:00:00.000Z","SKU0077","1","2500","2500","2500"
"1764","2026-09-21T05:00:00.000Z","SKU0079","3","500","1500","1500"
"1788","2026-09-21T05:00:00.000Z","SKU0080","4","2800","11200","11200"
"1813","2026-09-21T05:00:00.000Z","SKU0081","5","800","4000","4000"
"1837","2026-09-21T05:00:00.000Z","SKU0082","6","1000","6000","6000"
"1862","2026-09-21T05:00:00.000Z","SKU0083","7","3000","21000","21000"
"1911","2026-09-21T05:00:00.000Z","SKU0085","1","2000","2000","2000"
"1936","2026-09-21T05:00:00.000Z","SKU0086","2","4500","9000","9000"
"1960","2026-09-21T05:00:00.000Z","SKU0087","3","2500","7500","7500"
"1984","2026-09-21T05:00:00.000Z","SKU0088","4","3500","14000","14000"
"2009","2026-09-21T05:00:00.000Z","SKU0089","5","500","2500","2500"
"2033","2026-09-21T05:00:00.000Z","SKU0090","6","2800","16800","16800"
"2082","2026-09-21T05:00:00.000Z","SKU0093","1","3000","3000","3000"
"2107","2026-09-21T05:00:00.000Z","SKU0094","2","1500","3000","3000"
"2131","2026-09-21T05:00:00.000Z","SKU0095","3","2000","6000","6000"
"2155","2026-09-21T05:00:00.000Z","SKU0096","4","4500","18000","18000"
"2180","2026-09-21T05:00:00.000Z","SKU0097","5","2500","12500","12500"
"2204","2026-09-21T05:00:00.000Z","SKU0098","6","3500","21000","21000"
"2229","2026-09-21T05:00:00.000Z","SKU0099","7","500","3500","3500"
"2278","2026-09-21T05:00:00.000Z","SKU0101","1","900","900","900"
"2303","2026-09-21T05:00:00.000Z","SKU0102","2","1100","2200","2200"
"2327","2026-09-21T05:00:00.000Z","SKU0103","3","3100","9300","9300"
"2352","2026-09-21T05:00:00.000Z","SKU0105","5","2100","10500","10500"
"2376","2026-09-21T05:00:00.000Z","SKU0106","6","4600","27600","27600"
"2401","2026-09-21T05:00:00.000Z","SKU0107","7","2600","18200","18200"
"2450","2026-09-21T05:00:00.000Z","SKU0109","1","600","600","600"
"2475","2026-09-21T05:00:00.000Z","SKU0110","2","2900","5800","5800"
"2499","2026-09-21T05:00:00.000Z","SKU0111","3","900","2700","2700"
"2523","2026-09-21T05:00:00.000Z","SKU0112","4","1100","4400","4400"
"2548","2026-09-21T05:00:00.000Z","SKU0113","5","3100","15500","15500"
"2572","2026-09-21T05:00:00.000Z","SKU0114","6","1600","9600","9600"
"2597","2026-09-21T05:00:00.000Z","SKU0115","7","2100","14700","14700"
"2647","2026-09-21T05:00:00.000Z","SKU0118","2","3600","7200","7200"
"2671","2026-09-21T05:00:00.000Z","SKU0119","3","600","1800","1800"
"2695","2026-09-21T05:00:00.000Z","SKU0120","4","2900","11600","11600"
"2720","2026-09-21T05:00:00.000Z","SKU0121","5","900","4500","4500"
"2744","2026-09-21T05:00:00.000Z","SKU0122","6","1100","6600","6600"
"2769","2026-09-21T05:00:00.000Z","SKU0123","7","3100","21700","21700"
"2818","2026-09-21T05:00:00.000Z","SKU0125","1","2100","2100","2100"
"2843","2026-09-21T05:00:00.000Z","SKU0126","2","4600","9200","9200"
"2867","2026-09-21T05:00:00.000Z","SKU0127","3","2600","7800","7800"
"2891","2026-09-21T05:00:00.000Z","SKU0128","4","3600","14400","14400"
"2916","2026-09-21T05:00:00.000Z","SKU0129","5","600","3000","3000"
"2941","2026-09-21T05:00:00.000Z","SKU0131","7","900","6300","6300"
"2990","2026-09-21T05:00:00.000Z","SKU0133","1","3100","3100","3100"
"3015","2026-09-21T05:00:00.000Z","SKU0134","2","1600","3200","3200"
"3039","2026-09-21T05:00:00.000Z","SKU0135","3","2100","6300","6300"
"3063","2026-09-21T05:00:00.000Z","SKU0136","4","4600","18400","18400"
"3088","2026-09-21T05:00:00.000Z","SKU0137","5","2600","13000","13000"
"3112","2026-09-21T05:00:00.000Z","SKU0138","6","3600","21600","21600"
"3137","2026-09-21T05:00:00.000Z","SKU0139","7","600","4200","4200"
"3186","2026-09-21T05:00:00.000Z","SKU0141","1","900","900","900"
"3211","2026-09-21T05:00:00.000Z","SKU0142","2","1100","2200","2200"
"3235","2026-09-21T05:00:00.000Z","SKU0144","4","1600","6400","6400"
"3260","2026-09-21T05:00:00.000Z","SKU0145","5","2100","10500","10500"
"3284","2026-09-21T05:00:00.000Z","SKU0146","6","4600","27600","27600"
"3309","2026-09-21T05:00:00.000Z","SKU0147","7","2600","18200","18200"
"3358","2026-09-21T05:00:00.000Z","SKU0149","1","600","600","600"
"3383","2026-09-21T05:00:00.000Z","SKU0150","2","2900","5800","5800"
"3407","2026-09-21T05:00:00.000Z","SKU0151","3","900","2700","2700"
"3431","2026-09-21T05:00:00.000Z","SKU0152","4","1100","4400","4400"
"3456","2026-09-21T05:00:00.000Z","SKU0153","5","3100","15500","15500"
"3480","2026-09-21T05:00:00.000Z","SKU0154","6","1600","9600","9600"
"3505","2026-09-21T05:00:00.000Z","SKU0155","7","2100","14700","14700"
"3529","2026-09-21T05:00:00.000Z","SKU0157","1","2600","2600","2600"
"3554","2026-09-21T05:00:00.000Z","SKU0158","2","3600","7200","7200"
"3578","2026-09-21T05:00:00.000Z","SKU0159","3","600","1800","1800"
"3602","2026-09-21T05:00:00.000Z","SKU0160","4","2900","11600","11600"
"3627","2026-09-21T05:00:00.000Z","SKU0161","5","900","4500","4500"
"3651","2026-09-21T05:00:00.000Z","SKU0162","6","1100","6600","6600"
"3676","2026-09-21T05:00:00.000Z","SKU0163","7","3100","21700","21700"
"3725","2026-09-21T05:00:00.000Z","SKU0165","1","2100","2100","2100"
"3750","2026-09-21T05:00:00.000Z","SKU0166","2","4600","9200","9200"
"3774","2026-09-21T05:00:00.000Z","SKU0167","3","2600","7800","7800"
"3798","2026-09-21T05:00:00.000Z","SKU0168","4","3600","14400","14400"
"3822","2026-09-21T05:00:00.000Z","SKU0170","6","2900","17400","17400"
"3847","2026-09-21T05:00:00.000Z","SKU0171","7","900","6300","6300"
"3896","2026-09-21T05:00:00.000Z","SKU0173","1","3100","3100","3100"
"3921","2026-09-21T05:00:00.000Z","SKU0174","2","1600","3200","3200"
"3945","2026-09-21T05:00:00.000Z","SKU0175","3","2100","6300","6300"
"3969","2026-09-21T05:00:00.000Z","SKU0176","4","4600","18400","18400"
"3994","2026-09-21T05:00:00.000Z","SKU0177","5","2600","13000","13000"
"4018","2026-09-21T05:00:00.000Z","SKU0178","6","3600","21600","21600"
"4043","2026-09-21T05:00:00.000Z","SKU0179","7","600","4200","4200"
"4092","2026-09-21T05:00:00.000Z","SKU0181","1","900","900","900"
"4116","2026-09-21T05:00:00.000Z","SKU0183","3","3100","9300","9300"
"4140","2026-09-21T05:00:00.000Z","SKU0184","4","1600","6400","6400"
"4165","2026-09-21T05:00:00.000Z","SKU0185","5","2100","10500","10500"
"4189","2026-09-21T05:00:00.000Z","SKU0186","6","4600","27600","27600"
"4214","2026-09-21T05:00:00.000Z","SKU0187","7","2600","18200","18200"
"4263","2026-09-21T05:00:00.000Z","SKU0189","1","600","600","600"
"4288","2026-09-21T05:00:00.000Z","SKU0190","2","2900","5800","5800"
"4312","2026-09-21T05:00:00.000Z","SKU0191","3","900","2700","2700"
"4336","2026-09-21T05:00:00.000Z","SKU0192","4","1100","4400","4400"
"4361","2026-09-21T05:00:00.000Z","SKU0193","5","3100","15500","15500"
"4385","2026-09-21T05:00:00.000Z","SKU0194","6","1600","9600","9600"
"4434","2026-09-21T05:00:00.000Z","SKU0197","1","2600","2600","2600"
"4459","2026-09-21T05:00:00.000Z","SKU0198","2","3600","7200","7200"
"4483","2026-09-21T05:00:00.000Z","SKU0199","3","600","1800","1800"
"4507","2026-09-21T05:00:00.000Z","SKU0200","4","3000","12000","12000"
"4532","2026-09-21T05:00:00.000Z","SKU0201","5","1000","5000","5000"
"4556","2026-09-21T05:00:00.000Z","SKU0202","6","1200","7200","7200"
"4581","2026-09-21T05:00:00.000Z","SKU0203","7","3200","22400","22400"
"4630","2026-09-21T05:00:00.000Z","SKU0205","1","2200","2200","2200"
"4655","2026-09-21T05:00:00.000Z","SKU0206","2","4700","9400","9400"
"4679","2026-09-21T05:00:00.000Z","SKU0207","3","2700","8100","8100"
"4704","2026-09-21T05:00:00.000Z","SKU0209","5","700","3500","3500"
"4728","2026-09-21T05:00:00.000Z","SKU0210","6","3000","18000","18000"
"4753","2026-09-21T05:00:00.000Z","SKU0211","7","1000","7000","7000"
"4802","2026-09-21T05:00:00.000Z","SKU0213","1","3200","3200","3200"
"4827","2026-09-21T05:00:00.000Z","SKU0214","2","1700","3400","3400"
"4851","2026-09-21T05:00:00.000Z","SKU0215","3","2200","6600","6600"
"4875","2026-09-21T05:00:00.000Z","SKU0216","4","4700","18800","18800"
"4900","2026-09-21T05:00:00.000Z","SKU0217","5","2700","13500","13500"
"4924","2026-09-21T05:00:00.000Z","SKU0218","6","3700","22200","22200"
"4949","2026-09-21T05:00:00.000Z","SKU0219","7","700","4900","4900"
"4999","2026-09-21T05:00:00.000Z","SKU0222","2","1200","2400","2400"
"5023","2026-09-21T05:00:00.000Z","SKU0223","3","3200","9600","9600"
"5047","2026-09-21T05:00:00.000Z","SKU0224","4","1700","6800","6800"
"5072","2026-09-21T05:00:00.000Z","SKU0225","5","2200","11000","11000"
"5096","2026-09-21T05:00:00.000Z","SKU0226","6","4700","28200","28200"
"5121","2026-09-21T05:00:00.000Z","SKU0227","7","2700","18900","18900"
"5170","2026-09-21T05:00:00.000Z","SKU0229","1","700","700","700"
"5195","2026-09-21T05:00:00.000Z","SKU0230","2","3000","6000","6000"
"5219","2026-09-21T05:00:00.000Z","SKU0231","3","1000","3000","3000"
"5243","2026-09-21T05:00:00.000Z","SKU0232","4","1200","4800","4800"
"5268","2026-09-21T05:00:00.000Z","SKU0233","5","3200","16000","16000"
"5293","2026-09-21T05:00:00.000Z","SKU0235","7","2200","15400","15400"
"5342","2026-09-21T05:00:00.000Z","SKU0237","1","2700","2700","2700"
"5367","2026-09-21T05:00:00.000Z","SKU0238","2","3700","7400","7400"
"5391","2026-09-21T05:00:00.000Z","SKU0239","3","700","2100","2100"
"5415","2026-09-21T05:00:00.000Z","SKU0240","4","3000","12000","12000"
"5440","2026-09-21T05:00:00.000Z","SKU0241","5","1000","5000","5000"
"5464","2026-09-21T05:00:00.000Z","SKU0242","6","1200","7200","7200"
"5489","2026-09-21T05:00:00.000Z","SKU0243","7","3200","22400","22400"
"5538","2026-09-21T05:00:00.000Z","SKU0245","1","2200","2200","2200"
"5563","2026-09-21T05:00:00.000Z","SKU0246","2","4700","9400","9400"
"5587","2026-09-21T05:00:00.000Z","SKU0248","4","3700","14800","14800"
"5612","2026-09-21T05:00:00.000Z","SKU0249","5","700","3500","3500"
"5636","2026-09-21T05:00:00.000Z","SKU0250","6","3000","18000","18000"
"5661","2026-09-21T05:00:00.000Z","SKU0251","7","1000","7000","7000"
"5710","2026-09-21T05:00:00.000Z","SKU0253","1","3200","3200","3200"
"5735","2026-09-21T05:00:00.000Z","SKU0254","2","1700","3400","3400"
"5759","2026-09-21T05:00:00.000Z","SKU0255","3","2200","6600","6600"
"5783","2026-09-21T05:00:00.000Z","SKU0256","4","4700","18800","18800"
"5808","2026-09-21T05:00:00.000Z","SKU0257","5","2700","13500","13500"
"5832","2026-09-21T05:00:00.000Z","SKU0258","6","3700","22200","22200"
"5857","2026-09-21T05:00:00.000Z","SKU0259","7","700","4900","4900"
"5881","2026-09-21T05:00:00.000Z","SKU0261","1","1000","1000","1000"
"5906","2026-09-21T05:00:00.000Z","SKU0262","2","1200","2400","2400"
"5930","2026-09-21T05:00:00.000Z","SKU0263","3","3200","9600","9600"
"5954","2026-09-21T05:00:00.000Z","SKU0264","4","1700","6800","6800"
"5979","2026-09-21T05:00:00.000Z","SKU0265","5","2200","11000","11000"
"6003","2026-09-21T05:00:00.000Z","SKU0266","6","4700","28200","28200"
"6028","2026-09-21T05:00:00.000Z","SKU0267","7","2700","18900","18900"
"6077","2026-09-21T05:00:00.000Z","SKU0269","1","700","700","700"
"6102","2026-09-21T05:00:00.000Z","SKU0270","2","3000","6000","6000"
"6126","2026-09-21T05:00:00.000Z","SKU0271","3","1000","3000","3000"
"6150","2026-09-21T05:00:00.000Z","SKU0272","4","1200","4800","4800"
"6174","2026-09-21T05:00:00.000Z","SKU0274","6","1700","10200","10200"
"6199","2026-09-21T05:00:00.000Z","SKU0275","7","2200","15400","15400"
"6248","2026-09-21T05:00:00.000Z","SKU0277","1","2700","2700","2700"
"6273","2026-09-21T05:00:00.000Z","SKU0278","2","3700","7400","7400"
"6297","2026-09-21T05:00:00.000Z","SKU0279","3","700","2100","2100"
"6321","2026-09-21T05:00:00.000Z","SKU0280","4","3000","12000","12000"
"6346","2026-09-21T05:00:00.000Z","SKU0281","5","1000","5000","5000"
"6370","2026-09-21T05:00:00.000Z","SKU0282","6","1200","7200","7200"
"6395","2026-09-21T05:00:00.000Z","SKU0283","7","3200","22400","22400"
"6444","2026-09-21T05:00:00.000Z","SKU0285","1","2200","2200","2200"
"6468","2026-09-21T05:00:00.000Z","SKU0287","3","2700","8100","8100"
"6492","2026-09-21T05:00:00.000Z","SKU0288","4","3700","14800","14800"
"6517","2026-09-21T05:00:00.000Z","SKU0289","5","700","3500","3500"
"6541","2026-09-21T05:00:00.000Z","SKU0290","6","3000","18000","18000"
"6566","2026-09-21T05:00:00.000Z","SKU0291","7","1000","7000","7000"
"6615","2026-09-21T05:00:00.000Z","SKU0293","1","3200","3200","3200"
"6640","2026-09-21T05:00:00.000Z","SKU0294","2","1700","3400","3400"
"6664","2026-09-21T05:00:00.000Z","SKU0295","3","2200","6600","6600"
"6688","2026-09-21T05:00:00.000Z","SKU0296","4","4700","18800","18800"
"6713","2026-09-21T05:00:00.000Z","SKU0297","5","2700","13500","13500"
"6737","2026-09-21T05:00:00.000Z","SKU0298","6","3700","22200","22200"
"6786","2026-09-21T05:00:00.000Z","SKU0301","1","1100","1100","1100"
"6811","2026-09-21T05:00:00.000Z","SKU0302","2","1300","2600","2600"
"6835","2026-09-21T05:00:00.000Z","SKU0303","3","3300","9900","9900"
"6859","2026-09-21T05:00:00.000Z","SKU0304","4","1800","7200","7200"
"6884","2026-09-21T05:00:00.000Z","SKU0305","5","2300","11500","11500"
"6908","2026-09-21T05:00:00.000Z","SKU0306","6","4800","28800","28800"
"6933","2026-09-21T05:00:00.000Z","SKU0307","7","2800","19600","19600"
"6982","2026-09-21T05:00:00.000Z","SKU0309","1","800","800","800"
"7007","2026-09-21T05:00:00.000Z","SKU0310","2","3100","6200","6200"
"7031","2026-09-21T05:00:00.000Z","SKU0311","3","1100","3300","3300"
"7056","2026-09-21T05:00:00.000Z","SKU0313","5","3300","16500","16500"
"7080","2026-09-21T05:00:00.000Z","SKU0314","6","1800","10800","10800"
"7105","2026-09-21T05:00:00.000Z","SKU0315","7","2300","16100","16100"
"7154","2026-09-21T05:00:00.000Z","SKU0317","1","2800","2800","2800"
"7179","2026-09-21T05:00:00.000Z","SKU0318","2","3800","7600","7600"
"7203","2026-09-21T05:00:00.000Z","SKU0319","3","800","2400","2400"
"7227","2026-09-21T05:00:00.000Z","SKU0320","4","3100","12400","12400"
"7252","2026-09-21T05:00:00.000Z","SKU0321","5","1100","5500","5500"
"7276","2026-09-21T05:00:00.000Z","SKU0322","6","1300","7800","7800"
"7301","2026-09-21T05:00:00.000Z","SKU0323","7","3300","23100","23100"
"7351","2026-09-21T05:00:00.000Z","SKU0326","2","4800","9600","9600"
"7375","2026-09-21T05:00:00.000Z","SKU0327","3","2800","8400","8400"
"7399","2026-09-21T05:00:00.000Z","SKU0328","4","3800","15200","15200"
"7424","2026-09-21T05:00:00.000Z","SKU0329","5","800","4000","4000"
"7448","2026-09-21T05:00:00.000Z","SKU0330","6","3100","18600","18600"
"7473","2026-09-21T05:00:00.000Z","SKU0331","7","1100","7700","7700"
"7522","2026-09-21T05:00:00.000Z","SKU0333","1","3300","3300","3300"
"7547","2026-09-21T05:00:00.000Z","SKU0334","2","1800","3600","3600"
"7571","2026-09-21T05:00:00.000Z","SKU0335","3","2300","6900","6900"
"7595","2026-09-21T05:00:00.000Z","SKU0336","4","4800","19200","19200"
"7620","2026-09-21T05:00:00.000Z","SKU0337","5","2800","14000","14000"
"7645","2026-09-21T05:00:00.000Z","SKU0339","7","800","5600","5600"
"7694","2026-09-21T05:00:00.000Z","SKU0341","1","1100","1100","1100"
"7719","2026-09-21T05:00:00.000Z","SKU0342","2","1300","2600","2600"
"7743","2026-09-21T05:00:00.000Z","SKU0343","3","3300","9900","9900"
"7767","2026-09-21T05:00:00.000Z","SKU0344","4","1800","7200","7200"
"7792","2026-09-21T05:00:00.000Z","SKU0345","5","2300","11500","11500"
"7816","2026-09-21T05:00:00.000Z","SKU0346","6","4800","28800","28800"
"7841","2026-09-21T05:00:00.000Z","SKU0347","7","2800","19600","19600"
"7890","2026-09-21T05:00:00.000Z","SKU0349","1","800","800","800"
"7915","2026-09-21T05:00:00.000Z","SKU0350","2","3100","6200","6200"
"7939","2026-09-21T05:00:00.000Z","SKU0352","4","1300","5200","5200"
"7964","2026-09-21T05:00:00.000Z","SKU0353","5","3300","16500","16500"
"7988","2026-09-21T05:00:00.000Z","SKU0354","6","1800","10800","10800"
"8013","2026-09-21T05:00:00.000Z","SKU0355","7","2300","16100","16100"
"8062","2026-09-21T05:00:00.000Z","SKU0357","1","2800","2800","2800"
"8087","2026-09-21T05:00:00.000Z","SKU0358","2","3800","7600","7600"
"8111","2026-09-21T05:00:00.000Z","SKU0359","3","800","2400","2400"
"8135","2026-09-21T05:00:00.000Z","SKU0360","4","3100","12400","12400"
"8160","2026-09-21T05:00:00.000Z","SKU0361","5","1100","5500","5500"
"8184","2026-09-21T05:00:00.000Z","SKU0362","6","1300","7800","7800"
"8209","2026-09-21T05:00:00.000Z","SKU0363","7","3300","23100","23100"
"8233","2026-09-21T05:00:00.000Z","SKU0365","1","2300","2300","2300"
"8258","2026-09-21T05:00:00.000Z","SKU0366","2","4800","9600","9600"
"8282","2026-09-21T05:00:00.000Z","SKU0367","3","2800","8400","8400"
"8306","2026-09-21T05:00:00.000Z","SKU0368","4","3800","15200","15200"
"8331","2026-09-21T05:00:00.000Z","SKU0369","5","800","4000","4000"
"8355","2026-09-21T05:00:00.000Z","SKU0370","6","3100","18600","18600"
"8380","2026-09-21T05:00:00.000Z","SKU0371","7","1100","7700","7700"
"8429","2026-09-21T05:00:00.000Z","SKU0373","1","3300","3300","3300"
"8454","2026-09-21T05:00:00.000Z","SKU0374","2","1800","3600","3600"
"8478","2026-09-21T05:00:00.000Z","SKU0375","3","2300","6900","6900"
"8502","2026-09-21T05:00:00.000Z","SKU0376","4","4800","19200","19200"
"8526","2026-09-21T05:00:00.000Z","SKU0378","6","3800","22800","22800"
"8551","2026-09-21T05:00:00.000Z","SKU0379","7","800","5600","5600"
"8600","2026-09-21T05:00:00.000Z","SKU0381","1","1100","1100","1100"
"8625","2026-09-21T05:00:00.000Z","SKU0382","2","1300","2600","2600"
"8649","2026-09-21T05:00:00.000Z","SKU0383","3","3300","9900","9900"
"8673","2026-09-21T05:00:00.000Z","SKU0384","4","1800","7200","7200"
"8698","2026-09-21T05:00:00.000Z","SKU0385","5","2300","11500","11500"
"8722","2026-09-21T05:00:00.000Z","SKU0386","6","4800","28800","28800"
"8747","2026-09-21T05:00:00.000Z","SKU0387","7","2800","19600","19600"
"8796","2026-09-21T05:00:00.000Z","SKU0389","1","800","800","800"
"8820","2026-09-21T05:00:00.000Z","SKU0391","3","1100","3300","3300"
"8844","2026-09-21T05:00:00.000Z","SKU0392","4","1300","5200","5200"
"8869","2026-09-21T05:00:00.000Z","SKU0393","5","3300","16500","16500"
"8893","2026-09-21T05:00:00.000Z","SKU0394","6","1800","10800","10800"
"8918","2026-09-21T05:00:00.000Z","SKU0395","7","2300","16100","16100"
"8967","2026-09-21T05:00:00.000Z","SKU0397","1","2800","2800","2800"
"8992","2026-09-21T05:00:00.000Z","SKU0398","2","3800","7600","7600"
"9016","2026-09-21T05:00:00.000Z","SKU0399","3","800","2400","2400"
"9040","2026-09-21T05:00:00.000Z","SKU0400","4","3200","12800","12800"
"9065","2026-09-21T05:00:00.000Z","SKU0401","5","1200","6000","6000"
"9089","2026-09-21T05:00:00.000Z","SKU0402","6","1400","8400","8400"
"9138","2026-09-21T05:00:00.000Z","SKU0405","1","2400","2400","2400"
"9163","2026-09-21T05:00:00.000Z","SKU0406","2","4900","9800","9800"
"9187","2026-09-21T05:00:00.000Z","SKU0407","3","2900","8700","8700"
"9211","2026-09-21T05:00:00.000Z","SKU0408","4","3900","15600","15600"
"9236","2026-09-21T05:00:00.000Z","SKU0409","5","900","4500","4500"
"9260","2026-09-21T05:00:00.000Z","SKU0410","6","3200","19200","19200"
"9285","2026-09-21T05:00:00.000Z","SKU0411","7","1200","8400","8400"
"9334","2026-09-21T05:00:00.000Z","SKU0413","1","3400","3400","3400"
"9359","2026-09-21T05:00:00.000Z","SKU0414","2","1900","3800","3800"
"9383","2026-09-21T05:00:00.000Z","SKU0415","3","2400","7200","7200"
"9408","2026-09-21T05:00:00.000Z","SKU0417","5","2900","14500","14500"
"9432","2026-09-21T05:00:00.000Z","SKU0418","6","3900","23400","23400"
"9457","2026-09-21T05:00:00.000Z","SKU0419","7","900","6300","6300"
"9506","2026-09-21T05:00:00.000Z","SKU0421","1","1200","1200","1200"
"9531","2026-09-21T05:00:00.000Z","SKU0422","2","1400","2800","2800"
"9555","2026-09-21T05:00:00.000Z","SKU0423","3","3400","10200","10200"
"9579","2026-09-21T05:00:00.000Z","SKU0424","4","1900","7600","7600"
"9604","2026-09-21T05:00:00.000Z","SKU0425","5","2400","12000","12000"
"9628","2026-09-21T05:00:00.000Z","SKU0426","6","4900","29400","29400"
"9653","2026-09-21T05:00:00.000Z","SKU0427","7","2900","20300","20300"
"9703","2026-09-21T05:00:00.000Z","SKU0430","2","3200","6400","6400"
"9727","2026-09-21T05:00:00.000Z","SKU0431","3","1200","3600","3600"
"9751","2026-09-21T05:00:00.000Z","SKU0432","4","1400","5600","5600"
"9776","2026-09-21T05:00:00.000Z","SKU0433","5","3400","17000","17000"
"9800","2026-09-21T05:00:00.000Z","SKU0434","6","1900","11400","11400"
"9825","2026-09-21T05:00:00.000Z","SKU0435","7","2400","16800","16800"
"9874","2026-09-21T05:00:00.000Z","SKU0437","1","2900","2900","2900"
"9899","2026-09-21T05:00:00.000Z","SKU0438","2","3900","7800","7800"
"9923","2026-09-21T05:00:00.000Z","SKU0439","3","900","2700","2700"
"9947","2026-09-21T05:00:00.000Z","SKU0440","4","3200","12800","12800"
"9972","2026-09-21T05:00:00.000Z","SKU0441","5","1200","6000","6000"
"9997","2026-09-21T05:00:00.000Z","SKU0443","7","3400","23800","23800"
"10046","2026-09-21T05:00:00.000Z","SKU0445","1","2400","2400","2400"
"10071","2026-09-21T05:00:00.000Z","SKU0446","2","4900","9800","9800"
"10095","2026-09-21T05:00:00.000Z","SKU0447","3","2900","8700","8700"
"10119","2026-09-21T05:00:00.000Z","SKU0448","4","3900","15600","15600"
"10144","2026-09-21T05:00:00.000Z","SKU0449","5","900","4500","4500"
"10168","2026-09-21T05:00:00.000Z","SKU0450","6","3200","19200","19200"
"10193","2026-09-21T05:00:00.000Z","SKU0451","7","1200","8400","8400"
"10242","2026-09-21T05:00:00.000Z","SKU0453","1","3400","3400","3400"
"10267","2026-09-21T05:00:00.000Z","SKU0454","2","1900","3800","3800"
"10291","2026-09-21T05:00:00.000Z","SKU0456","4","4900","19600","19600"
"10316","2026-09-21T05:00:00.000Z","SKU0457","5","2900","14500","14500"
"10340","2026-09-21T05:00:00.000Z","SKU0458","6","3900","23400","23400"
"10365","2026-09-21T05:00:00.000Z","SKU0459","7","900","6300","6300"
"10414","2026-09-21T05:00:00.000Z","SKU0461","1","1200","1200","1200"
"10439","2026-09-21T05:00:00.000Z","SKU0462","2","1400","2800","2800"
"10463","2026-09-21T05:00:00.000Z","SKU0463","3","3400","10200","10200"
"10487","2026-09-21T05:00:00.000Z","SKU0464","4","1900","7600","7600"
"10512","2026-09-21T05:00:00.000Z","SKU0465","5","2400","12000","12000"
"10536","2026-09-21T05:00:00.000Z","SKU0466","6","4900","29400","29400"
"10561","2026-09-21T05:00:00.000Z","SKU0467","7","2900","20300","20300"
"10585","2026-09-21T05:00:00.000Z","SKU0469","1","900","900","900"
"10610","2026-09-21T05:00:00.000Z","SKU0470","2","3200","6400","6400"
"10634","2026-09-21T05:00:00.000Z","SKU0471","3","1200","3600","3600"
"10658","2026-09-21T05:00:00.000Z","SKU0472","4","1400","5600","5600"
"10683","2026-09-21T05:00:00.000Z","SKU0473","5","3400","17000","17000"
"10707","2026-09-21T05:00:00.000Z","SKU0474","6","1900","11400","11400"
"10732","2026-09-21T05:00:00.000Z","SKU0475","7","2400","16800","16800"
"10781","2026-09-21T05:00:00.000Z","SKU0477","1","2900","2900","2900"
"10806","2026-09-21T05:00:00.000Z","SKU0478","2","3900","7800","7800"
"10830","2026-09-21T05:00:00.000Z","SKU0479","3","900","2700","2700"
"10854","2026-09-21T05:00:00.000Z","SKU0480","4","3200","12800","12800"
"10878","2026-09-21T05:00:00.000Z","SKU0482","6","1400","8400","8400"
"10903","2026-09-21T05:00:00.000Z","SKU0483","7","3400","23800","23800"
"10952","2026-09-21T05:00:00.000Z","SKU0485","1","2400","2400","2400"
"10977","2026-09-21T05:00:00.000Z","SKU0486","2","4900","9800","9800"
"11001","2026-09-21T05:00:00.000Z","SKU0487","3","2900","8700","8700"
"11025","2026-09-21T05:00:00.000Z","SKU0488","4","3900","15600","15600"
"11050","2026-09-21T05:00:00.000Z","SKU0489","5","900","4500","4500"
"11074","2026-09-21T05:00:00.000Z","SKU0490","6","3200","19200","19200"
"11099","2026-09-21T05:00:00.000Z","SKU0491","7","1200","8400","8400"
"11148","2026-09-21T05:00:00.000Z","SKU0493","1","3400","3400","3400"
"11172","2026-09-21T05:00:00.000Z","SKU0495","3","2400","7200","7200"
"11196","2026-09-21T05:00:00.000Z","SKU0496","4","4900","19600","19600"
"11221","2026-09-21T05:00:00.000Z","SKU0497","5","2900","14500","14500"
"11245","2026-09-21T05:00:00.000Z","SKU0498","6","3900","23400","23400"
"11270","2026-09-21T05:00:00.000Z","SKU0499","7","900","6300","6300"
"14","2026-09-22T05:00:00.000Z","SKU0001","4","800","3200","3200"
"42","2026-09-22T05:00:00.000Z","SKU0002","8","1000","8000","8000"
"74","2026-09-22T05:00:00.000Z","SKU0004","3","1500","4500","4500"
"99","2026-09-22T05:00:00.000Z","SKU0005","4","2000","8000","8000"
"124","2026-09-22T05:00:00.000Z","SKU0006","5","4500","22500","22500"
"148","2026-09-22T05:00:00.000Z","SKU0007","6","2500","15000","15000"
"172","2026-09-22T05:00:00.000Z","SKU0008","7","3500","24500","24500"
"221","2026-09-22T05:00:00.000Z","SKU0010","1","2800","2800","2800"
"246","2026-09-22T05:00:00.000Z","SKU0011","2","800","1600","1600"
"270","2026-09-22T05:00:00.000Z","SKU0012","3","1000","3000","3000"
"296","2026-09-22T05:00:00.000Z","SKU0014","5","1500","7500","7500"
"320","2026-09-22T05:00:00.000Z","SKU0015","6","2000","12000","12000"
"344","2026-09-22T05:00:00.000Z","SKU0016","7","4500","31500","31500"
"393","2026-09-22T05:00:00.000Z","SKU0018","1","3500","3500","3500"
"418","2026-09-22T05:00:00.000Z","SKU0019","2","500","1000","1000"
"442","2026-09-22T05:00:00.000Z","SKU0020","3","2800","8400","8400"
"467","2026-09-22T05:00:00.000Z","SKU0021","4","800","3200","3200"
"492","2026-09-22T05:00:00.000Z","SKU0022","5","1000","5000","5000"
"516","2026-09-22T05:00:00.000Z","SKU0023","6","3000","18000","18000"
"540","2026-09-22T05:00:00.000Z","SKU0024","7","1500","10500","10500"
"590","2026-09-22T05:00:00.000Z","SKU0027","2","2500","5000","5000"
"614","2026-09-22T05:00:00.000Z","SKU0028","3","3500","10500","10500"
"639","2026-09-22T05:00:00.000Z","SKU0029","4","500","2000","2000"
"664","2026-09-22T05:00:00.000Z","SKU0030","5","2800","14000","14000"
"688","2026-09-22T05:00:00.000Z","SKU0031","6","800","4800","4800"
"712","2026-09-22T05:00:00.000Z","SKU0032","7","1000","7000","7000"
"761","2026-09-22T05:00:00.000Z","SKU0034","1","1500","1500","1500"
"786","2026-09-22T05:00:00.000Z","SKU0035","2","2000","4000","4000"
"810","2026-09-22T05:00:00.000Z","SKU0036","3","4500","13500","13500"
"835","2026-09-22T05:00:00.000Z","SKU0037","4","2500","10000","10000"
"860","2026-09-22T05:00:00.000Z","SKU0038","5","3500","17500","17500"
"884","2026-09-22T05:00:00.000Z","SKU0040","7","2800","19600","19600"
"933","2026-09-22T05:00:00.000Z","SKU0042","1","1000","1000","1000"
"958","2026-09-22T05:00:00.000Z","SKU0043","2","3000","6000","6000"
"982","2026-09-22T05:00:00.000Z","SKU0044","3","1500","4500","4500"
"1007","2026-09-22T05:00:00.000Z","SKU0045","4","2000","8000","8000"
"1032","2026-09-22T05:00:00.000Z","SKU0046","5","4500","22500","22500"
"1056","2026-09-22T05:00:00.000Z","SKU0047","6","2500","15000","15000"
"1080","2026-09-22T05:00:00.000Z","SKU0048","7","3500","24500","24500"
"1129","2026-09-22T05:00:00.000Z","SKU0050","1","2800","2800","2800"
"1154","2026-09-22T05:00:00.000Z","SKU0051","2","800","1600","1600"
"1178","2026-09-22T05:00:00.000Z","SKU0053","4","3000","12000","12000"
"1203","2026-09-22T05:00:00.000Z","SKU0054","5","1500","7500","7500"
"1227","2026-09-22T05:00:00.000Z","SKU0055","6","2000","12000","12000"
"1251","2026-09-22T05:00:00.000Z","SKU0056","7","4500","31500","31500"
"1300","2026-09-22T05:00:00.000Z","SKU0058","1","3500","3500","3500"
"1325","2026-09-22T05:00:00.000Z","SKU0059","2","500","1000","1000"
"1349","2026-09-22T05:00:00.000Z","SKU0060","3","2800","8400","8400"
"1374","2026-09-22T05:00:00.000Z","SKU0061","4","800","3200","3200"
"1399","2026-09-22T05:00:00.000Z","SKU0062","5","1000","5000","5000"
"1423","2026-09-22T05:00:00.000Z","SKU0063","6","3000","18000","18000"
"1447","2026-09-22T05:00:00.000Z","SKU0064","7","1500","10500","10500"
"1471","2026-09-22T05:00:00.000Z","SKU0066","1","4500","4500","4500"
"1496","2026-09-22T05:00:00.000Z","SKU0067","2","2500","5000","5000"
"1520","2026-09-22T05:00:00.000Z","SKU0068","3","3500","10500","10500"
"1545","2026-09-22T05:00:00.000Z","SKU0069","4","500","2000","2000"
"1570","2026-09-22T05:00:00.000Z","SKU0070","5","2800","14000","14000"
"1594","2026-09-22T05:00:00.000Z","SKU0071","6","800","4800","4800"
"1618","2026-09-22T05:00:00.000Z","SKU0072","7","1000","7000","7000"
"1667","2026-09-22T05:00:00.000Z","SKU0074","1","1500","1500","1500"
"1692","2026-09-22T05:00:00.000Z","SKU0075","2","2000","4000","4000"
"1716","2026-09-22T05:00:00.000Z","SKU0076","3","4500","13500","13500"
"1741","2026-09-22T05:00:00.000Z","SKU0077","4","2500","10000","10000"
"1765","2026-09-22T05:00:00.000Z","SKU0079","6","500","3000","3000"
"1789","2026-09-22T05:00:00.000Z","SKU0080","7","2800","19600","19600"
"1838","2026-09-22T05:00:00.000Z","SKU0082","1","1000","1000","1000"
"1863","2026-09-22T05:00:00.000Z","SKU0083","2","3000","6000","6000"
"1887","2026-09-22T05:00:00.000Z","SKU0084","3","1500","4500","4500"
"1912","2026-09-22T05:00:00.000Z","SKU0085","4","2000","8000","8000"
"1937","2026-09-22T05:00:00.000Z","SKU0086","5","4500","22500","22500"
"1961","2026-09-22T05:00:00.000Z","SKU0087","6","2500","15000","15000"
"1985","2026-09-22T05:00:00.000Z","SKU0088","7","3500","24500","24500"
"2034","2026-09-22T05:00:00.000Z","SKU0090","1","2800","2800","2800"
"2058","2026-09-22T05:00:00.000Z","SKU0092","3","1000","3000","3000"
"2083","2026-09-22T05:00:00.000Z","SKU0093","4","3000","12000","12000"
"2108","2026-09-22T05:00:00.000Z","SKU0094","5","1500","7500","7500"
"2132","2026-09-22T05:00:00.000Z","SKU0095","6","2000","12000","12000"
"2156","2026-09-22T05:00:00.000Z","SKU0096","7","4500","31500","31500"
"2205","2026-09-22T05:00:00.000Z","SKU0098","1","3500","3500","3500"
"2230","2026-09-22T05:00:00.000Z","SKU0099","2","500","1000","1000"
"2254","2026-09-22T05:00:00.000Z","SKU0100","3","2900","8700","8700"
"2279","2026-09-22T05:00:00.000Z","SKU0101","4","900","3600","3600"
"2304","2026-09-22T05:00:00.000Z","SKU0102","5","1100","5500","5500"
"2328","2026-09-22T05:00:00.000Z","SKU0103","6","3100","18600","18600"
"2377","2026-09-22T05:00:00.000Z","SKU0106","1","4600","4600","4600"
"2402","2026-09-22T05:00:00.000Z","SKU0107","2","2600","5200","5200"
"2426","2026-09-22T05:00:00.000Z","SKU0108","3","3600","10800","10800"
"2451","2026-09-22T05:00:00.000Z","SKU0109","4","600","2400","2400"
"2476","2026-09-22T05:00:00.000Z","SKU0110","5","2900","14500","14500"
"2500","2026-09-22T05:00:00.000Z","SKU0111","6","900","5400","5400"
"2524","2026-09-22T05:00:00.000Z","SKU0112","7","1100","7700","7700"
"2573","2026-09-22T05:00:00.000Z","SKU0114","1","1600","1600","1600"
"2598","2026-09-22T05:00:00.000Z","SKU0115","2","2100","4200","4200"
"2622","2026-09-22T05:00:00.000Z","SKU0116","3","4600","13800","13800"
"2648","2026-09-22T05:00:00.000Z","SKU0118","5","3600","18000","18000"
"2672","2026-09-22T05:00:00.000Z","SKU0119","6","600","3600","3600"
"2696","2026-09-22T05:00:00.000Z","SKU0120","7","2900","20300","20300"
"2745","2026-09-22T05:00:00.000Z","SKU0122","1","1100","1100","1100"
"2770","2026-09-22T05:00:00.000Z","SKU0123","2","3100","6200","6200"
"2794","2026-09-22T05:00:00.000Z","SKU0124","3","1600","4800","4800"
"2819","2026-09-22T05:00:00.000Z","SKU0125","4","2100","8400","8400"
"2844","2026-09-22T05:00:00.000Z","SKU0126","5","4600","23000","23000"
"2868","2026-09-22T05:00:00.000Z","SKU0127","6","2600","15600","15600"
"2892","2026-09-22T05:00:00.000Z","SKU0128","7","3600","25200","25200"
"2942","2026-09-22T05:00:00.000Z","SKU0131","2","900","1800","1800"
"2966","2026-09-22T05:00:00.000Z","SKU0132","3","1100","3300","3300"
"2991","2026-09-22T05:00:00.000Z","SKU0133","4","3100","12400","12400"
"3016","2026-09-22T05:00:00.000Z","SKU0134","5","1600","8000","8000"
"3040","2026-09-22T05:00:00.000Z","SKU0135","6","2100","12600","12600"
"3064","2026-09-22T05:00:00.000Z","SKU0136","7","4600","32200","32200"
"3113","2026-09-22T05:00:00.000Z","SKU0138","1","3600","3600","3600"
"3138","2026-09-22T05:00:00.000Z","SKU0139","2","600","1200","1200"
"3162","2026-09-22T05:00:00.000Z","SKU0140","3","2900","8700","8700"
"3187","2026-09-22T05:00:00.000Z","SKU0141","4","900","3600","3600"
"3212","2026-09-22T05:00:00.000Z","SKU0142","5","1100","5500","5500"
"3236","2026-09-22T05:00:00.000Z","SKU0144","7","1600","11200","11200"
"3285","2026-09-22T05:00:00.000Z","SKU0146","1","4600","4600","4600"
"3310","2026-09-22T05:00:00.000Z","SKU0147","2","2600","5200","5200"
"3334","2026-09-22T05:00:00.000Z","SKU0148","3","3600","10800","10800"
"3359","2026-09-22T05:00:00.000Z","SKU0149","4","600","2400","2400"
"3384","2026-09-22T05:00:00.000Z","SKU0150","5","2900","14500","14500"
"3408","2026-09-22T05:00:00.000Z","SKU0151","6","900","5400","5400"
"3432","2026-09-22T05:00:00.000Z","SKU0152","7","1100","7700","7700"
"3481","2026-09-22T05:00:00.000Z","SKU0154","1","1600","1600","1600"
"3506","2026-09-22T05:00:00.000Z","SKU0155","2","2100","4200","4200"
"3530","2026-09-22T05:00:00.000Z","SKU0157","4","2600","10400","10400"
"3555","2026-09-22T05:00:00.000Z","SKU0158","5","3600","18000","18000"
"3579","2026-09-22T05:00:00.000Z","SKU0159","6","600","3600","3600"
"3603","2026-09-22T05:00:00.000Z","SKU0160","7","2900","20300","20300"
"3652","2026-09-22T05:00:00.000Z","SKU0162","1","1100","1100","1100"
"3677","2026-09-22T05:00:00.000Z","SKU0163","2","3100","6200","6200"
"3701","2026-09-22T05:00:00.000Z","SKU0164","3","1600","4800","4800"
"3726","2026-09-22T05:00:00.000Z","SKU0165","4","2100","8400","8400"
"3751","2026-09-22T05:00:00.000Z","SKU0166","5","4600","23000","23000"
"3775","2026-09-22T05:00:00.000Z","SKU0167","6","2600","15600","15600"
"3799","2026-09-22T05:00:00.000Z","SKU0168","7","3600","25200","25200"
"3823","2026-09-22T05:00:00.000Z","SKU0170","1","2900","2900","2900"
"3848","2026-09-22T05:00:00.000Z","SKU0171","2","900","1800","1800"
"3872","2026-09-22T05:00:00.000Z","SKU0172","3","1100","3300","3300"
"3897","2026-09-22T05:00:00.000Z","SKU0173","4","3100","12400","12400"
"3922","2026-09-22T05:00:00.000Z","SKU0174","5","1600","8000","8000"
"3946","2026-09-22T05:00:00.000Z","SKU0175","6","2100","12600","12600"
"3970","2026-09-22T05:00:00.000Z","SKU0176","7","4600","32200","32200"
"4019","2026-09-22T05:00:00.000Z","SKU0178","1","3600","3600","3600"
"4044","2026-09-22T05:00:00.000Z","SKU0179","2","600","1200","1200"
"4068","2026-09-22T05:00:00.000Z","SKU0180","3","2900","8700","8700"
"4093","2026-09-22T05:00:00.000Z","SKU0181","4","900","3600","3600"
"4117","2026-09-22T05:00:00.000Z","SKU0183","6","3100","18600","18600"
"4141","2026-09-22T05:00:00.000Z","SKU0184","7","1600","11200","11200"
"4190","2026-09-22T05:00:00.000Z","SKU0186","1","4600","4600","4600"
"4215","2026-09-22T05:00:00.000Z","SKU0187","2","2600","5200","5200"
"4239","2026-09-22T05:00:00.000Z","SKU0188","3","3600","10800","10800"
"4264","2026-09-22T05:00:00.000Z","SKU0189","4","600","2400","2400"
"4289","2026-09-22T05:00:00.000Z","SKU0190","5","2900","14500","14500"
"4313","2026-09-22T05:00:00.000Z","SKU0191","6","900","5400","5400"
"4337","2026-09-22T05:00:00.000Z","SKU0192","7","1100","7700","7700"
"4386","2026-09-22T05:00:00.000Z","SKU0194","1","1600","1600","1600"
"4410","2026-09-22T05:00:00.000Z","SKU0196","3","4600","13800","13800"
"4435","2026-09-22T05:00:00.000Z","SKU0197","4","2600","10400","10400"
"4460","2026-09-22T05:00:00.000Z","SKU0198","5","3600","18000","18000"
"4484","2026-09-22T05:00:00.000Z","SKU0199","6","600","3600","3600"
"4508","2026-09-22T05:00:00.000Z","SKU0200","7","3000","21000","21000"
"4557","2026-09-22T05:00:00.000Z","SKU0202","1","1200","1200","1200"
"4582","2026-09-22T05:00:00.000Z","SKU0203","2","3200","6400","6400"
"4606","2026-09-22T05:00:00.000Z","SKU0204","3","1700","5100","5100"
"4631","2026-09-22T05:00:00.000Z","SKU0205","4","2200","8800","8800"
"4656","2026-09-22T05:00:00.000Z","SKU0206","5","4700","23500","23500"
"4680","2026-09-22T05:00:00.000Z","SKU0207","6","2700","16200","16200"
"4729","2026-09-22T05:00:00.000Z","SKU0210","1","3000","3000","3000"
"4754","2026-09-22T05:00:00.000Z","SKU0211","2","1000","2000","2000"
"4778","2026-09-22T05:00:00.000Z","SKU0212","3","1200","3600","3600"
"4803","2026-09-22T05:00:00.000Z","SKU0213","4","3200","12800","12800"
"4828","2026-09-22T05:00:00.000Z","SKU0214","5","1700","8500","8500"
"4852","2026-09-22T05:00:00.000Z","SKU0215","6","2200","13200","13200"
"4876","2026-09-22T05:00:00.000Z","SKU0216","7","4700","32900","32900"
"4925","2026-09-22T05:00:00.000Z","SKU0218","1","3700","3700","3700"
"4950","2026-09-22T05:00:00.000Z","SKU0219","2","700","1400","1400"
"4974","2026-09-22T05:00:00.000Z","SKU0220","3","3000","9000","9000"
"5000","2026-09-22T05:00:00.000Z","SKU0222","5","1200","6000","6000"
"5024","2026-09-22T05:00:00.000Z","SKU0223","6","3200","19200","19200"
"5048","2026-09-22T05:00:00.000Z","SKU0224","7","1700","11900","11900"
"5097","2026-09-22T05:00:00.000Z","SKU0226","1","4700","4700","4700"
"5122","2026-09-22T05:00:00.000Z","SKU0227","2","2700","5400","5400"
"5146","2026-09-22T05:00:00.000Z","SKU0228","3","3700","11100","11100"
"5171","2026-09-22T05:00:00.000Z","SKU0229","4","700","2800","2800"
"5196","2026-09-22T05:00:00.000Z","SKU0230","5","3000","15000","15000"
"5220","2026-09-22T05:00:00.000Z","SKU0231","6","1000","6000","6000"
"5244","2026-09-22T05:00:00.000Z","SKU0232","7","1200","8400","8400"
"5294","2026-09-22T05:00:00.000Z","SKU0235","2","2200","4400","4400"
"5318","2026-09-22T05:00:00.000Z","SKU0236","3","4700","14100","14100"
"5343","2026-09-22T05:00:00.000Z","SKU0237","4","2700","10800","10800"
"5368","2026-09-22T05:00:00.000Z","SKU0238","5","3700","18500","18500"
"5392","2026-09-22T05:00:00.000Z","SKU0239","6","700","4200","4200"
"5416","2026-09-22T05:00:00.000Z","SKU0240","7","3000","21000","21000"
"5465","2026-09-22T05:00:00.000Z","SKU0242","1","1200","1200","1200"
"5490","2026-09-22T05:00:00.000Z","SKU0243","2","3200","6400","6400"
"5514","2026-09-22T05:00:00.000Z","SKU0244","3","1700","5100","5100"
"5539","2026-09-22T05:00:00.000Z","SKU0245","4","2200","8800","8800"
"5564","2026-09-22T05:00:00.000Z","SKU0246","5","4700","23500","23500"
"5588","2026-09-22T05:00:00.000Z","SKU0248","7","3700","25900","25900"
"5637","2026-09-22T05:00:00.000Z","SKU0250","1","3000","3000","3000"
"5662","2026-09-22T05:00:00.000Z","SKU0251","2","1000","2000","2000"
"5686","2026-09-22T05:00:00.000Z","SKU0252","3","1200","3600","3600"
"5711","2026-09-22T05:00:00.000Z","SKU0253","4","3200","12800","12800"
"5736","2026-09-22T05:00:00.000Z","SKU0254","5","1700","8500","8500"
"5760","2026-09-22T05:00:00.000Z","SKU0255","6","2200","13200","13200"
"5784","2026-09-22T05:00:00.000Z","SKU0256","7","4700","32900","32900"
"5833","2026-09-22T05:00:00.000Z","SKU0258","1","3700","3700","3700"
"5858","2026-09-22T05:00:00.000Z","SKU0259","2","700","1400","1400"
"5882","2026-09-22T05:00:00.000Z","SKU0261","4","1000","4000","4000"
"5907","2026-09-22T05:00:00.000Z","SKU0262","5","1200","6000","6000"
"5931","2026-09-22T05:00:00.000Z","SKU0263","6","3200","19200","19200"
"5955","2026-09-22T05:00:00.000Z","SKU0264","7","1700","11900","11900"
"6004","2026-09-22T05:00:00.000Z","SKU0266","1","4700","4700","4700"
"6029","2026-09-22T05:00:00.000Z","SKU0267","2","2700","5400","5400"
"6053","2026-09-22T05:00:00.000Z","SKU0268","3","3700","11100","11100"
"6078","2026-09-22T05:00:00.000Z","SKU0269","4","700","2800","2800"
"6103","2026-09-22T05:00:00.000Z","SKU0270","5","3000","15000","15000"
"6127","2026-09-22T05:00:00.000Z","SKU0271","6","1000","6000","6000"
"6151","2026-09-22T05:00:00.000Z","SKU0272","7","1200","8400","8400"
"6175","2026-09-22T05:00:00.000Z","SKU0274","1","1700","1700","1700"
"6200","2026-09-22T05:00:00.000Z","SKU0275","2","2200","4400","4400"
"6224","2026-09-22T05:00:00.000Z","SKU0276","3","4700","14100","14100"
"6249","2026-09-22T05:00:00.000Z","SKU0277","4","2700","10800","10800"
"6274","2026-09-22T05:00:00.000Z","SKU0278","5","3700","18500","18500"
"6298","2026-09-22T05:00:00.000Z","SKU0279","6","700","4200","4200"
"6322","2026-09-22T05:00:00.000Z","SKU0280","7","3000","21000","21000"
"6371","2026-09-22T05:00:00.000Z","SKU0282","1","1200","1200","1200"
"6396","2026-09-22T05:00:00.000Z","SKU0283","2","3200","6400","6400"
"6420","2026-09-22T05:00:00.000Z","SKU0284","3","1700","5100","5100"
"6445","2026-09-22T05:00:00.000Z","SKU0285","4","2200","8800","8800"
"6469","2026-09-22T05:00:00.000Z","SKU0287","6","2700","16200","16200"
"6493","2026-09-22T05:00:00.000Z","SKU0288","7","3700","25900","25900"
"6542","2026-09-22T05:00:00.000Z","SKU0290","1","3000","3000","3000"
"6567","2026-09-22T05:00:00.000Z","SKU0291","2","1000","2000","2000"
"6591","2026-09-22T05:00:00.000Z","SKU0292","3","1200","3600","3600"
"6616","2026-09-22T05:00:00.000Z","SKU0293","4","3200","12800","12800"
"6641","2026-09-22T05:00:00.000Z","SKU0294","5","1700","8500","8500"
"6665","2026-09-22T05:00:00.000Z","SKU0295","6","2200","13200","13200"
"6689","2026-09-22T05:00:00.000Z","SKU0296","7","4700","32900","32900"
"6738","2026-09-22T05:00:00.000Z","SKU0298","1","3700","3700","3700"
"6762","2026-09-22T05:00:00.000Z","SKU0300","3","3100","9300","9300"
"6787","2026-09-22T05:00:00.000Z","SKU0301","4","1100","4400","4400"
"6812","2026-09-22T05:00:00.000Z","SKU0302","5","1300","6500","6500"
"6836","2026-09-22T05:00:00.000Z","SKU0303","6","3300","19800","19800"
"6860","2026-09-22T05:00:00.000Z","SKU0304","7","1800","12600","12600"
"6909","2026-09-22T05:00:00.000Z","SKU0306","1","4800","4800","4800"
"6934","2026-09-22T05:00:00.000Z","SKU0307","2","2800","5600","5600"
"6958","2026-09-22T05:00:00.000Z","SKU0308","3","3800","11400","11400"
"6983","2026-09-22T05:00:00.000Z","SKU0309","4","800","3200","3200"
"7008","2026-09-22T05:00:00.000Z","SKU0310","5","3100","15500","15500"
"7032","2026-09-22T05:00:00.000Z","SKU0311","6","1100","6600","6600"
"7081","2026-09-22T05:00:00.000Z","SKU0314","1","1800","1800","1800"
"7106","2026-09-22T05:00:00.000Z","SKU0315","2","2300","4600","4600"
"7130","2026-09-22T05:00:00.000Z","SKU0316","3","4800","14400","14400"
"7155","2026-09-22T05:00:00.000Z","SKU0317","4","2800","11200","11200"
"7180","2026-09-22T05:00:00.000Z","SKU0318","5","3800","19000","19000"
"7204","2026-09-22T05:00:00.000Z","SKU0319","6","800","4800","4800"
"7228","2026-09-22T05:00:00.000Z","SKU0320","7","3100","21700","21700"
"7277","2026-09-22T05:00:00.000Z","SKU0322","1","1300","1300","1300"
"7302","2026-09-22T05:00:00.000Z","SKU0323","2","3300","6600","6600"
"7326","2026-09-22T05:00:00.000Z","SKU0324","3","1800","5400","5400"
"7352","2026-09-22T05:00:00.000Z","SKU0326","5","4800","24000","24000"
"7376","2026-09-22T05:00:00.000Z","SKU0327","6","2800","16800","16800"
"7400","2026-09-22T05:00:00.000Z","SKU0328","7","3800","26600","26600"
"7449","2026-09-22T05:00:00.000Z","SKU0330","1","3100","3100","3100"
"7474","2026-09-22T05:00:00.000Z","SKU0331","2","1100","2200","2200"
"7498","2026-09-22T05:00:00.000Z","SKU0332","3","1300","3900","3900"
"7523","2026-09-22T05:00:00.000Z","SKU0333","4","3300","13200","13200"
"7548","2026-09-22T05:00:00.000Z","SKU0334","5","1800","9000","9000"
"7572","2026-09-22T05:00:00.000Z","SKU0335","6","2300","13800","13800"
"7596","2026-09-22T05:00:00.000Z","SKU0336","7","4800","33600","33600"
"7646","2026-09-22T05:00:00.000Z","SKU0339","2","800","1600","1600"
"7670","2026-09-22T05:00:00.000Z","SKU0340","3","3100","9300","9300"
"7695","2026-09-22T05:00:00.000Z","SKU0341","4","1100","4400","4400"
"7720","2026-09-22T05:00:00.000Z","SKU0342","5","1300","6500","6500"
"7744","2026-09-22T05:00:00.000Z","SKU0343","6","3300","19800","19800"
"7768","2026-09-22T05:00:00.000Z","SKU0344","7","1800","12600","12600"
"7817","2026-09-22T05:00:00.000Z","SKU0346","1","4800","4800","4800"
"7842","2026-09-22T05:00:00.000Z","SKU0347","2","2800","5600","5600"
"7866","2026-09-22T05:00:00.000Z","SKU0348","3","3800","11400","11400"
"7891","2026-09-22T05:00:00.000Z","SKU0349","4","800","3200","3200"
"7916","2026-09-22T05:00:00.000Z","SKU0350","5","3100","15500","15500"
"7940","2026-09-22T05:00:00.000Z","SKU0352","7","1300","9100","9100"
"7989","2026-09-22T05:00:00.000Z","SKU0354","1","1800","1800","1800"
"8014","2026-09-22T05:00:00.000Z","SKU0355","2","2300","4600","4600"
"8038","2026-09-22T05:00:00.000Z","SKU0356","3","4800","14400","14400"
"8063","2026-09-22T05:00:00.000Z","SKU0357","4","2800","11200","11200"
"8088","2026-09-22T05:00:00.000Z","SKU0358","5","3800","19000","19000"
"8112","2026-09-22T05:00:00.000Z","SKU0359","6","800","4800","4800"
"8136","2026-09-22T05:00:00.000Z","SKU0360","7","3100","21700","21700"
"8185","2026-09-22T05:00:00.000Z","SKU0362","1","1300","1300","1300"
"8210","2026-09-22T05:00:00.000Z","SKU0363","2","3300","6600","6600"
"8234","2026-09-22T05:00:00.000Z","SKU0365","4","2300","9200","9200"
"8259","2026-09-22T05:00:00.000Z","SKU0366","5","4800","24000","24000"
"8283","2026-09-22T05:00:00.000Z","SKU0367","6","2800","16800","16800"
"8307","2026-09-22T05:00:00.000Z","SKU0368","7","3800","26600","26600"
"8356","2026-09-22T05:00:00.000Z","SKU0370","1","3100","3100","3100"
"8381","2026-09-22T05:00:00.000Z","SKU0371","2","1100","2200","2200"
"8405","2026-09-22T05:00:00.000Z","SKU0372","3","1300","3900","3900"
"8430","2026-09-22T05:00:00.000Z","SKU0373","4","3300","13200","13200"
"8455","2026-09-22T05:00:00.000Z","SKU0374","5","1800","9000","9000"
"8479","2026-09-22T05:00:00.000Z","SKU0375","6","2300","13800","13800"
"8503","2026-09-22T05:00:00.000Z","SKU0376","7","4800","33600","33600"
"8527","2026-09-22T05:00:00.000Z","SKU0378","1","3800","3800","3800"
"8552","2026-09-22T05:00:00.000Z","SKU0379","2","800","1600","1600"
"8576","2026-09-22T05:00:00.000Z","SKU0380","3","3100","9300","9300"
"8601","2026-09-22T05:00:00.000Z","SKU0381","4","1100","4400","4400"
"8626","2026-09-22T05:00:00.000Z","SKU0382","5","1300","6500","6500"
"8650","2026-09-22T05:00:00.000Z","SKU0383","6","3300","19800","19800"
"8674","2026-09-22T05:00:00.000Z","SKU0384","7","1800","12600","12600"
"8723","2026-09-22T05:00:00.000Z","SKU0386","1","4800","4800","4800"
"8748","2026-09-22T05:00:00.000Z","SKU0387","2","2800","5600","5600"
"8772","2026-09-22T05:00:00.000Z","SKU0388","3","3800","11400","11400"
"8797","2026-09-22T05:00:00.000Z","SKU0389","4","800","3200","3200"
"8821","2026-09-22T05:00:00.000Z","SKU0391","6","1100","6600","6600"
"8845","2026-09-22T05:00:00.000Z","SKU0392","7","1300","9100","9100"
"8894","2026-09-22T05:00:00.000Z","SKU0394","1","1800","1800","1800"
"8919","2026-09-22T05:00:00.000Z","SKU0395","2","2300","4600","4600"
"8943","2026-09-22T05:00:00.000Z","SKU0396","3","4800","14400","14400"
"8968","2026-09-22T05:00:00.000Z","SKU0397","4","2800","11200","11200"
"8993","2026-09-22T05:00:00.000Z","SKU0398","5","3800","19000","19000"
"9017","2026-09-22T05:00:00.000Z","SKU0399","6","800","4800","4800"
"9041","2026-09-22T05:00:00.000Z","SKU0400","7","3200","22400","22400"
"9090","2026-09-22T05:00:00.000Z","SKU0402","1","1400","1400","1400"
"9114","2026-09-22T05:00:00.000Z","SKU0404","3","1900","5700","5700"
"9139","2026-09-22T05:00:00.000Z","SKU0405","4","2400","9600","9600"
"9164","2026-09-22T05:00:00.000Z","SKU0406","5","4900","24500","24500"
"9188","2026-09-22T05:00:00.000Z","SKU0407","6","2900","17400","17400"
"9212","2026-09-22T05:00:00.000Z","SKU0408","7","3900","27300","27300"
"9261","2026-09-22T05:00:00.000Z","SKU0410","1","3200","3200","3200"
"9286","2026-09-22T05:00:00.000Z","SKU0411","2","1200","2400","2400"
"9310","2026-09-22T05:00:00.000Z","SKU0412","3","1400","4200","4200"
"9335","2026-09-22T05:00:00.000Z","SKU0413","4","3400","13600","13600"
"9360","2026-09-22T05:00:00.000Z","SKU0414","5","1900","9500","9500"
"9384","2026-09-22T05:00:00.000Z","SKU0415","6","2400","14400","14400"
"9433","2026-09-22T05:00:00.000Z","SKU0418","1","3900","3900","3900"
"9458","2026-09-22T05:00:00.000Z","SKU0419","2","900","1800","1800"
"9482","2026-09-22T05:00:00.000Z","SKU0420","3","3200","9600","9600"
"9507","2026-09-22T05:00:00.000Z","SKU0421","4","1200","4800","4800"
"9532","2026-09-22T05:00:00.000Z","SKU0422","5","1400","7000","7000"
"9556","2026-09-22T05:00:00.000Z","SKU0423","6","3400","20400","20400"
"9580","2026-09-22T05:00:00.000Z","SKU0424","7","1900","13300","13300"
"9629","2026-09-22T05:00:00.000Z","SKU0426","1","4900","4900","4900"
"9654","2026-09-22T05:00:00.000Z","SKU0427","2","2900","5800","5800"
"9678","2026-09-22T05:00:00.000Z","SKU0428","3","3900","11700","11700"
"9704","2026-09-22T05:00:00.000Z","SKU0430","5","3200","16000","16000"
"9728","2026-09-22T05:00:00.000Z","SKU0431","6","1200","7200","7200"
"9752","2026-09-22T05:00:00.000Z","SKU0432","7","1400","9800","9800"
"9801","2026-09-22T05:00:00.000Z","SKU0434","1","1900","1900","1900"
"9826","2026-09-22T05:00:00.000Z","SKU0435","2","2400","4800","4800"
"9850","2026-09-22T05:00:00.000Z","SKU0436","3","4900","14700","14700"
"9875","2026-09-22T05:00:00.000Z","SKU0437","4","2900","11600","11600"
"9900","2026-09-22T05:00:00.000Z","SKU0438","5","3900","19500","19500"
"9924","2026-09-22T05:00:00.000Z","SKU0439","6","900","5400","5400"
"9948","2026-09-22T05:00:00.000Z","SKU0440","7","3200","22400","22400"
"9998","2026-09-22T05:00:00.000Z","SKU0443","2","3400","6800","6800"
"10022","2026-09-22T05:00:00.000Z","SKU0444","3","1900","5700","5700"
"10047","2026-09-22T05:00:00.000Z","SKU0445","4","2400","9600","9600"
"10072","2026-09-22T05:00:00.000Z","SKU0446","5","4900","24500","24500"
"10096","2026-09-22T05:00:00.000Z","SKU0447","6","2900","17400","17400"
"10120","2026-09-22T05:00:00.000Z","SKU0448","7","3900","27300","27300"
"10169","2026-09-22T05:00:00.000Z","SKU0450","1","3200","3200","3200"
"10194","2026-09-22T05:00:00.000Z","SKU0451","2","1200","2400","2400"
"10218","2026-09-22T05:00:00.000Z","SKU0452","3","1400","4200","4200"
"10243","2026-09-22T05:00:00.000Z","SKU0453","4","3400","13600","13600"
"10268","2026-09-22T05:00:00.000Z","SKU0454","5","1900","9500","9500"
"10292","2026-09-22T05:00:00.000Z","SKU0456","7","4900","34300","34300"
"10341","2026-09-22T05:00:00.000Z","SKU0458","1","3900","3900","3900"
"10366","2026-09-22T05:00:00.000Z","SKU0459","2","900","1800","1800"
"10390","2026-09-22T05:00:00.000Z","SKU0460","3","3200","9600","9600"
"10415","2026-09-22T05:00:00.000Z","SKU0461","4","1200","4800","4800"
"10440","2026-09-22T05:00:00.000Z","SKU0462","5","1400","7000","7000"
"10464","2026-09-22T05:00:00.000Z","SKU0463","6","3400","20400","20400"
"10488","2026-09-22T05:00:00.000Z","SKU0464","7","1900","13300","13300"
"10537","2026-09-22T05:00:00.000Z","SKU0466","1","4900","4900","4900"
"10562","2026-09-22T05:00:00.000Z","SKU0467","2","2900","5800","5800"
"10586","2026-09-22T05:00:00.000Z","SKU0469","4","900","3600","3600"
"10611","2026-09-22T05:00:00.000Z","SKU0470","5","3200","16000","16000"
"10635","2026-09-22T05:00:00.000Z","SKU0471","6","1200","7200","7200"
"10659","2026-09-22T05:00:00.000Z","SKU0472","7","1400","9800","9800"
"10708","2026-09-22T05:00:00.000Z","SKU0474","1","1900","1900","1900"
"10733","2026-09-22T05:00:00.000Z","SKU0475","2","2400","4800","4800"
"10757","2026-09-22T05:00:00.000Z","SKU0476","3","4900","14700","14700"
"10782","2026-09-22T05:00:00.000Z","SKU0477","4","2900","11600","11600"
"10807","2026-09-22T05:00:00.000Z","SKU0478","5","3900","19500","19500"
"10831","2026-09-22T05:00:00.000Z","SKU0479","6","900","5400","5400"
"10855","2026-09-22T05:00:00.000Z","SKU0480","7","3200","22400","22400"
"10879","2026-09-22T05:00:00.000Z","SKU0482","1","1400","1400","1400"
"10904","2026-09-22T05:00:00.000Z","SKU0483","2","3400","6800","6800"
"10928","2026-09-22T05:00:00.000Z","SKU0484","3","1900","5700","5700"
"10953","2026-09-22T05:00:00.000Z","SKU0485","4","2400","9600","9600"
"10978","2026-09-22T05:00:00.000Z","SKU0486","5","4900","24500","24500"
"11002","2026-09-22T05:00:00.000Z","SKU0487","6","2900","17400","17400"
"11026","2026-09-22T05:00:00.000Z","SKU0488","7","3900","27300","27300"
"11075","2026-09-22T05:00:00.000Z","SKU0490","1","3200","3200","3200"
"11100","2026-09-22T05:00:00.000Z","SKU0491","2","1200","2400","2400"
"11124","2026-09-22T05:00:00.000Z","SKU0492","3","1400","4200","4200"
"11149","2026-09-22T05:00:00.000Z","SKU0493","4","3400","13600","13600"
"11173","2026-09-22T05:00:00.000Z","SKU0495","6","2400","14400","14400"
"11197","2026-09-22T05:00:00.000Z","SKU0496","7","4900","34300","34300"
"11246","2026-09-22T05:00:00.000Z","SKU0498","1","3900","3900","3900"
"11271","2026-09-22T05:00:00.000Z","SKU0499","2","900","1800","1800"
"15","2026-09-23T05:00:00.000Z","SKU0001","4","800","3200","3200"
"43","2026-09-23T05:00:00.000Z","SKU0002","8","1000","8000","8000"
"75","2026-09-23T05:00:00.000Z","SKU0004","6","1500","9000","9000"
"100","2026-09-23T05:00:00.000Z","SKU0005","7","2000","14000","14000"
"149","2026-09-23T05:00:00.000Z","SKU0007","1","2500","2500","2500"
"173","2026-09-23T05:00:00.000Z","SKU0008","2","3500","7000","7000"
"197","2026-09-23T05:00:00.000Z","SKU0009","3","500","1500","1500"
"222","2026-09-23T05:00:00.000Z","SKU0010","4","2800","11200","11200"
"247","2026-09-23T05:00:00.000Z","SKU0011","5","800","4000","4000"
"271","2026-09-23T05:00:00.000Z","SKU0012","6","1000","6000","6000"
"321","2026-09-23T05:00:00.000Z","SKU0015","1","2000","2000","2000"
"345","2026-09-23T05:00:00.000Z","SKU0016","2","4500","9000","9000"
"369","2026-09-23T05:00:00.000Z","SKU0017","3","2500","7500","7500"
"394","2026-09-23T05:00:00.000Z","SKU0018","4","3500","14000","14000"
"419","2026-09-23T05:00:00.000Z","SKU0019","5","500","2500","2500"
"443","2026-09-23T05:00:00.000Z","SKU0020","6","2800","16800","16800"
"468","2026-09-23T05:00:00.000Z","SKU0021","7","800","5600","5600"
"517","2026-09-23T05:00:00.000Z","SKU0023","1","3000","3000","3000"
"541","2026-09-23T05:00:00.000Z","SKU0024","2","1500","3000","3000"
"565","2026-09-23T05:00:00.000Z","SKU0025","3","2000","6000","6000"
"591","2026-09-23T05:00:00.000Z","SKU0027","5","2500","12500","12500"
"615","2026-09-23T05:00:00.000Z","SKU0028","6","3500","21000","21000"
"640","2026-09-23T05:00:00.000Z","SKU0029","7","500","3500","3500"
"689","2026-09-23T05:00:00.000Z","SKU0031","1","800","800","800"
"713","2026-09-23T05:00:00.000Z","SKU0032","2","1000","2000","2000"
"737","2026-09-23T05:00:00.000Z","SKU0033","3","3000","9000","9000"
"762","2026-09-23T05:00:00.000Z","SKU0034","4","1500","6000","6000"
"787","2026-09-23T05:00:00.000Z","SKU0035","5","2000","10000","10000"
"811","2026-09-23T05:00:00.000Z","SKU0036","6","4500","27000","27000"
"836","2026-09-23T05:00:00.000Z","SKU0037","7","2500","17500","17500"
"885","2026-09-23T05:00:00.000Z","SKU0040","2","2800","5600","5600"
"909","2026-09-23T05:00:00.000Z","SKU0041","3","800","2400","2400"
"934","2026-09-23T05:00:00.000Z","SKU0042","4","1000","4000","4000"
"959","2026-09-23T05:00:00.000Z","SKU0043","5","3000","15000","15000"
"983","2026-09-23T05:00:00.000Z","SKU0044","6","1500","9000","9000"
"1008","2026-09-23T05:00:00.000Z","SKU0045","7","2000","14000","14000"
"1057","2026-09-23T05:00:00.000Z","SKU0047","1","2500","2500","2500"
"1081","2026-09-23T05:00:00.000Z","SKU0048","2","3500","7000","7000"
"1105","2026-09-23T05:00:00.000Z","SKU0049","3","500","1500","1500"
"1130","2026-09-23T05:00:00.000Z","SKU0050","4","2800","11200","11200"
"1155","2026-09-23T05:00:00.000Z","SKU0051","5","800","4000","4000"
"1179","2026-09-23T05:00:00.000Z","SKU0053","7","3000","21000","21000"
"1228","2026-09-23T05:00:00.000Z","SKU0055","1","2000","2000","2000"
"1252","2026-09-23T05:00:00.000Z","SKU0056","2","4500","9000","9000"
"1276","2026-09-23T05:00:00.000Z","SKU0057","3","2500","7500","7500"
"1301","2026-09-23T05:00:00.000Z","SKU0058","4","3500","14000","14000"
"1326","2026-09-23T05:00:00.000Z","SKU0059","5","500","2500","2500"
"1350","2026-09-23T05:00:00.000Z","SKU0060","6","2800","16800","16800"
"1375","2026-09-23T05:00:00.000Z","SKU0061","7","800","5600","5600"
"1424","2026-09-23T05:00:00.000Z","SKU0063","1","3000","3000","3000"
"1448","2026-09-23T05:00:00.000Z","SKU0064","2","1500","3000","3000"
"1472","2026-09-23T05:00:00.000Z","SKU0066","4","4500","18000","18000"
"1497","2026-09-23T05:00:00.000Z","SKU0067","5","2500","12500","12500"
"1521","2026-09-23T05:00:00.000Z","SKU0068","6","3500","21000","21000"
"1546","2026-09-23T05:00:00.000Z","SKU0069","7","500","3500","3500"
"1595","2026-09-23T05:00:00.000Z","SKU0071","1","800","800","800"
"1619","2026-09-23T05:00:00.000Z","SKU0072","2","1000","2000","2000"
"1643","2026-09-23T05:00:00.000Z","SKU0073","3","3000","9000","9000"
"1668","2026-09-23T05:00:00.000Z","SKU0074","4","1500","6000","6000"
"1693","2026-09-23T05:00:00.000Z","SKU0075","5","2000","10000","10000"
"1717","2026-09-23T05:00:00.000Z","SKU0076","6","4500","27000","27000"
"1742","2026-09-23T05:00:00.000Z","SKU0077","7","2500","17500","17500"
"1766","2026-09-23T05:00:00.000Z","SKU0079","1","500","500","500"
"1790","2026-09-23T05:00:00.000Z","SKU0080","2","2800","5600","5600"
"1814","2026-09-23T05:00:00.000Z","SKU0081","3","800","2400","2400"
"1839","2026-09-23T05:00:00.000Z","SKU0082","4","1000","4000","4000"
"1864","2026-09-23T05:00:00.000Z","SKU0083","5","3000","15000","15000"
"1888","2026-09-23T05:00:00.000Z","SKU0084","6","1500","9000","9000"
"1913","2026-09-23T05:00:00.000Z","SKU0085","7","2000","14000","14000"
"1962","2026-09-23T05:00:00.000Z","SKU0087","1","2500","2500","2500"
"1986","2026-09-23T05:00:00.000Z","SKU0088","2","3500","7000","7000"
"2010","2026-09-23T05:00:00.000Z","SKU0089","3","500","1500","1500"
"2035","2026-09-23T05:00:00.000Z","SKU0090","4","2800","11200","11200"
"2059","2026-09-23T05:00:00.000Z","SKU0092","6","1000","6000","6000"
"2084","2026-09-23T05:00:00.000Z","SKU0093","7","3000","21000","21000"
"2133","2026-09-23T05:00:00.000Z","SKU0095","1","2000","2000","2000"
"2157","2026-09-23T05:00:00.000Z","SKU0096","2","4500","9000","9000"
"2181","2026-09-23T05:00:00.000Z","SKU0097","3","2500","7500","7500"
"2206","2026-09-23T05:00:00.000Z","SKU0098","4","3500","14000","14000"
"2231","2026-09-23T05:00:00.000Z","SKU0099","5","500","2500","2500"
"2255","2026-09-23T05:00:00.000Z","SKU0100","6","2900","17400","17400"
"2280","2026-09-23T05:00:00.000Z","SKU0101","7","900","6300","6300"
"2329","2026-09-23T05:00:00.000Z","SKU0103","1","3100","3100","3100"
"2353","2026-09-23T05:00:00.000Z","SKU0105","3","2100","6300","6300"
"2378","2026-09-23T05:00:00.000Z","SKU0106","4","4600","18400","18400"
"2403","2026-09-23T05:00:00.000Z","SKU0107","5","2600","13000","13000"
"2427","2026-09-23T05:00:00.000Z","SKU0108","6","3600","21600","21600"
"2452","2026-09-23T05:00:00.000Z","SKU0109","7","600","4200","4200"
"2501","2026-09-23T05:00:00.000Z","SKU0111","1","900","900","900"
"2525","2026-09-23T05:00:00.000Z","SKU0112","2","1100","2200","2200"
"2549","2026-09-23T05:00:00.000Z","SKU0113","3","3100","9300","9300"
"2574","2026-09-23T05:00:00.000Z","SKU0114","4","1600","6400","6400"
"2599","2026-09-23T05:00:00.000Z","SKU0115","5","2100","10500","10500"
"2623","2026-09-23T05:00:00.000Z","SKU0116","6","4600","27600","27600"
"2673","2026-09-23T05:00:00.000Z","SKU0119","1","600","600","600"
"2697","2026-09-23T05:00:00.000Z","SKU0120","2","2900","5800","5800"
"2721","2026-09-23T05:00:00.000Z","SKU0121","3","900","2700","2700"
"2746","2026-09-23T05:00:00.000Z","SKU0122","4","1100","4400","4400"
"2771","2026-09-23T05:00:00.000Z","SKU0123","5","3100","15500","15500"
"2795","2026-09-23T05:00:00.000Z","SKU0124","6","1600","9600","9600"
"2820","2026-09-23T05:00:00.000Z","SKU0125","7","2100","14700","14700"
"2869","2026-09-23T05:00:00.000Z","SKU0127","1","2600","2600","2600"
"2893","2026-09-23T05:00:00.000Z","SKU0128","2","3600","7200","7200"
"2917","2026-09-23T05:00:00.000Z","SKU0129","3","600","1800","1800"
"2943","2026-09-23T05:00:00.000Z","SKU0131","5","900","4500","4500"
"2967","2026-09-23T05:00:00.000Z","SKU0132","6","1100","6600","6600"
"2992","2026-09-23T05:00:00.000Z","SKU0133","7","3100","21700","21700"
"3041","2026-09-23T05:00:00.000Z","SKU0135","1","2100","2100","2100"
"3065","2026-09-23T05:00:00.000Z","SKU0136","2","4600","9200","9200"
"3089","2026-09-23T05:00:00.000Z","SKU0137","3","2600","7800","7800"
"3114","2026-09-23T05:00:00.000Z","SKU0138","4","3600","14400","14400"
"3139","2026-09-23T05:00:00.000Z","SKU0139","5","600","3000","3000"
"3163","2026-09-23T05:00:00.000Z","SKU0140","6","2900","17400","17400"
"3188","2026-09-23T05:00:00.000Z","SKU0141","7","900","6300","6300"
"3237","2026-09-23T05:00:00.000Z","SKU0144","2","1600","3200","3200"
"3261","2026-09-23T05:00:00.000Z","SKU0145","3","2100","6300","6300"
"3286","2026-09-23T05:00:00.000Z","SKU0146","4","4600","18400","18400"
"3311","2026-09-23T05:00:00.000Z","SKU0147","5","2600","13000","13000"
"3335","2026-09-23T05:00:00.000Z","SKU0148","6","3600","21600","21600"
"3360","2026-09-23T05:00:00.000Z","SKU0149","7","600","4200","4200"
"3409","2026-09-23T05:00:00.000Z","SKU0151","1","900","900","900"
"3433","2026-09-23T05:00:00.000Z","SKU0152","2","1100","2200","2200"
"3457","2026-09-23T05:00:00.000Z","SKU0153","3","3100","9300","9300"
"3482","2026-09-23T05:00:00.000Z","SKU0154","4","1600","6400","6400"
"3507","2026-09-23T05:00:00.000Z","SKU0155","5","2100","10500","10500"
"3531","2026-09-23T05:00:00.000Z","SKU0157","7","2600","18200","18200"
"3580","2026-09-23T05:00:00.000Z","SKU0159","1","600","600","600"
"3604","2026-09-23T05:00:00.000Z","SKU0160","2","2900","5800","5800"
"3628","2026-09-23T05:00:00.000Z","SKU0161","3","900","2700","2700"
"3653","2026-09-23T05:00:00.000Z","SKU0162","4","1100","4400","4400"
"3678","2026-09-23T05:00:00.000Z","SKU0163","5","3100","15500","15500"
"3702","2026-09-23T05:00:00.000Z","SKU0164","6","1600","9600","9600"
"3727","2026-09-23T05:00:00.000Z","SKU0165","7","2100","14700","14700"
"3776","2026-09-23T05:00:00.000Z","SKU0167","1","2600","2600","2600"
"3800","2026-09-23T05:00:00.000Z","SKU0168","2","3600","7200","7200"
"3824","2026-09-23T05:00:00.000Z","SKU0170","4","2900","11600","11600"
"3849","2026-09-23T05:00:00.000Z","SKU0171","5","900","4500","4500"
"3873","2026-09-23T05:00:00.000Z","SKU0172","6","1100","6600","6600"
"3898","2026-09-23T05:00:00.000Z","SKU0173","7","3100","21700","21700"
"3947","2026-09-23T05:00:00.000Z","SKU0175","1","2100","2100","2100"
"3971","2026-09-23T05:00:00.000Z","SKU0176","2","4600","9200","9200"
"3995","2026-09-23T05:00:00.000Z","SKU0177","3","2600","7800","7800"
"4020","2026-09-23T05:00:00.000Z","SKU0178","4","3600","14400","14400"
"4045","2026-09-23T05:00:00.000Z","SKU0179","5","600","3000","3000"
"4069","2026-09-23T05:00:00.000Z","SKU0180","6","2900","17400","17400"
"4094","2026-09-23T05:00:00.000Z","SKU0181","7","900","6300","6300"
"4118","2026-09-23T05:00:00.000Z","SKU0183","1","3100","3100","3100"
"4142","2026-09-23T05:00:00.000Z","SKU0184","2","1600","3200","3200"
"4166","2026-09-23T05:00:00.000Z","SKU0185","3","2100","6300","6300"
"4191","2026-09-23T05:00:00.000Z","SKU0186","4","4600","18400","18400"
"4216","2026-09-23T05:00:00.000Z","SKU0187","5","2600","13000","13000"
"4240","2026-09-23T05:00:00.000Z","SKU0188","6","3600","21600","21600"
"4265","2026-09-23T05:00:00.000Z","SKU0189","7","600","4200","4200"
"4314","2026-09-23T05:00:00.000Z","SKU0191","1","900","900","900"
"4338","2026-09-23T05:00:00.000Z","SKU0192","2","1100","2200","2200"
"4362","2026-09-23T05:00:00.000Z","SKU0193","3","3100","9300","9300"
"4387","2026-09-23T05:00:00.000Z","SKU0194","4","1600","6400","6400"
"4411","2026-09-23T05:00:00.000Z","SKU0196","6","4600","27600","27600"
"4436","2026-09-23T05:00:00.000Z","SKU0197","7","2600","18200","18200"
"4485","2026-09-23T05:00:00.000Z","SKU0199","1","600","600","600"
"4509","2026-09-23T05:00:00.000Z","SKU0200","2","3000","6000","6000"
"4533","2026-09-23T05:00:00.000Z","SKU0201","3","1000","3000","3000"
"4558","2026-09-23T05:00:00.000Z","SKU0202","4","1200","4800","4800"
"4583","2026-09-23T05:00:00.000Z","SKU0203","5","3200","16000","16000"
"4607","2026-09-23T05:00:00.000Z","SKU0204","6","1700","10200","10200"
"4632","2026-09-23T05:00:00.000Z","SKU0205","7","2200","15400","15400"
"4681","2026-09-23T05:00:00.000Z","SKU0207","1","2700","2700","2700"
"4705","2026-09-23T05:00:00.000Z","SKU0209","3","700","2100","2100"
"4730","2026-09-23T05:00:00.000Z","SKU0210","4","3000","12000","12000"
"4755","2026-09-23T05:00:00.000Z","SKU0211","5","1000","5000","5000"
"4779","2026-09-23T05:00:00.000Z","SKU0212","6","1200","7200","7200"
"4804","2026-09-23T05:00:00.000Z","SKU0213","7","3200","22400","22400"
"4853","2026-09-23T05:00:00.000Z","SKU0215","1","2200","2200","2200"
"4877","2026-09-23T05:00:00.000Z","SKU0216","2","4700","9400","9400"
"4901","2026-09-23T05:00:00.000Z","SKU0217","3","2700","8100","8100"
"4926","2026-09-23T05:00:00.000Z","SKU0218","4","3700","14800","14800"
"4951","2026-09-23T05:00:00.000Z","SKU0219","5","700","3500","3500"
"4975","2026-09-23T05:00:00.000Z","SKU0220","6","3000","18000","18000"
"5025","2026-09-23T05:00:00.000Z","SKU0223","1","3200","3200","3200"
"5049","2026-09-23T05:00:00.000Z","SKU0224","2","1700","3400","3400"
"5073","2026-09-23T05:00:00.000Z","SKU0225","3","2200","6600","6600"
"5098","2026-09-23T05:00:00.000Z","SKU0226","4","4700","18800","18800"
"5123","2026-09-23T05:00:00.000Z","SKU0227","5","2700","13500","13500"
"5147","2026-09-23T05:00:00.000Z","SKU0228","6","3700","22200","22200"
"5172","2026-09-23T05:00:00.000Z","SKU0229","7","700","4900","4900"
"5221","2026-09-23T05:00:00.000Z","SKU0231","1","1000","1000","1000"
"5245","2026-09-23T05:00:00.000Z","SKU0232","2","1200","2400","2400"
"5269","2026-09-23T05:00:00.000Z","SKU0233","3","3200","9600","9600"
"5295","2026-09-23T05:00:00.000Z","SKU0235","5","2200","11000","11000"
"5319","2026-09-23T05:00:00.000Z","SKU0236","6","4700","28200","28200"
"5344","2026-09-23T05:00:00.000Z","SKU0237","7","2700","18900","18900"
"5393","2026-09-23T05:00:00.000Z","SKU0239","1","700","700","700"
"5417","2026-09-23T05:00:00.000Z","SKU0240","2","3000","6000","6000"
"5441","2026-09-23T05:00:00.000Z","SKU0241","3","1000","3000","3000"
"5466","2026-09-23T05:00:00.000Z","SKU0242","4","1200","4800","4800"
"5491","2026-09-23T05:00:00.000Z","SKU0243","5","3200","16000","16000"
"5515","2026-09-23T05:00:00.000Z","SKU0244","6","1700","10200","10200"
"5540","2026-09-23T05:00:00.000Z","SKU0245","7","2200","15400","15400"
"5589","2026-09-23T05:00:00.000Z","SKU0248","2","3700","7400","7400"
"5613","2026-09-23T05:00:00.000Z","SKU0249","3","700","2100","2100"
"5638","2026-09-23T05:00:00.000Z","SKU0250","4","3000","12000","12000"
"5663","2026-09-23T05:00:00.000Z","SKU0251","5","1000","5000","5000"
"5687","2026-09-23T05:00:00.000Z","SKU0252","6","1200","7200","7200"
"5712","2026-09-23T05:00:00.000Z","SKU0253","7","3200","22400","22400"
"5761","2026-09-23T05:00:00.000Z","SKU0255","1","2200","2200","2200"
"5785","2026-09-23T05:00:00.000Z","SKU0256","2","4700","9400","9400"
"5809","2026-09-23T05:00:00.000Z","SKU0257","3","2700","8100","8100"
"5834","2026-09-23T05:00:00.000Z","SKU0258","4","3700","14800","14800"
"5859","2026-09-23T05:00:00.000Z","SKU0259","5","700","3500","3500"
"5883","2026-09-23T05:00:00.000Z","SKU0261","7","1000","7000","7000"
"5932","2026-09-23T05:00:00.000Z","SKU0263","1","3200","3200","3200"
"5956","2026-09-23T05:00:00.000Z","SKU0264","2","1700","3400","3400"
"5980","2026-09-23T05:00:00.000Z","SKU0265","3","2200","6600","6600"
"6005","2026-09-23T05:00:00.000Z","SKU0266","4","4700","18800","18800"
"6030","2026-09-23T05:00:00.000Z","SKU0267","5","2700","13500","13500"
"6054","2026-09-23T05:00:00.000Z","SKU0268","6","3700","22200","22200"
"6079","2026-09-23T05:00:00.000Z","SKU0269","7","700","4900","4900"
"6128","2026-09-23T05:00:00.000Z","SKU0271","1","1000","1000","1000"
"6152","2026-09-23T05:00:00.000Z","SKU0272","2","1200","2400","2400"
"6176","2026-09-23T05:00:00.000Z","SKU0274","4","1700","6800","6800"
"6201","2026-09-23T05:00:00.000Z","SKU0275","5","2200","11000","11000"
"6225","2026-09-23T05:00:00.000Z","SKU0276","6","4700","28200","28200"
"6250","2026-09-23T05:00:00.000Z","SKU0277","7","2700","18900","18900"
"6299","2026-09-23T05:00:00.000Z","SKU0279","1","700","700","700"
"6323","2026-09-23T05:00:00.000Z","SKU0280","2","3000","6000","6000"
"6347","2026-09-23T05:00:00.000Z","SKU0281","3","1000","3000","3000"
"6372","2026-09-23T05:00:00.000Z","SKU0282","4","1200","4800","4800"
"6397","2026-09-23T05:00:00.000Z","SKU0283","5","3200","16000","16000"
"6421","2026-09-23T05:00:00.000Z","SKU0284","6","1700","10200","10200"
"6446","2026-09-23T05:00:00.000Z","SKU0285","7","2200","15400","15400"
"6470","2026-09-23T05:00:00.000Z","SKU0287","1","2700","2700","2700"
"6494","2026-09-23T05:00:00.000Z","SKU0288","2","3700","7400","7400"
"6518","2026-09-23T05:00:00.000Z","SKU0289","3","700","2100","2100"
"6543","2026-09-23T05:00:00.000Z","SKU0290","4","3000","12000","12000"
"6568","2026-09-23T05:00:00.000Z","SKU0291","5","1000","5000","5000"
"6592","2026-09-23T05:00:00.000Z","SKU0292","6","1200","7200","7200"
"6617","2026-09-23T05:00:00.000Z","SKU0293","7","3200","22400","22400"
"6666","2026-09-23T05:00:00.000Z","SKU0295","1","2200","2200","2200"
"6690","2026-09-23T05:00:00.000Z","SKU0296","2","4700","9400","9400"
"6714","2026-09-23T05:00:00.000Z","SKU0297","3","2700","8100","8100"
"6739","2026-09-23T05:00:00.000Z","SKU0298","4","3700","14800","14800"
"6763","2026-09-23T05:00:00.000Z","SKU0300","6","3100","18600","18600"
"6788","2026-09-23T05:00:00.000Z","SKU0301","7","1100","7700","7700"
"6837","2026-09-23T05:00:00.000Z","SKU0303","1","3300","3300","3300"
"6861","2026-09-23T05:00:00.000Z","SKU0304","2","1800","3600","3600"
"6885","2026-09-23T05:00:00.000Z","SKU0305","3","2300","6900","6900"
"6910","2026-09-23T05:00:00.000Z","SKU0306","4","4800","19200","19200"
"6935","2026-09-23T05:00:00.000Z","SKU0307","5","2800","14000","14000"
"6959","2026-09-23T05:00:00.000Z","SKU0308","6","3800","22800","22800"
"6984","2026-09-23T05:00:00.000Z","SKU0309","7","800","5600","5600"
"7033","2026-09-23T05:00:00.000Z","SKU0311","1","1100","1100","1100"
"7057","2026-09-23T05:00:00.000Z","SKU0313","3","3300","9900","9900"
"7082","2026-09-23T05:00:00.000Z","SKU0314","4","1800","7200","7200"
"7107","2026-09-23T05:00:00.000Z","SKU0315","5","2300","11500","11500"
"7131","2026-09-23T05:00:00.000Z","SKU0316","6","4800","28800","28800"
"7156","2026-09-23T05:00:00.000Z","SKU0317","7","2800","19600","19600"
"7205","2026-09-23T05:00:00.000Z","SKU0319","1","800","800","800"
"7229","2026-09-23T05:00:00.000Z","SKU0320","2","3100","6200","6200"
"7253","2026-09-23T05:00:00.000Z","SKU0321","3","1100","3300","3300"
"7278","2026-09-23T05:00:00.000Z","SKU0322","4","1300","5200","5200"
"7303","2026-09-23T05:00:00.000Z","SKU0323","5","3300","16500","16500"
"7327","2026-09-23T05:00:00.000Z","SKU0324","6","1800","10800","10800"
"7377","2026-09-23T05:00:00.000Z","SKU0327","1","2800","2800","2800"
"7401","2026-09-23T05:00:00.000Z","SKU0328","2","3800","7600","7600"
"7425","2026-09-23T05:00:00.000Z","SKU0329","3","800","2400","2400"
"7450","2026-09-23T05:00:00.000Z","SKU0330","4","3100","12400","12400"
"7475","2026-09-23T05:00:00.000Z","SKU0331","5","1100","5500","5500"
"7499","2026-09-23T05:00:00.000Z","SKU0332","6","1300","7800","7800"
"7524","2026-09-23T05:00:00.000Z","SKU0333","7","3300","23100","23100"
"7573","2026-09-23T05:00:00.000Z","SKU0335","1","2300","2300","2300"
"7597","2026-09-23T05:00:00.000Z","SKU0336","2","4800","9600","9600"
"7621","2026-09-23T05:00:00.000Z","SKU0337","3","2800","8400","8400"
"7647","2026-09-23T05:00:00.000Z","SKU0339","5","800","4000","4000"
"7671","2026-09-23T05:00:00.000Z","SKU0340","6","3100","18600","18600"
"7696","2026-09-23T05:00:00.000Z","SKU0341","7","1100","7700","7700"
"7745","2026-09-23T05:00:00.000Z","SKU0343","1","3300","3300","3300"
"7769","2026-09-23T05:00:00.000Z","SKU0344","2","1800","3600","3600"
"7793","2026-09-23T05:00:00.000Z","SKU0345","3","2300","6900","6900"
"7818","2026-09-23T05:00:00.000Z","SKU0346","4","4800","19200","19200"
"7843","2026-09-23T05:00:00.000Z","SKU0347","5","2800","14000","14000"
"7867","2026-09-23T05:00:00.000Z","SKU0348","6","3800","22800","22800"
"7892","2026-09-23T05:00:00.000Z","SKU0349","7","800","5600","5600"
"7941","2026-09-23T05:00:00.000Z","SKU0352","2","1300","2600","2600"
"7965","2026-09-23T05:00:00.000Z","SKU0353","3","3300","9900","9900"
"7990","2026-09-23T05:00:00.000Z","SKU0354","4","1800","7200","7200"
"8015","2026-09-23T05:00:00.000Z","SKU0355","5","2300","11500","11500"
"8039","2026-09-23T05:00:00.000Z","SKU0356","6","4800","28800","28800"
"8064","2026-09-23T05:00:00.000Z","SKU0357","7","2800","19600","19600"
"8113","2026-09-23T05:00:00.000Z","SKU0359","1","800","800","800"
"8137","2026-09-23T05:00:00.000Z","SKU0360","2","3100","6200","6200"
"8161","2026-09-23T05:00:00.000Z","SKU0361","3","1100","3300","3300"
"8186","2026-09-23T05:00:00.000Z","SKU0362","4","1300","5200","5200"
"8211","2026-09-23T05:00:00.000Z","SKU0363","5","3300","16500","16500"
"8235","2026-09-23T05:00:00.000Z","SKU0365","7","2300","16100","16100"
"8284","2026-09-23T05:00:00.000Z","SKU0367","1","2800","2800","2800"
"8308","2026-09-23T05:00:00.000Z","SKU0368","2","3800","7600","7600"
"8332","2026-09-23T05:00:00.000Z","SKU0369","3","800","2400","2400"
"8357","2026-09-23T05:00:00.000Z","SKU0370","4","3100","12400","12400"
"8382","2026-09-23T05:00:00.000Z","SKU0371","5","1100","5500","5500"
"8406","2026-09-23T05:00:00.000Z","SKU0372","6","1300","7800","7800"
"8431","2026-09-23T05:00:00.000Z","SKU0373","7","3300","23100","23100"
"8480","2026-09-23T05:00:00.000Z","SKU0375","1","2300","2300","2300"
"8504","2026-09-23T05:00:00.000Z","SKU0376","2","4800","9600","9600"
"8528","2026-09-23T05:00:00.000Z","SKU0378","4","3800","15200","15200"
"8553","2026-09-23T05:00:00.000Z","SKU0379","5","800","4000","4000"
"8577","2026-09-23T05:00:00.000Z","SKU0380","6","3100","18600","18600"
"8602","2026-09-23T05:00:00.000Z","SKU0381","7","1100","7700","7700"
"8651","2026-09-23T05:00:00.000Z","SKU0383","1","3300","3300","3300"
"8675","2026-09-23T05:00:00.000Z","SKU0384","2","1800","3600","3600"
"8699","2026-09-23T05:00:00.000Z","SKU0385","3","2300","6900","6900"
"8724","2026-09-23T05:00:00.000Z","SKU0386","4","4800","19200","19200"
"8749","2026-09-23T05:00:00.000Z","SKU0387","5","2800","14000","14000"
"8773","2026-09-23T05:00:00.000Z","SKU0388","6","3800","22800","22800"
"8798","2026-09-23T05:00:00.000Z","SKU0389","7","800","5600","5600"
"8822","2026-09-23T05:00:00.000Z","SKU0391","1","1100","1100","1100"
"8846","2026-09-23T05:00:00.000Z","SKU0392","2","1300","2600","2600"
"8870","2026-09-23T05:00:00.000Z","SKU0393","3","3300","9900","9900"
"8895","2026-09-23T05:00:00.000Z","SKU0394","4","1800","7200","7200"
"8920","2026-09-23T05:00:00.000Z","SKU0395","5","2300","11500","11500"
"8944","2026-09-23T05:00:00.000Z","SKU0396","6","4800","28800","28800"
"8969","2026-09-23T05:00:00.000Z","SKU0397","7","2800","19600","19600"
"9018","2026-09-23T05:00:00.000Z","SKU0399","1","800","800","800"
"9042","2026-09-23T05:00:00.000Z","SKU0400","2","3200","6400","6400"
"9066","2026-09-23T05:00:00.000Z","SKU0401","3","1200","3600","3600"
"9091","2026-09-23T05:00:00.000Z","SKU0402","4","1400","5600","5600"
"9115","2026-09-23T05:00:00.000Z","SKU0404","6","1900","11400","11400"
"9140","2026-09-23T05:00:00.000Z","SKU0405","7","2400","16800","16800"
"9189","2026-09-23T05:00:00.000Z","SKU0407","1","2900","2900","2900"
"9213","2026-09-23T05:00:00.000Z","SKU0408","2","3900","7800","7800"
"9237","2026-09-23T05:00:00.000Z","SKU0409","3","900","2700","2700"
"9262","2026-09-23T05:00:00.000Z","SKU0410","4","3200","12800","12800"
"9287","2026-09-23T05:00:00.000Z","SKU0411","5","1200","6000","6000"
"9311","2026-09-23T05:00:00.000Z","SKU0412","6","1400","8400","8400"
"9336","2026-09-23T05:00:00.000Z","SKU0413","7","3400","23800","23800"
"9385","2026-09-23T05:00:00.000Z","SKU0415","1","2400","2400","2400"
"9409","2026-09-23T05:00:00.000Z","SKU0417","3","2900","8700","8700"
"9434","2026-09-23T05:00:00.000Z","SKU0418","4","3900","15600","15600"
"9459","2026-09-23T05:00:00.000Z","SKU0419","5","900","4500","4500"
"9483","2026-09-23T05:00:00.000Z","SKU0420","6","3200","19200","19200"
"9508","2026-09-23T05:00:00.000Z","SKU0421","7","1200","8400","8400"
"9557","2026-09-23T05:00:00.000Z","SKU0423","1","3400","3400","3400"
"9581","2026-09-23T05:00:00.000Z","SKU0424","2","1900","3800","3800"
"9605","2026-09-23T05:00:00.000Z","SKU0425","3","2400","7200","7200"
"9630","2026-09-23T05:00:00.000Z","SKU0426","4","4900","19600","19600"
"9655","2026-09-23T05:00:00.000Z","SKU0427","5","2900","14500","14500"
"9679","2026-09-23T05:00:00.000Z","SKU0428","6","3900","23400","23400"
"9729","2026-09-23T05:00:00.000Z","SKU0431","1","1200","1200","1200"
"9753","2026-09-23T05:00:00.000Z","SKU0432","2","1400","2800","2800"
"9777","2026-09-23T05:00:00.000Z","SKU0433","3","3400","10200","10200"
"9802","2026-09-23T05:00:00.000Z","SKU0434","4","1900","7600","7600"
"9827","2026-09-23T05:00:00.000Z","SKU0435","5","2400","12000","12000"
"9851","2026-09-23T05:00:00.000Z","SKU0436","6","4900","29400","29400"
"9876","2026-09-23T05:00:00.000Z","SKU0437","7","2900","20300","20300"
"9925","2026-09-23T05:00:00.000Z","SKU0439","1","900","900","900"
"9949","2026-09-23T05:00:00.000Z","SKU0440","2","3200","6400","6400"
"9973","2026-09-23T05:00:00.000Z","SKU0441","3","1200","3600","3600"
"9999","2026-09-23T05:00:00.000Z","SKU0443","5","3400","17000","17000"
"10023","2026-09-23T05:00:00.000Z","SKU0444","6","1900","11400","11400"
"10048","2026-09-23T05:00:00.000Z","SKU0445","7","2400","16800","16800"
"10097","2026-09-23T05:00:00.000Z","SKU0447","1","2900","2900","2900"
"10121","2026-09-23T05:00:00.000Z","SKU0448","2","3900","7800","7800"
"10145","2026-09-23T05:00:00.000Z","SKU0449","3","900","2700","2700"
"10170","2026-09-23T05:00:00.000Z","SKU0450","4","3200","12800","12800"
"10195","2026-09-23T05:00:00.000Z","SKU0451","5","1200","6000","6000"
"10219","2026-09-23T05:00:00.000Z","SKU0452","6","1400","8400","8400"
"10244","2026-09-23T05:00:00.000Z","SKU0453","7","3400","23800","23800"
"10293","2026-09-23T05:00:00.000Z","SKU0456","2","4900","9800","9800"
"10317","2026-09-23T05:00:00.000Z","SKU0457","3","2900","8700","8700"
"10342","2026-09-23T05:00:00.000Z","SKU0458","4","3900","15600","15600"
"10367","2026-09-23T05:00:00.000Z","SKU0459","5","900","4500","4500"
"10391","2026-09-23T05:00:00.000Z","SKU0460","6","3200","19200","19200"
"10416","2026-09-23T05:00:00.000Z","SKU0461","7","1200","8400","8400"
"10465","2026-09-23T05:00:00.000Z","SKU0463","1","3400","3400","3400"
"10489","2026-09-23T05:00:00.000Z","SKU0464","2","1900","3800","3800"
"10513","2026-09-23T05:00:00.000Z","SKU0465","3","2400","7200","7200"
"10538","2026-09-23T05:00:00.000Z","SKU0466","4","4900","19600","19600"
"10563","2026-09-23T05:00:00.000Z","SKU0467","5","2900","14500","14500"
"10587","2026-09-23T05:00:00.000Z","SKU0469","7","900","6300","6300"
"10636","2026-09-23T05:00:00.000Z","SKU0471","1","1200","1200","1200"
"10660","2026-09-23T05:00:00.000Z","SKU0472","2","1400","2800","2800"
"10684","2026-09-23T05:00:00.000Z","SKU0473","3","3400","10200","10200"
"10709","2026-09-23T05:00:00.000Z","SKU0474","4","1900","7600","7600"
"10734","2026-09-23T05:00:00.000Z","SKU0475","5","2400","12000","12000"
"10758","2026-09-23T05:00:00.000Z","SKU0476","6","4900","29400","29400"
"10783","2026-09-23T05:00:00.000Z","SKU0477","7","2900","20300","20300"
"10832","2026-09-23T05:00:00.000Z","SKU0479","1","900","900","900"
"10856","2026-09-23T05:00:00.000Z","SKU0480","2","3200","6400","6400"
"10880","2026-09-23T05:00:00.000Z","SKU0482","4","1400","5600","5600"
"10905","2026-09-23T05:00:00.000Z","SKU0483","5","3400","17000","17000"
"10929","2026-09-23T05:00:00.000Z","SKU0484","6","1900","11400","11400"
"10954","2026-09-23T05:00:00.000Z","SKU0485","7","2400","16800","16800"
"11003","2026-09-23T05:00:00.000Z","SKU0487","1","2900","2900","2900"
"11027","2026-09-23T05:00:00.000Z","SKU0488","2","3900","7800","7800"
"11051","2026-09-23T05:00:00.000Z","SKU0489","3","900","2700","2700"
"11076","2026-09-23T05:00:00.000Z","SKU0490","4","3200","12800","12800"
"11101","2026-09-23T05:00:00.000Z","SKU0491","5","1200","6000","6000"
"11125","2026-09-23T05:00:00.000Z","SKU0492","6","1400","8400","8400"
"11150","2026-09-23T05:00:00.000Z","SKU0493","7","3400","23800","23800"
"11174","2026-09-23T05:00:00.000Z","SKU0495","1","2400","2400","2400"
"11198","2026-09-23T05:00:00.000Z","SKU0496","2","4900","9800","9800"
"11222","2026-09-23T05:00:00.000Z","SKU0497","3","2900","8700","8700"
"11247","2026-09-23T05:00:00.000Z","SKU0498","4","3900","15600","15600"
"11272","2026-09-23T05:00:00.000Z","SKU0499","5","900","4500","4500"
"16","2026-09-24T05:00:00.000Z","SKU0001","4","800","3200","3200"
"44","2026-09-24T05:00:00.000Z","SKU0002","8","1000","8000","8000"
"60","2026-09-24T05:00:00.000Z","SKU0003","1","3000","3000","3000"
"76","2026-09-24T05:00:00.000Z","SKU0004","1","1500","1500","1500"
"101","2026-09-24T05:00:00.000Z","SKU0005","2","2000","4000","4000"
"125","2026-09-24T05:00:00.000Z","SKU0006","3","4500","13500","13500"
"150","2026-09-24T05:00:00.000Z","SKU0007","4","2500","10000","10000"
"174","2026-09-24T05:00:00.000Z","SKU0008","5","3500","17500","17500"
"198","2026-09-24T05:00:00.000Z","SKU0009","6","500","3000","3000"
"223","2026-09-24T05:00:00.000Z","SKU0010","7","2800","19600","19600"
"272","2026-09-24T05:00:00.000Z","SKU0012","1","1000","1000","1000"
"297","2026-09-24T05:00:00.000Z","SKU0014","3","1500","4500","4500"
"322","2026-09-24T05:00:00.000Z","SKU0015","4","2000","8000","8000"
"346","2026-09-24T05:00:00.000Z","SKU0016","5","4500","22500","22500"
"370","2026-09-24T05:00:00.000Z","SKU0017","6","2500","15000","15000"
"395","2026-09-24T05:00:00.000Z","SKU0018","7","3500","24500","24500"
"444","2026-09-24T05:00:00.000Z","SKU0020","1","2800","2800","2800"
"469","2026-09-24T05:00:00.000Z","SKU0021","2","800","1600","1600"
"493","2026-09-24T05:00:00.000Z","SKU0022","3","1000","3000","3000"
"518","2026-09-24T05:00:00.000Z","SKU0023","4","3000","12000","12000"
"542","2026-09-24T05:00:00.000Z","SKU0024","5","1500","7500","7500"
"566","2026-09-24T05:00:00.000Z","SKU0025","6","2000","12000","12000"
"616","2026-09-24T05:00:00.000Z","SKU0028","1","3500","3500","3500"
"641","2026-09-24T05:00:00.000Z","SKU0029","2","500","1000","1000"
"665","2026-09-24T05:00:00.000Z","SKU0030","3","2800","8400","8400"
"690","2026-09-24T05:00:00.000Z","SKU0031","4","800","3200","3200"
"714","2026-09-24T05:00:00.000Z","SKU0032","5","1000","5000","5000"
"738","2026-09-24T05:00:00.000Z","SKU0033","6","3000","18000","18000"
"763","2026-09-24T05:00:00.000Z","SKU0034","7","1500","10500","10500"
"812","2026-09-24T05:00:00.000Z","SKU0036","1","4500","4500","4500"
"837","2026-09-24T05:00:00.000Z","SKU0037","2","2500","5000","5000"
"861","2026-09-24T05:00:00.000Z","SKU0038","3","3500","10500","10500"
"886","2026-09-24T05:00:00.000Z","SKU0040","5","2800","14000","14000"
"910","2026-09-24T05:00:00.000Z","SKU0041","6","800","4800","4800"
"935","2026-09-24T05:00:00.000Z","SKU0042","7","1000","7000","7000"
"984","2026-09-24T05:00:00.000Z","SKU0044","1","1500","1500","1500"
"1009","2026-09-24T05:00:00.000Z","SKU0045","2","2000","4000","4000"
"1033","2026-09-24T05:00:00.000Z","SKU0046","3","4500","13500","13500"
"1058","2026-09-24T05:00:00.000Z","SKU0047","4","2500","10000","10000"
"1082","2026-09-24T05:00:00.000Z","SKU0048","5","3500","17500","17500"
"1106","2026-09-24T05:00:00.000Z","SKU0049","6","500","3000","3000"
"1131","2026-09-24T05:00:00.000Z","SKU0050","7","2800","19600","19600"
"1180","2026-09-24T05:00:00.000Z","SKU0053","2","3000","6000","6000"
"1204","2026-09-24T05:00:00.000Z","SKU0054","3","1500","4500","4500"
"1229","2026-09-24T05:00:00.000Z","SKU0055","4","2000","8000","8000"
"1253","2026-09-24T05:00:00.000Z","SKU0056","5","4500","22500","22500"
"1277","2026-09-24T05:00:00.000Z","SKU0057","6","2500","15000","15000"
"1302","2026-09-24T05:00:00.000Z","SKU0058","7","3500","24500","24500"
"1351","2026-09-24T05:00:00.000Z","SKU0060","1","2800","2800","2800"
"1376","2026-09-24T05:00:00.000Z","SKU0061","2","800","1600","1600"
"1400","2026-09-24T05:00:00.000Z","SKU0062","3","1000","3000","3000"
"1425","2026-09-24T05:00:00.000Z","SKU0063","4","3000","12000","12000"
"1449","2026-09-24T05:00:00.000Z","SKU0064","5","1500","7500","7500"
"1473","2026-09-24T05:00:00.000Z","SKU0066","7","4500","31500","31500"
"1522","2026-09-24T05:00:00.000Z","SKU0068","1","3500","3500","3500"
"1547","2026-09-24T05:00:00.000Z","SKU0069","2","500","1000","1000"
"1571","2026-09-24T05:00:00.000Z","SKU0070","3","2800","8400","8400"
"1596","2026-09-24T05:00:00.000Z","SKU0071","4","800","3200","3200"
"1620","2026-09-24T05:00:00.000Z","SKU0072","5","1000","5000","5000"
"1644","2026-09-24T05:00:00.000Z","SKU0073","6","3000","18000","18000"
"1669","2026-09-24T05:00:00.000Z","SKU0074","7","1500","10500","10500"
"1718","2026-09-24T05:00:00.000Z","SKU0076","1","4500","4500","4500"
"1743","2026-09-24T05:00:00.000Z","SKU0077","2","2500","5000","5000"
"1767","2026-09-24T05:00:00.000Z","SKU0079","4","500","2000","2000"
"1791","2026-09-24T05:00:00.000Z","SKU0080","5","2800","14000","14000"
"1815","2026-09-24T05:00:00.000Z","SKU0081","6","800","4800","4800"
"1840","2026-09-24T05:00:00.000Z","SKU0082","7","1000","7000","7000"
"1889","2026-09-24T05:00:00.000Z","SKU0084","1","1500","1500","1500"
"1914","2026-09-24T05:00:00.000Z","SKU0085","2","2000","4000","4000"
"1938","2026-09-24T05:00:00.000Z","SKU0086","3","4500","13500","13500"
"1963","2026-09-24T05:00:00.000Z","SKU0087","4","2500","10000","10000"
"1987","2026-09-24T05:00:00.000Z","SKU0088","5","3500","17500","17500"
"2011","2026-09-24T05:00:00.000Z","SKU0089","6","500","3000","3000"
"2036","2026-09-24T05:00:00.000Z","SKU0090","7","2800","19600","19600"
"2060","2026-09-24T05:00:00.000Z","SKU0092","1","1000","1000","1000"
"2085","2026-09-24T05:00:00.000Z","SKU0093","2","3000","6000","6000"
"2109","2026-09-24T05:00:00.000Z","SKU0094","3","1500","4500","4500"
"2134","2026-09-24T05:00:00.000Z","SKU0095","4","2000","8000","8000"
"2158","2026-09-24T05:00:00.000Z","SKU0096","5","4500","22500","22500"
"2182","2026-09-24T05:00:00.000Z","SKU0097","6","2500","15000","15000"
"2207","2026-09-24T05:00:00.000Z","SKU0098","7","3500","24500","24500"
"2256","2026-09-24T05:00:00.000Z","SKU0100","1","2900","2900","2900"
"2281","2026-09-24T05:00:00.000Z","SKU0101","2","900","1800","1800"
"2305","2026-09-24T05:00:00.000Z","SKU0102","3","1100","3300","3300"
"2330","2026-09-24T05:00:00.000Z","SKU0103","4","3100","12400","12400"
"2354","2026-09-24T05:00:00.000Z","SKU0105","6","2100","12600","12600"
"2379","2026-09-24T05:00:00.000Z","SKU0106","7","4600","32200","32200"
"2428","2026-09-24T05:00:00.000Z","SKU0108","1","3600","3600","3600"
"2453","2026-09-24T05:00:00.000Z","SKU0109","2","600","1200","1200"
"2477","2026-09-24T05:00:00.000Z","SKU0110","3","2900","8700","8700"
"2502","2026-09-24T05:00:00.000Z","SKU0111","4","900","3600","3600"
"2526","2026-09-24T05:00:00.000Z","SKU0112","5","1100","5500","5500"
"2550","2026-09-24T05:00:00.000Z","SKU0113","6","3100","18600","18600"
"2575","2026-09-24T05:00:00.000Z","SKU0114","7","1600","11200","11200"
"2624","2026-09-24T05:00:00.000Z","SKU0116","1","4600","4600","4600"
"2649","2026-09-24T05:00:00.000Z","SKU0118","3","3600","10800","10800"
"2674","2026-09-24T05:00:00.000Z","SKU0119","4","600","2400","2400"
"2698","2026-09-24T05:00:00.000Z","SKU0120","5","2900","14500","14500"
"2722","2026-09-24T05:00:00.000Z","SKU0121","6","900","5400","5400"
"2747","2026-09-24T05:00:00.000Z","SKU0122","7","1100","7700","7700"
"2796","2026-09-24T05:00:00.000Z","SKU0124","1","1600","1600","1600"
"2821","2026-09-24T05:00:00.000Z","SKU0125","2","2100","4200","4200"
"2845","2026-09-24T05:00:00.000Z","SKU0126","3","4600","13800","13800"
"2870","2026-09-24T05:00:00.000Z","SKU0127","4","2600","10400","10400"
"2894","2026-09-24T05:00:00.000Z","SKU0128","5","3600","18000","18000"
"2918","2026-09-24T05:00:00.000Z","SKU0129","6","600","3600","3600"
"2968","2026-09-24T05:00:00.000Z","SKU0132","1","1100","1100","1100"
"2993","2026-09-24T05:00:00.000Z","SKU0133","2","3100","6200","6200"
"3017","2026-09-24T05:00:00.000Z","SKU0134","3","1600","4800","4800"
"3042","2026-09-24T05:00:00.000Z","SKU0135","4","2100","8400","8400"
"3066","2026-09-24T05:00:00.000Z","SKU0136","5","4600","23000","23000"
"3090","2026-09-24T05:00:00.000Z","SKU0137","6","2600","15600","15600"
"3115","2026-09-24T05:00:00.000Z","SKU0138","7","3600","25200","25200"
"3164","2026-09-24T05:00:00.000Z","SKU0140","1","2900","2900","2900"
"3189","2026-09-24T05:00:00.000Z","SKU0141","2","900","1800","1800"
"3213","2026-09-24T05:00:00.000Z","SKU0142","3","1100","3300","3300"
"3238","2026-09-24T05:00:00.000Z","SKU0144","5","1600","8000","8000"
"3262","2026-09-24T05:00:00.000Z","SKU0145","6","2100","12600","12600"
"3287","2026-09-24T05:00:00.000Z","SKU0146","7","4600","32200","32200"
"3336","2026-09-24T05:00:00.000Z","SKU0148","1","3600","3600","3600"
"3361","2026-09-24T05:00:00.000Z","SKU0149","2","600","1200","1200"
"3385","2026-09-24T05:00:00.000Z","SKU0150","3","2900","8700","8700"
"3410","2026-09-24T05:00:00.000Z","SKU0151","4","900","3600","3600"
"3434","2026-09-24T05:00:00.000Z","SKU0152","5","1100","5500","5500"
"3458","2026-09-24T05:00:00.000Z","SKU0153","6","3100","18600","18600"
"3483","2026-09-24T05:00:00.000Z","SKU0154","7","1600","11200","11200"
"3532","2026-09-24T05:00:00.000Z","SKU0157","2","2600","5200","5200"
"3556","2026-09-24T05:00:00.000Z","SKU0158","3","3600","10800","10800"
"3581","2026-09-24T05:00:00.000Z","SKU0159","4","600","2400","2400"
"3605","2026-09-24T05:00:00.000Z","SKU0160","5","2900","14500","14500"
"3629","2026-09-24T05:00:00.000Z","SKU0161","6","900","5400","5400"
"3654","2026-09-24T05:00:00.000Z","SKU0162","7","1100","7700","7700"
"3703","2026-09-24T05:00:00.000Z","SKU0164","1","1600","1600","1600"
"3728","2026-09-24T05:00:00.000Z","SKU0165","2","2100","4200","4200"
"3752","2026-09-24T05:00:00.000Z","SKU0166","3","4600","13800","13800"
"3777","2026-09-24T05:00:00.000Z","SKU0167","4","2600","10400","10400"
"3801","2026-09-24T05:00:00.000Z","SKU0168","5","3600","18000","18000"
"3825","2026-09-24T05:00:00.000Z","SKU0170","7","2900","20300","20300"
"3874","2026-09-24T05:00:00.000Z","SKU0172","1","1100","1100","1100"
"3899","2026-09-24T05:00:00.000Z","SKU0173","2","3100","6200","6200"
"3923","2026-09-24T05:00:00.000Z","SKU0174","3","1600","4800","4800"
"3948","2026-09-24T05:00:00.000Z","SKU0175","4","2100","8400","8400"
"3972","2026-09-24T05:00:00.000Z","SKU0176","5","4600","23000","23000"
"3996","2026-09-24T05:00:00.000Z","SKU0177","6","2600","15600","15600"
"4021","2026-09-24T05:00:00.000Z","SKU0178","7","3600","25200","25200"
"4070","2026-09-24T05:00:00.000Z","SKU0180","1","2900","2900","2900"
"4095","2026-09-24T05:00:00.000Z","SKU0181","2","900","1800","1800"
"4119","2026-09-24T05:00:00.000Z","SKU0183","4","3100","12400","12400"
"4143","2026-09-24T05:00:00.000Z","SKU0184","5","1600","8000","8000"
"4167","2026-09-24T05:00:00.000Z","SKU0185","6","2100","12600","12600"
"4192","2026-09-24T05:00:00.000Z","SKU0186","7","4600","32200","32200"
"4241","2026-09-24T05:00:00.000Z","SKU0188","1","3600","3600","3600"
"4266","2026-09-24T05:00:00.000Z","SKU0189","2","600","1200","1200"
"4290","2026-09-24T05:00:00.000Z","SKU0190","3","2900","8700","8700"
"4315","2026-09-24T05:00:00.000Z","SKU0191","4","900","3600","3600"
"4339","2026-09-24T05:00:00.000Z","SKU0192","5","1100","5500","5500"
"4363","2026-09-24T05:00:00.000Z","SKU0193","6","3100","18600","18600"
"4388","2026-09-24T05:00:00.000Z","SKU0194","7","1600","11200","11200"
"4412","2026-09-24T05:00:00.000Z","SKU0196","1","4600","4600","4600"
"4437","2026-09-24T05:00:00.000Z","SKU0197","2","2600","5200","5200"
"4461","2026-09-24T05:00:00.000Z","SKU0198","3","3600","10800","10800"
"4486","2026-09-24T05:00:00.000Z","SKU0199","4","600","2400","2400"
"4510","2026-09-24T05:00:00.000Z","SKU0200","5","3000","15000","15000"
"4534","2026-09-24T05:00:00.000Z","SKU0201","6","1000","6000","6000"
"4559","2026-09-24T05:00:00.000Z","SKU0202","7","1200","8400","8400"
"4608","2026-09-24T05:00:00.000Z","SKU0204","1","1700","1700","1700"
"4633","2026-09-24T05:00:00.000Z","SKU0205","2","2200","4400","4400"
"4657","2026-09-24T05:00:00.000Z","SKU0206","3","4700","14100","14100"
"4682","2026-09-24T05:00:00.000Z","SKU0207","4","2700","10800","10800"
"4706","2026-09-24T05:00:00.000Z","SKU0209","6","700","4200","4200"
"4731","2026-09-24T05:00:00.000Z","SKU0210","7","3000","21000","21000"
"4780","2026-09-24T05:00:00.000Z","SKU0212","1","1200","1200","1200"
"4805","2026-09-24T05:00:00.000Z","SKU0213","2","3200","6400","6400"
"4829","2026-09-24T05:00:00.000Z","SKU0214","3","1700","5100","5100"
"4854","2026-09-24T05:00:00.000Z","SKU0215","4","2200","8800","8800"
"4878","2026-09-24T05:00:00.000Z","SKU0216","5","4700","23500","23500"
"4902","2026-09-24T05:00:00.000Z","SKU0217","6","2700","16200","16200"
"4927","2026-09-24T05:00:00.000Z","SKU0218","7","3700","25900","25900"
"4976","2026-09-24T05:00:00.000Z","SKU0220","1","3000","3000","3000"
"5001","2026-09-24T05:00:00.000Z","SKU0222","3","1200","3600","3600"
"5026","2026-09-24T05:00:00.000Z","SKU0223","4","3200","12800","12800"
"5050","2026-09-24T05:00:00.000Z","SKU0224","5","1700","8500","8500"
"5074","2026-09-24T05:00:00.000Z","SKU0225","6","2200","13200","13200"
"5099","2026-09-24T05:00:00.000Z","SKU0226","7","4700","32900","32900"
"5148","2026-09-24T05:00:00.000Z","SKU0228","1","3700","3700","3700"
"5173","2026-09-24T05:00:00.000Z","SKU0229","2","700","1400","1400"
"5197","2026-09-24T05:00:00.000Z","SKU0230","3","3000","9000","9000"
"5222","2026-09-24T05:00:00.000Z","SKU0231","4","1000","4000","4000"
"5246","2026-09-24T05:00:00.000Z","SKU0232","5","1200","6000","6000"
"5270","2026-09-24T05:00:00.000Z","SKU0233","6","3200","19200","19200"
"5320","2026-09-24T05:00:00.000Z","SKU0236","1","4700","4700","4700"
"5345","2026-09-24T05:00:00.000Z","SKU0237","2","2700","5400","5400"
"5369","2026-09-24T05:00:00.000Z","SKU0238","3","3700","11100","11100"
"5394","2026-09-24T05:00:00.000Z","SKU0239","4","700","2800","2800"
"5418","2026-09-24T05:00:00.000Z","SKU0240","5","3000","15000","15000"
"5442","2026-09-24T05:00:00.000Z","SKU0241","6","1000","6000","6000"
"5467","2026-09-24T05:00:00.000Z","SKU0242","7","1200","8400","8400"
"5516","2026-09-24T05:00:00.000Z","SKU0244","1","1700","1700","1700"
"5541","2026-09-24T05:00:00.000Z","SKU0245","2","2200","4400","4400"
"5565","2026-09-24T05:00:00.000Z","SKU0246","3","4700","14100","14100"
"5590","2026-09-24T05:00:00.000Z","SKU0248","5","3700","18500","18500"
"5614","2026-09-24T05:00:00.000Z","SKU0249","6","700","4200","4200"
"5639","2026-09-24T05:00:00.000Z","SKU0250","7","3000","21000","21000"
"5688","2026-09-24T05:00:00.000Z","SKU0252","1","1200","1200","1200"
"5713","2026-09-24T05:00:00.000Z","SKU0253","2","3200","6400","6400"
"5737","2026-09-24T05:00:00.000Z","SKU0254","3","1700","5100","5100"
"5762","2026-09-24T05:00:00.000Z","SKU0255","4","2200","8800","8800"
"5786","2026-09-24T05:00:00.000Z","SKU0256","5","4700","23500","23500"
"5810","2026-09-24T05:00:00.000Z","SKU0257","6","2700","16200","16200"
"5835","2026-09-24T05:00:00.000Z","SKU0258","7","3700","25900","25900"
"5884","2026-09-24T05:00:00.000Z","SKU0261","2","1000","2000","2000"
"5908","2026-09-24T05:00:00.000Z","SKU0262","3","1200","3600","3600"
"5933","2026-09-24T05:00:00.000Z","SKU0263","4","3200","12800","12800"
"5957","2026-09-24T05:00:00.000Z","SKU0264","5","1700","8500","8500"
"5981","2026-09-24T05:00:00.000Z","SKU0265","6","2200","13200","13200"
"6006","2026-09-24T05:00:00.000Z","SKU0266","7","4700","32900","32900"
"6055","2026-09-24T05:00:00.000Z","SKU0268","1","3700","3700","3700"
"6080","2026-09-24T05:00:00.000Z","SKU0269","2","700","1400","1400"
"6104","2026-09-24T05:00:00.000Z","SKU0270","3","3000","9000","9000"
"6129","2026-09-24T05:00:00.000Z","SKU0271","4","1000","4000","4000"
"6153","2026-09-24T05:00:00.000Z","SKU0272","5","1200","6000","6000"
"6177","2026-09-24T05:00:00.000Z","SKU0274","7","1700","11900","11900"
"6226","2026-09-24T05:00:00.000Z","SKU0276","1","4700","4700","4700"
"6251","2026-09-24T05:00:00.000Z","SKU0277","2","2700","5400","5400"
"6275","2026-09-24T05:00:00.000Z","SKU0278","3","3700","11100","11100"
"6300","2026-09-24T05:00:00.000Z","SKU0279","4","700","2800","2800"
"6324","2026-09-24T05:00:00.000Z","SKU0280","5","3000","15000","15000"
"6348","2026-09-24T05:00:00.000Z","SKU0281","6","1000","6000","6000"
"6373","2026-09-24T05:00:00.000Z","SKU0282","7","1200","8400","8400"
"6422","2026-09-24T05:00:00.000Z","SKU0284","1","1700","1700","1700"
"6447","2026-09-24T05:00:00.000Z","SKU0285","2","2200","4400","4400"
"6471","2026-09-24T05:00:00.000Z","SKU0287","4","2700","10800","10800"
"6495","2026-09-24T05:00:00.000Z","SKU0288","5","3700","18500","18500"
"6519","2026-09-24T05:00:00.000Z","SKU0289","6","700","4200","4200"
"6544","2026-09-24T05:00:00.000Z","SKU0290","7","3000","21000","21000"
"6593","2026-09-24T05:00:00.000Z","SKU0292","1","1200","1200","1200"
"6618","2026-09-24T05:00:00.000Z","SKU0293","2","3200","6400","6400"
"6642","2026-09-24T05:00:00.000Z","SKU0294","3","1700","5100","5100"
"6667","2026-09-24T05:00:00.000Z","SKU0295","4","2200","8800","8800"
"6691","2026-09-24T05:00:00.000Z","SKU0296","5","4700","23500","23500"
"6715","2026-09-24T05:00:00.000Z","SKU0297","6","2700","16200","16200"
"6740","2026-09-24T05:00:00.000Z","SKU0298","7","3700","25900","25900"
"6764","2026-09-24T05:00:00.000Z","SKU0300","1","3100","3100","3100"
"6789","2026-09-24T05:00:00.000Z","SKU0301","2","1100","2200","2200"
"6813","2026-09-24T05:00:00.000Z","SKU0302","3","1300","3900","3900"
"6838","2026-09-24T05:00:00.000Z","SKU0303","4","3300","13200","13200"
"6862","2026-09-24T05:00:00.000Z","SKU0304","5","1800","9000","9000"
"6886","2026-09-24T05:00:00.000Z","SKU0305","6","2300","13800","13800"
"6911","2026-09-24T05:00:00.000Z","SKU0306","7","4800","33600","33600"
"6960","2026-09-24T05:00:00.000Z","SKU0308","1","3800","3800","3800"
"6985","2026-09-24T05:00:00.000Z","SKU0309","2","800","1600","1600"
"7009","2026-09-24T05:00:00.000Z","SKU0310","3","3100","9300","9300"
"7034","2026-09-24T05:00:00.000Z","SKU0311","4","1100","4400","4400"
"7058","2026-09-24T05:00:00.000Z","SKU0313","6","3300","19800","19800"
"7083","2026-09-24T05:00:00.000Z","SKU0314","7","1800","12600","12600"
"7132","2026-09-24T05:00:00.000Z","SKU0316","1","4800","4800","4800"
"7157","2026-09-24T05:00:00.000Z","SKU0317","2","2800","5600","5600"
"7181","2026-09-24T05:00:00.000Z","SKU0318","3","3800","11400","11400"
"7206","2026-09-24T05:00:00.000Z","SKU0319","4","800","3200","3200"
"7230","2026-09-24T05:00:00.000Z","SKU0320","5","3100","15500","15500"
"7254","2026-09-24T05:00:00.000Z","SKU0321","6","1100","6600","6600"
"7279","2026-09-24T05:00:00.000Z","SKU0322","7","1300","9100","9100"
"7328","2026-09-24T05:00:00.000Z","SKU0324","1","1800","1800","1800"
"7353","2026-09-24T05:00:00.000Z","SKU0326","3","4800","14400","14400"
"7378","2026-09-24T05:00:00.000Z","SKU0327","4","2800","11200","11200"
"7402","2026-09-24T05:00:00.000Z","SKU0328","5","3800","19000","19000"
"7426","2026-09-24T05:00:00.000Z","SKU0329","6","800","4800","4800"
"7451","2026-09-24T05:00:00.000Z","SKU0330","7","3100","21700","21700"
"7500","2026-09-24T05:00:00.000Z","SKU0332","1","1300","1300","1300"
"7525","2026-09-24T05:00:00.000Z","SKU0333","2","3300","6600","6600"
"7549","2026-09-24T05:00:00.000Z","SKU0334","3","1800","5400","5400"
"7574","2026-09-24T05:00:00.000Z","SKU0335","4","2300","9200","9200"
"7598","2026-09-24T05:00:00.000Z","SKU0336","5","4800","24000","24000"
"7622","2026-09-24T05:00:00.000Z","SKU0337","6","2800","16800","16800"
"7672","2026-09-24T05:00:00.000Z","SKU0340","1","3100","3100","3100"
"7697","2026-09-24T05:00:00.000Z","SKU0341","2","1100","2200","2200"
"7721","2026-09-24T05:00:00.000Z","SKU0342","3","1300","3900","3900"
"7746","2026-09-24T05:00:00.000Z","SKU0343","4","3300","13200","13200"
"7770","2026-09-24T05:00:00.000Z","SKU0344","5","1800","9000","9000"
"7794","2026-09-24T05:00:00.000Z","SKU0345","6","2300","13800","13800"
"7819","2026-09-24T05:00:00.000Z","SKU0346","7","4800","33600","33600"
"7868","2026-09-24T05:00:00.000Z","SKU0348","1","3800","3800","3800"
"7893","2026-09-24T05:00:00.000Z","SKU0349","2","800","1600","1600"
"7917","2026-09-24T05:00:00.000Z","SKU0350","3","3100","9300","9300"
"7942","2026-09-24T05:00:00.000Z","SKU0352","5","1300","6500","6500"
"7966","2026-09-24T05:00:00.000Z","SKU0353","6","3300","19800","19800"
"7991","2026-09-24T05:00:00.000Z","SKU0354","7","1800","12600","12600"
"8040","2026-09-24T05:00:00.000Z","SKU0356","1","4800","4800","4800"
"8065","2026-09-24T05:00:00.000Z","SKU0357","2","2800","5600","5600"
"8089","2026-09-24T05:00:00.000Z","SKU0358","3","3800","11400","11400"
"8114","2026-09-24T05:00:00.000Z","SKU0359","4","800","3200","3200"
"8138","2026-09-24T05:00:00.000Z","SKU0360","5","3100","15500","15500"
"8162","2026-09-24T05:00:00.000Z","SKU0361","6","1100","6600","6600"
"8187","2026-09-24T05:00:00.000Z","SKU0362","7","1300","9100","9100"
"8236","2026-09-24T05:00:00.000Z","SKU0365","2","2300","4600","4600"
"8260","2026-09-24T05:00:00.000Z","SKU0366","3","4800","14400","14400"
"8285","2026-09-24T05:00:00.000Z","SKU0367","4","2800","11200","11200"
"8309","2026-09-24T05:00:00.000Z","SKU0368","5","3800","19000","19000"
"8333","2026-09-24T05:00:00.000Z","SKU0369","6","800","4800","4800"
"8358","2026-09-24T05:00:00.000Z","SKU0370","7","3100","21700","21700"
"8407","2026-09-24T05:00:00.000Z","SKU0372","1","1300","1300","1300"
"8432","2026-09-24T05:00:00.000Z","SKU0373","2","3300","6600","6600"
"8456","2026-09-24T05:00:00.000Z","SKU0374","3","1800","5400","5400"
"8481","2026-09-24T05:00:00.000Z","SKU0375","4","2300","9200","9200"
"8505","2026-09-24T05:00:00.000Z","SKU0376","5","4800","24000","24000"
"8529","2026-09-24T05:00:00.000Z","SKU0378","7","3800","26600","26600"
"8578","2026-09-24T05:00:00.000Z","SKU0380","1","3100","3100","3100"
"8603","2026-09-24T05:00:00.000Z","SKU0381","2","1100","2200","2200"
"8627","2026-09-24T05:00:00.000Z","SKU0382","3","1300","3900","3900"
"8652","2026-09-24T05:00:00.000Z","SKU0383","4","3300","13200","13200"
"8676","2026-09-24T05:00:00.000Z","SKU0384","5","1800","9000","9000"
"8700","2026-09-24T05:00:00.000Z","SKU0385","6","2300","13800","13800"
"8725","2026-09-24T05:00:00.000Z","SKU0386","7","4800","33600","33600"
"8774","2026-09-24T05:00:00.000Z","SKU0388","1","3800","3800","3800"
"8799","2026-09-24T05:00:00.000Z","SKU0389","2","800","1600","1600"
"8823","2026-09-24T05:00:00.000Z","SKU0391","4","1100","4400","4400"
"8847","2026-09-24T05:00:00.000Z","SKU0392","5","1300","6500","6500"
"8871","2026-09-24T05:00:00.000Z","SKU0393","6","3300","19800","19800"
"8896","2026-09-24T05:00:00.000Z","SKU0394","7","1800","12600","12600"
"8945","2026-09-24T05:00:00.000Z","SKU0396","1","4800","4800","4800"
"8970","2026-09-24T05:00:00.000Z","SKU0397","2","2800","5600","5600"
"8994","2026-09-24T05:00:00.000Z","SKU0398","3","3800","11400","11400"
"9019","2026-09-24T05:00:00.000Z","SKU0399","4","800","3200","3200"
"9043","2026-09-24T05:00:00.000Z","SKU0400","5","3200","16000","16000"
"9067","2026-09-24T05:00:00.000Z","SKU0401","6","1200","7200","7200"
"9092","2026-09-24T05:00:00.000Z","SKU0402","7","1400","9800","9800"
"9116","2026-09-24T05:00:00.000Z","SKU0404","1","1900","1900","1900"
"9141","2026-09-24T05:00:00.000Z","SKU0405","2","2400","4800","4800"
"9165","2026-09-24T05:00:00.000Z","SKU0406","3","4900","14700","14700"
"9190","2026-09-24T05:00:00.000Z","SKU0407","4","2900","11600","11600"
"9214","2026-09-24T05:00:00.000Z","SKU0408","5","3900","19500","19500"
"9238","2026-09-24T05:00:00.000Z","SKU0409","6","900","5400","5400"
"9263","2026-09-24T05:00:00.000Z","SKU0410","7","3200","22400","22400"
"9312","2026-09-24T05:00:00.000Z","SKU0412","1","1400","1400","1400"
"9337","2026-09-24T05:00:00.000Z","SKU0413","2","3400","6800","6800"
"9361","2026-09-24T05:00:00.000Z","SKU0414","3","1900","5700","5700"
"9386","2026-09-24T05:00:00.000Z","SKU0415","4","2400","9600","9600"
"9410","2026-09-24T05:00:00.000Z","SKU0417","6","2900","17400","17400"
"9435","2026-09-24T05:00:00.000Z","SKU0418","7","3900","27300","27300"
"9484","2026-09-24T05:00:00.000Z","SKU0420","1","3200","3200","3200"
"9509","2026-09-24T05:00:00.000Z","SKU0421","2","1200","2400","2400"
"9533","2026-09-24T05:00:00.000Z","SKU0422","3","1400","4200","4200"
"9558","2026-09-24T05:00:00.000Z","SKU0423","4","3400","13600","13600"
"9582","2026-09-24T05:00:00.000Z","SKU0424","5","1900","9500","9500"
"9606","2026-09-24T05:00:00.000Z","SKU0425","6","2400","14400","14400"
"9631","2026-09-24T05:00:00.000Z","SKU0426","7","4900","34300","34300"
"9680","2026-09-24T05:00:00.000Z","SKU0428","1","3900","3900","3900"
"9705","2026-09-24T05:00:00.000Z","SKU0430","3","3200","9600","9600"
"9730","2026-09-24T05:00:00.000Z","SKU0431","4","1200","4800","4800"
"9754","2026-09-24T05:00:00.000Z","SKU0432","5","1400","7000","7000"
"9778","2026-09-24T05:00:00.000Z","SKU0433","6","3400","20400","20400"
"9803","2026-09-24T05:00:00.000Z","SKU0434","7","1900","13300","13300"
"9852","2026-09-24T05:00:00.000Z","SKU0436","1","4900","4900","4900"
"9877","2026-09-24T05:00:00.000Z","SKU0437","2","2900","5800","5800"
"9901","2026-09-24T05:00:00.000Z","SKU0438","3","3900","11700","11700"
"9926","2026-09-24T05:00:00.000Z","SKU0439","4","900","3600","3600"
"9950","2026-09-24T05:00:00.000Z","SKU0440","5","3200","16000","16000"
"9974","2026-09-24T05:00:00.000Z","SKU0441","6","1200","7200","7200"
"10024","2026-09-24T05:00:00.000Z","SKU0444","1","1900","1900","1900"
"10049","2026-09-24T05:00:00.000Z","SKU0445","2","2400","4800","4800"
"10073","2026-09-24T05:00:00.000Z","SKU0446","3","4900","14700","14700"
"10098","2026-09-24T05:00:00.000Z","SKU0447","4","2900","11600","11600"
"10122","2026-09-24T05:00:00.000Z","SKU0448","5","3900","19500","19500"
"10146","2026-09-24T05:00:00.000Z","SKU0449","6","900","5400","5400"
"10171","2026-09-24T05:00:00.000Z","SKU0450","7","3200","22400","22400"
"10220","2026-09-24T05:00:00.000Z","SKU0452","1","1400","1400","1400"
"10245","2026-09-24T05:00:00.000Z","SKU0453","2","3400","6800","6800"
"10269","2026-09-24T05:00:00.000Z","SKU0454","3","1900","5700","5700"
"10294","2026-09-24T05:00:00.000Z","SKU0456","5","4900","24500","24500"
"10318","2026-09-24T05:00:00.000Z","SKU0457","6","2900","17400","17400"
"10343","2026-09-24T05:00:00.000Z","SKU0458","7","3900","27300","27300"
"10392","2026-09-24T05:00:00.000Z","SKU0460","1","3200","3200","3200"
"10417","2026-09-24T05:00:00.000Z","SKU0461","2","1200","2400","2400"
"10441","2026-09-24T05:00:00.000Z","SKU0462","3","1400","4200","4200"
"10466","2026-09-24T05:00:00.000Z","SKU0463","4","3400","13600","13600"
"10490","2026-09-24T05:00:00.000Z","SKU0464","5","1900","9500","9500"
"10514","2026-09-24T05:00:00.000Z","SKU0465","6","2400","14400","14400"
"10539","2026-09-24T05:00:00.000Z","SKU0466","7","4900","34300","34300"
"10588","2026-09-24T05:00:00.000Z","SKU0469","2","900","1800","1800"
"10612","2026-09-24T05:00:00.000Z","SKU0470","3","3200","9600","9600"
"10637","2026-09-24T05:00:00.000Z","SKU0471","4","1200","4800","4800"
"10661","2026-09-24T05:00:00.000Z","SKU0472","5","1400","7000","7000"
"10685","2026-09-24T05:00:00.000Z","SKU0473","6","3400","20400","20400"
"10710","2026-09-24T05:00:00.000Z","SKU0474","7","1900","13300","13300"
"10759","2026-09-24T05:00:00.000Z","SKU0476","1","4900","4900","4900"
"10784","2026-09-24T05:00:00.000Z","SKU0477","2","2900","5800","5800"
"10808","2026-09-24T05:00:00.000Z","SKU0478","3","3900","11700","11700"
"10833","2026-09-24T05:00:00.000Z","SKU0479","4","900","3600","3600"
"10857","2026-09-24T05:00:00.000Z","SKU0480","5","3200","16000","16000"
"10881","2026-09-24T05:00:00.000Z","SKU0482","7","1400","9800","9800"
"10930","2026-09-24T05:00:00.000Z","SKU0484","1","1900","1900","1900"
"10955","2026-09-24T05:00:00.000Z","SKU0485","2","2400","4800","4800"
"10979","2026-09-24T05:00:00.000Z","SKU0486","3","4900","14700","14700"
"11004","2026-09-24T05:00:00.000Z","SKU0487","4","2900","11600","11600"
"11028","2026-09-24T05:00:00.000Z","SKU0488","5","3900","19500","19500"
"11052","2026-09-24T05:00:00.000Z","SKU0489","6","900","5400","5400"
"11077","2026-09-24T05:00:00.000Z","SKU0490","7","3200","22400","22400"
"11126","2026-09-24T05:00:00.000Z","SKU0492","1","1400","1400","1400"
"11151","2026-09-24T05:00:00.000Z","SKU0493","2","3400","6800","6800"
"11175","2026-09-24T05:00:00.000Z","SKU0495","4","2400","9600","9600"
"11199","2026-09-24T05:00:00.000Z","SKU0496","5","4900","24500","24500"
"11223","2026-09-24T05:00:00.000Z","SKU0497","6","2900","17400","17400"
"11248","2026-09-24T05:00:00.000Z","SKU0498","7","3900","27300","27300"
"17","2026-09-25T05:00:00.000Z","SKU0001","4","800","3200","3200"
"45","2026-09-25T05:00:00.000Z","SKU0002","8","1000","8000","8000"
"77","2026-09-25T05:00:00.000Z","SKU0004","4","1500","6000","6000"
"102","2026-09-25T05:00:00.000Z","SKU0005","5","2000","10000","10000"
"126","2026-09-25T05:00:00.000Z","SKU0006","6","4500","27000","27000"
"151","2026-09-25T05:00:00.000Z","SKU0007","7","2500","17500","17500"
"199","2026-09-25T05:00:00.000Z","SKU0009","1","500","500","500"
"224","2026-09-25T05:00:00.000Z","SKU0010","2","2800","5600","5600"
"248","2026-09-25T05:00:00.000Z","SKU0011","3","800","2400","2400"
"273","2026-09-25T05:00:00.000Z","SKU0012","4","1000","4000","4000"
"298","2026-09-25T05:00:00.000Z","SKU0014","6","1500","9000","9000"
"323","2026-09-25T05:00:00.000Z","SKU0015","7","2000","14000","14000"
"371","2026-09-25T05:00:00.000Z","SKU0017","1","2500","2500","2500"
"396","2026-09-25T05:00:00.000Z","SKU0018","2","3500","7000","7000"
"420","2026-09-25T05:00:00.000Z","SKU0019","3","500","1500","1500"
"445","2026-09-25T05:00:00.000Z","SKU0020","4","2800","11200","11200"
"470","2026-09-25T05:00:00.000Z","SKU0021","5","800","4000","4000"
"494","2026-09-25T05:00:00.000Z","SKU0022","6","1000","6000","6000"
"519","2026-09-25T05:00:00.000Z","SKU0023","7","3000","21000","21000"
"567","2026-09-25T05:00:00.000Z","SKU0025","1","2000","2000","2000"
"592","2026-09-25T05:00:00.000Z","SKU0027","3","2500","7500","7500"
"617","2026-09-25T05:00:00.000Z","SKU0028","4","3500","14000","14000"
"642","2026-09-25T05:00:00.000Z","SKU0029","5","500","2500","2500"
"666","2026-09-25T05:00:00.000Z","SKU0030","6","2800","16800","16800"
"691","2026-09-25T05:00:00.000Z","SKU0031","7","800","5600","5600"
"739","2026-09-25T05:00:00.000Z","SKU0033","1","3000","3000","3000"
"764","2026-09-25T05:00:00.000Z","SKU0034","2","1500","3000","3000"
"788","2026-09-25T05:00:00.000Z","SKU0035","3","2000","6000","6000"
"813","2026-09-25T05:00:00.000Z","SKU0036","4","4500","18000","18000"
"838","2026-09-25T05:00:00.000Z","SKU0037","5","2500","12500","12500"
"862","2026-09-25T05:00:00.000Z","SKU0038","6","3500","21000","21000"
"911","2026-09-25T05:00:00.000Z","SKU0041","1","800","800","800"
"936","2026-09-25T05:00:00.000Z","SKU0042","2","1000","2000","2000"
"960","2026-09-25T05:00:00.000Z","SKU0043","3","3000","9000","9000"
"985","2026-09-25T05:00:00.000Z","SKU0044","4","1500","6000","6000"
"1010","2026-09-25T05:00:00.000Z","SKU0045","5","2000","10000","10000"
"1034","2026-09-25T05:00:00.000Z","SKU0046","6","4500","27000","27000"
"1059","2026-09-25T05:00:00.000Z","SKU0047","7","2500","17500","17500"
"1107","2026-09-25T05:00:00.000Z","SKU0049","1","500","500","500"
"1132","2026-09-25T05:00:00.000Z","SKU0050","2","2800","5600","5600"
"1156","2026-09-25T05:00:00.000Z","SKU0051","3","800","2400","2400"
"1181","2026-09-25T05:00:00.000Z","SKU0053","5","3000","15000","15000"
"1205","2026-09-25T05:00:00.000Z","SKU0054","6","1500","9000","9000"
"1230","2026-09-25T05:00:00.000Z","SKU0055","7","2000","14000","14000"
"1278","2026-09-25T05:00:00.000Z","SKU0057","1","2500","2500","2500"
"1303","2026-09-25T05:00:00.000Z","SKU0058","2","3500","7000","7000"
"1327","2026-09-25T05:00:00.000Z","SKU0059","3","500","1500","1500"
"1352","2026-09-25T05:00:00.000Z","SKU0060","4","2800","11200","11200"
"1377","2026-09-25T05:00:00.000Z","SKU0061","5","800","4000","4000"
"1401","2026-09-25T05:00:00.000Z","SKU0062","6","1000","6000","6000"
"1426","2026-09-25T05:00:00.000Z","SKU0063","7","3000","21000","21000"
"1474","2026-09-25T05:00:00.000Z","SKU0066","2","4500","9000","9000"
"1498","2026-09-25T05:00:00.000Z","SKU0067","3","2500","7500","7500"
"1523","2026-09-25T05:00:00.000Z","SKU0068","4","3500","14000","14000"
"1548","2026-09-25T05:00:00.000Z","SKU0069","5","500","2500","2500"
"1572","2026-09-25T05:00:00.000Z","SKU0070","6","2800","16800","16800"
"1597","2026-09-25T05:00:00.000Z","SKU0071","7","800","5600","5600"
"1645","2026-09-25T05:00:00.000Z","SKU0073","1","3000","3000","3000"
"1670","2026-09-25T05:00:00.000Z","SKU0074","2","1500","3000","3000"
"1694","2026-09-25T05:00:00.000Z","SKU0075","3","2000","6000","6000"
"1719","2026-09-25T05:00:00.000Z","SKU0076","4","4500","18000","18000"
"1744","2026-09-25T05:00:00.000Z","SKU0077","5","2500","12500","12500"
"1768","2026-09-25T05:00:00.000Z","SKU0079","7","500","3500","3500"
"1816","2026-09-25T05:00:00.000Z","SKU0081","1","800","800","800"
"1841","2026-09-25T05:00:00.000Z","SKU0082","2","1000","2000","2000"
"1865","2026-09-25T05:00:00.000Z","SKU0083","3","3000","9000","9000"
"1890","2026-09-25T05:00:00.000Z","SKU0084","4","1500","6000","6000"
"1915","2026-09-25T05:00:00.000Z","SKU0085","5","2000","10000","10000"
"1939","2026-09-25T05:00:00.000Z","SKU0086","6","4500","27000","27000"
"1964","2026-09-25T05:00:00.000Z","SKU0087","7","2500","17500","17500"
"2012","2026-09-25T05:00:00.000Z","SKU0089","1","500","500","500"
"2037","2026-09-25T05:00:00.000Z","SKU0090","2","2800","5600","5600"
"2061","2026-09-25T05:00:00.000Z","SKU0092","4","1000","4000","4000"
"2086","2026-09-25T05:00:00.000Z","SKU0093","5","3000","15000","15000"
"2110","2026-09-25T05:00:00.000Z","SKU0094","6","1500","9000","9000"
"2135","2026-09-25T05:00:00.000Z","SKU0095","7","2000","14000","14000"
"2183","2026-09-25T05:00:00.000Z","SKU0097","1","2500","2500","2500"
"2208","2026-09-25T05:00:00.000Z","SKU0098","2","3500","7000","7000"
"2232","2026-09-25T05:00:00.000Z","SKU0099","3","500","1500","1500"
"2257","2026-09-25T05:00:00.000Z","SKU0100","4","2900","11600","11600"
"2282","2026-09-25T05:00:00.000Z","SKU0101","5","900","4500","4500"
"2306","2026-09-25T05:00:00.000Z","SKU0102","6","1100","6600","6600"
"2331","2026-09-25T05:00:00.000Z","SKU0103","7","3100","21700","21700"
"2355","2026-09-25T05:00:00.000Z","SKU0105","1","2100","2100","2100"
"2380","2026-09-25T05:00:00.000Z","SKU0106","2","4600","9200","9200"
"2404","2026-09-25T05:00:00.000Z","SKU0107","3","2600","7800","7800"
"2429","2026-09-25T05:00:00.000Z","SKU0108","4","3600","14400","14400"
"2454","2026-09-25T05:00:00.000Z","SKU0109","5","600","3000","3000"
"2478","2026-09-25T05:00:00.000Z","SKU0110","6","2900","17400","17400"
"2503","2026-09-25T05:00:00.000Z","SKU0111","7","900","6300","6300"
"2551","2026-09-25T05:00:00.000Z","SKU0113","1","3100","3100","3100"
"2576","2026-09-25T05:00:00.000Z","SKU0114","2","1600","3200","3200"
"2600","2026-09-25T05:00:00.000Z","SKU0115","3","2100","6300","6300"
"2625","2026-09-25T05:00:00.000Z","SKU0116","4","4600","18400","18400"
"2650","2026-09-25T05:00:00.000Z","SKU0118","6","3600","21600","21600"
"2675","2026-09-25T05:00:00.000Z","SKU0119","7","600","4200","4200"
"2723","2026-09-25T05:00:00.000Z","SKU0121","1","900","900","900"
"2748","2026-09-25T05:00:00.000Z","SKU0122","2","1100","2200","2200"
"2772","2026-09-25T05:00:00.000Z","SKU0123","3","3100","9300","9300"
"2797","2026-09-25T05:00:00.000Z","SKU0124","4","1600","6400","6400"
"2822","2026-09-25T05:00:00.000Z","SKU0125","5","2100","10500","10500"
"2846","2026-09-25T05:00:00.000Z","SKU0126","6","4600","27600","27600"
"2871","2026-09-25T05:00:00.000Z","SKU0127","7","2600","18200","18200"
"2919","2026-09-25T05:00:00.000Z","SKU0129","1","600","600","600"
"2944","2026-09-25T05:00:00.000Z","SKU0131","3","900","2700","2700"
"2969","2026-09-25T05:00:00.000Z","SKU0132","4","1100","4400","4400"
"2994","2026-09-25T05:00:00.000Z","SKU0133","5","3100","15500","15500"
"3018","2026-09-25T05:00:00.000Z","SKU0134","6","1600","9600","9600"
"3043","2026-09-25T05:00:00.000Z","SKU0135","7","2100","14700","14700"
"3091","2026-09-25T05:00:00.000Z","SKU0137","1","2600","2600","2600"
"3116","2026-09-25T05:00:00.000Z","SKU0138","2","3600","7200","7200"
"3140","2026-09-25T05:00:00.000Z","SKU0139","3","600","1800","1800"
"3165","2026-09-25T05:00:00.000Z","SKU0140","4","2900","11600","11600"
"3190","2026-09-25T05:00:00.000Z","SKU0141","5","900","4500","4500"
"3214","2026-09-25T05:00:00.000Z","SKU0142","6","1100","6600","6600"
"3263","2026-09-25T05:00:00.000Z","SKU0145","1","2100","2100","2100"
"3288","2026-09-25T05:00:00.000Z","SKU0146","2","4600","9200","9200"
"3312","2026-09-25T05:00:00.000Z","SKU0147","3","2600","7800","7800"
"3337","2026-09-25T05:00:00.000Z","SKU0148","4","3600","14400","14400"
"3362","2026-09-25T05:00:00.000Z","SKU0149","5","600","3000","3000"
"3386","2026-09-25T05:00:00.000Z","SKU0150","6","2900","17400","17400"
"3411","2026-09-25T05:00:00.000Z","SKU0151","7","900","6300","6300"
"3459","2026-09-25T05:00:00.000Z","SKU0153","1","3100","3100","3100"
"3484","2026-09-25T05:00:00.000Z","SKU0154","2","1600","3200","3200"
"3508","2026-09-25T05:00:00.000Z","SKU0155","3","2100","6300","6300"
"3533","2026-09-25T05:00:00.000Z","SKU0157","5","2600","13000","13000"
"3557","2026-09-25T05:00:00.000Z","SKU0158","6","3600","21600","21600"
"3582","2026-09-25T05:00:00.000Z","SKU0159","7","600","4200","4200"
"3630","2026-09-25T05:00:00.000Z","SKU0161","1","900","900","900"
"3655","2026-09-25T05:00:00.000Z","SKU0162","2","1100","2200","2200"
"3679","2026-09-25T05:00:00.000Z","SKU0163","3","3100","9300","9300"
"3704","2026-09-25T05:00:00.000Z","SKU0164","4","1600","6400","6400"
"3729","2026-09-25T05:00:00.000Z","SKU0165","5","2100","10500","10500"
"3753","2026-09-25T05:00:00.000Z","SKU0166","6","4600","27600","27600"
"3778","2026-09-25T05:00:00.000Z","SKU0167","7","2600","18200","18200"
"3826","2026-09-25T05:00:00.000Z","SKU0170","2","2900","5800","5800"
"3850","2026-09-25T05:00:00.000Z","SKU0171","3","900","2700","2700"
"3875","2026-09-25T05:00:00.000Z","SKU0172","4","1100","4400","4400"
"3900","2026-09-25T05:00:00.000Z","SKU0173","5","3100","15500","15500"
"3924","2026-09-25T05:00:00.000Z","SKU0174","6","1600","9600","9600"
"3949","2026-09-25T05:00:00.000Z","SKU0175","7","2100","14700","14700"
"3997","2026-09-25T05:00:00.000Z","SKU0177","1","2600","2600","2600"
"4022","2026-09-25T05:00:00.000Z","SKU0178","2","3600","7200","7200"
"4046","2026-09-25T05:00:00.000Z","SKU0179","3","600","1800","1800"
"4071","2026-09-25T05:00:00.000Z","SKU0180","4","2900","11600","11600"
"4096","2026-09-25T05:00:00.000Z","SKU0181","5","900","4500","4500"
"4120","2026-09-25T05:00:00.000Z","SKU0183","7","3100","21700","21700"
"4168","2026-09-25T05:00:00.000Z","SKU0185","1","2100","2100","2100"
"4193","2026-09-25T05:00:00.000Z","SKU0186","2","4600","9200","9200"
"4217","2026-09-25T05:00:00.000Z","SKU0187","3","2600","7800","7800"
"4242","2026-09-25T05:00:00.000Z","SKU0188","4","3600","14400","14400"
"4267","2026-09-25T05:00:00.000Z","SKU0189","5","600","3000","3000"
"4291","2026-09-25T05:00:00.000Z","SKU0190","6","2900","17400","17400"
"4316","2026-09-25T05:00:00.000Z","SKU0191","7","900","6300","6300"
"4364","2026-09-25T05:00:00.000Z","SKU0193","1","3100","3100","3100"
"4389","2026-09-25T05:00:00.000Z","SKU0194","2","1600","3200","3200"
"4413","2026-09-25T05:00:00.000Z","SKU0196","4","4600","18400","18400"
"4438","2026-09-25T05:00:00.000Z","SKU0197","5","2600","13000","13000"
"4462","2026-09-25T05:00:00.000Z","SKU0198","6","3600","21600","21600"
"4487","2026-09-25T05:00:00.000Z","SKU0199","7","600","4200","4200"
"4535","2026-09-25T05:00:00.000Z","SKU0201","1","1000","1000","1000"
"4560","2026-09-25T05:00:00.000Z","SKU0202","2","1200","2400","2400"
"4584","2026-09-25T05:00:00.000Z","SKU0203","3","3200","9600","9600"
"4609","2026-09-25T05:00:00.000Z","SKU0204","4","1700","6800","6800"
"4634","2026-09-25T05:00:00.000Z","SKU0205","5","2200","11000","11000"
"4658","2026-09-25T05:00:00.000Z","SKU0206","6","4700","28200","28200"
"4683","2026-09-25T05:00:00.000Z","SKU0207","7","2700","18900","18900"
"4707","2026-09-25T05:00:00.000Z","SKU0209","1","700","700","700"
"4732","2026-09-25T05:00:00.000Z","SKU0210","2","3000","6000","6000"
"4756","2026-09-25T05:00:00.000Z","SKU0211","3","1000","3000","3000"
"4781","2026-09-25T05:00:00.000Z","SKU0212","4","1200","4800","4800"
"4806","2026-09-25T05:00:00.000Z","SKU0213","5","3200","16000","16000"
"4830","2026-09-25T05:00:00.000Z","SKU0214","6","1700","10200","10200"
"4855","2026-09-25T05:00:00.000Z","SKU0215","7","2200","15400","15400"
"4903","2026-09-25T05:00:00.000Z","SKU0217","1","2700","2700","2700"
"4928","2026-09-25T05:00:00.000Z","SKU0218","2","3700","7400","7400"
"4952","2026-09-25T05:00:00.000Z","SKU0219","3","700","2100","2100"
"4977","2026-09-25T05:00:00.000Z","SKU0220","4","3000","12000","12000"
"5002","2026-09-25T05:00:00.000Z","SKU0222","6","1200","7200","7200"
"5027","2026-09-25T05:00:00.000Z","SKU0223","7","3200","22400","22400"
"5075","2026-09-25T05:00:00.000Z","SKU0225","1","2200","2200","2200"
"5100","2026-09-25T05:00:00.000Z","SKU0226","2","4700","9400","9400"
"5124","2026-09-25T05:00:00.000Z","SKU0227","3","2700","8100","8100"
"5149","2026-09-25T05:00:00.000Z","SKU0228","4","3700","14800","14800"
"5174","2026-09-25T05:00:00.000Z","SKU0229","5","700","3500","3500"
"5198","2026-09-25T05:00:00.000Z","SKU0230","6","3000","18000","18000"
"5223","2026-09-25T05:00:00.000Z","SKU0231","7","1000","7000","7000"
"5271","2026-09-25T05:00:00.000Z","SKU0233","1","3200","3200","3200"
"5296","2026-09-25T05:00:00.000Z","SKU0235","3","2200","6600","6600"
"5321","2026-09-25T05:00:00.000Z","SKU0236","4","4700","18800","18800"
"5346","2026-09-25T05:00:00.000Z","SKU0237","5","2700","13500","13500"
"5370","2026-09-25T05:00:00.000Z","SKU0238","6","3700","22200","22200"
"5395","2026-09-25T05:00:00.000Z","SKU0239","7","700","4900","4900"
"5443","2026-09-25T05:00:00.000Z","SKU0241","1","1000","1000","1000"
"5468","2026-09-25T05:00:00.000Z","SKU0242","2","1200","2400","2400"
"5492","2026-09-25T05:00:00.000Z","SKU0243","3","3200","9600","9600"
"5517","2026-09-25T05:00:00.000Z","SKU0244","4","1700","6800","6800"
"5542","2026-09-25T05:00:00.000Z","SKU0245","5","2200","11000","11000"
"5566","2026-09-25T05:00:00.000Z","SKU0246","6","4700","28200","28200"
"5615","2026-09-25T05:00:00.000Z","SKU0249","1","700","700","700"
"5640","2026-09-25T05:00:00.000Z","SKU0250","2","3000","6000","6000"
"5664","2026-09-25T05:00:00.000Z","SKU0251","3","1000","3000","3000"
"5689","2026-09-25T05:00:00.000Z","SKU0252","4","1200","4800","4800"
"5714","2026-09-25T05:00:00.000Z","SKU0253","5","3200","16000","16000"
"5738","2026-09-25T05:00:00.000Z","SKU0254","6","1700","10200","10200"
"5763","2026-09-25T05:00:00.000Z","SKU0255","7","2200","15400","15400"
"5811","2026-09-25T05:00:00.000Z","SKU0257","1","2700","2700","2700"
"5836","2026-09-25T05:00:00.000Z","SKU0258","2","3700","7400","7400"
"5860","2026-09-25T05:00:00.000Z","SKU0259","3","700","2100","2100"
"5885","2026-09-25T05:00:00.000Z","SKU0261","5","1000","5000","5000"
"5909","2026-09-25T05:00:00.000Z","SKU0262","6","1200","7200","7200"
"5934","2026-09-25T05:00:00.000Z","SKU0263","7","3200","22400","22400"
"5982","2026-09-25T05:00:00.000Z","SKU0265","1","2200","2200","2200"
"6007","2026-09-25T05:00:00.000Z","SKU0266","2","4700","9400","9400"
"6031","2026-09-25T05:00:00.000Z","SKU0267","3","2700","8100","8100"
"6056","2026-09-25T05:00:00.000Z","SKU0268","4","3700","14800","14800"
"6081","2026-09-25T05:00:00.000Z","SKU0269","5","700","3500","3500"
"6105","2026-09-25T05:00:00.000Z","SKU0270","6","3000","18000","18000"
"6130","2026-09-25T05:00:00.000Z","SKU0271","7","1000","7000","7000"
"6178","2026-09-25T05:00:00.000Z","SKU0274","2","1700","3400","3400"
"6202","2026-09-25T05:00:00.000Z","SKU0275","3","2200","6600","6600"
"6227","2026-09-25T05:00:00.000Z","SKU0276","4","4700","18800","18800"
"6252","2026-09-25T05:00:00.000Z","SKU0277","5","2700","13500","13500"
"6276","2026-09-25T05:00:00.000Z","SKU0278","6","3700","22200","22200"
"6301","2026-09-25T05:00:00.000Z","SKU0279","7","700","4900","4900"
"6349","2026-09-25T05:00:00.000Z","SKU0281","1","1000","1000","1000"
"6374","2026-09-25T05:00:00.000Z","SKU0282","2","1200","2400","2400"
"6398","2026-09-25T05:00:00.000Z","SKU0283","3","3200","9600","9600"
"6423","2026-09-25T05:00:00.000Z","SKU0284","4","1700","6800","6800"
"6448","2026-09-25T05:00:00.000Z","SKU0285","5","2200","11000","11000"
"6472","2026-09-25T05:00:00.000Z","SKU0287","7","2700","18900","18900"
"6520","2026-09-25T05:00:00.000Z","SKU0289","1","700","700","700"
"6545","2026-09-25T05:00:00.000Z","SKU0290","2","3000","6000","6000"
"6569","2026-09-25T05:00:00.000Z","SKU0291","3","1000","3000","3000"
"6594","2026-09-25T05:00:00.000Z","SKU0292","4","1200","4800","4800"
"6619","2026-09-25T05:00:00.000Z","SKU0293","5","3200","16000","16000"
"6643","2026-09-25T05:00:00.000Z","SKU0294","6","1700","10200","10200"
"6668","2026-09-25T05:00:00.000Z","SKU0295","7","2200","15400","15400"
"6716","2026-09-25T05:00:00.000Z","SKU0297","1","2700","2700","2700"
"6741","2026-09-25T05:00:00.000Z","SKU0298","2","3700","7400","7400"
"6765","2026-09-25T05:00:00.000Z","SKU0300","4","3100","12400","12400"
"6790","2026-09-25T05:00:00.000Z","SKU0301","5","1100","5500","5500"
"6814","2026-09-25T05:00:00.000Z","SKU0302","6","1300","7800","7800"
"6839","2026-09-25T05:00:00.000Z","SKU0303","7","3300","23100","23100"
"6887","2026-09-25T05:00:00.000Z","SKU0305","1","2300","2300","2300"
"6912","2026-09-25T05:00:00.000Z","SKU0306","2","4800","9600","9600"
"6936","2026-09-25T05:00:00.000Z","SKU0307","3","2800","8400","8400"
"6961","2026-09-25T05:00:00.000Z","SKU0308","4","3800","15200","15200"
"6986","2026-09-25T05:00:00.000Z","SKU0309","5","800","4000","4000"
"7010","2026-09-25T05:00:00.000Z","SKU0310","6","3100","18600","18600"
"7035","2026-09-25T05:00:00.000Z","SKU0311","7","1100","7700","7700"
"7059","2026-09-25T05:00:00.000Z","SKU0313","1","3300","3300","3300"
"7084","2026-09-25T05:00:00.000Z","SKU0314","2","1800","3600","3600"
"7108","2026-09-25T05:00:00.000Z","SKU0315","3","2300","6900","6900"
"7133","2026-09-25T05:00:00.000Z","SKU0316","4","4800","19200","19200"
"7158","2026-09-25T05:00:00.000Z","SKU0317","5","2800","14000","14000"
"7182","2026-09-25T05:00:00.000Z","SKU0318","6","3800","22800","22800"
"7207","2026-09-25T05:00:00.000Z","SKU0319","7","800","5600","5600"
"7255","2026-09-25T05:00:00.000Z","SKU0321","1","1100","1100","1100"
"7280","2026-09-25T05:00:00.000Z","SKU0322","2","1300","2600","2600"
"7304","2026-09-25T05:00:00.000Z","SKU0323","3","3300","9900","9900"
"7329","2026-09-25T05:00:00.000Z","SKU0324","4","1800","7200","7200"
"7354","2026-09-25T05:00:00.000Z","SKU0326","6","4800","28800","28800"
"7379","2026-09-25T05:00:00.000Z","SKU0327","7","2800","19600","19600"
"7427","2026-09-25T05:00:00.000Z","SKU0329","1","800","800","800"
"7452","2026-09-25T05:00:00.000Z","SKU0330","2","3100","6200","6200"
"7476","2026-09-25T05:00:00.000Z","SKU0331","3","1100","3300","3300"
"7501","2026-09-25T05:00:00.000Z","SKU0332","4","1300","5200","5200"
"7526","2026-09-25T05:00:00.000Z","SKU0333","5","3300","16500","16500"
"7550","2026-09-25T05:00:00.000Z","SKU0334","6","1800","10800","10800"
"7575","2026-09-25T05:00:00.000Z","SKU0335","7","2300","16100","16100"
"7623","2026-09-25T05:00:00.000Z","SKU0337","1","2800","2800","2800"
"7648","2026-09-25T05:00:00.000Z","SKU0339","3","800","2400","2400"
"7673","2026-09-25T05:00:00.000Z","SKU0340","4","3100","12400","12400"
"7698","2026-09-25T05:00:00.000Z","SKU0341","5","1100","5500","5500"
"7722","2026-09-25T05:00:00.000Z","SKU0342","6","1300","7800","7800"
"7747","2026-09-25T05:00:00.000Z","SKU0343","7","3300","23100","23100"
"7795","2026-09-25T05:00:00.000Z","SKU0345","1","2300","2300","2300"
"7820","2026-09-25T05:00:00.000Z","SKU0346","2","4800","9600","9600"
"7844","2026-09-25T05:00:00.000Z","SKU0347","3","2800","8400","8400"
"7869","2026-09-25T05:00:00.000Z","SKU0348","4","3800","15200","15200"
"7894","2026-09-25T05:00:00.000Z","SKU0349","5","800","4000","4000"
"7918","2026-09-25T05:00:00.000Z","SKU0350","6","3100","18600","18600"
"7967","2026-09-25T05:00:00.000Z","SKU0353","1","3300","3300","3300"
"7992","2026-09-25T05:00:00.000Z","SKU0354","2","1800","3600","3600"
"8016","2026-09-25T05:00:00.000Z","SKU0355","3","2300","6900","6900"
"8041","2026-09-25T05:00:00.000Z","SKU0356","4","4800","19200","19200"
"8066","2026-09-25T05:00:00.000Z","SKU0357","5","2800","14000","14000"
"8090","2026-09-25T05:00:00.000Z","SKU0358","6","3800","22800","22800"
"8115","2026-09-25T05:00:00.000Z","SKU0359","7","800","5600","5600"
"8163","2026-09-25T05:00:00.000Z","SKU0361","1","1100","1100","1100"
"8188","2026-09-25T05:00:00.000Z","SKU0362","2","1300","2600","2600"
"8212","2026-09-25T05:00:00.000Z","SKU0363","3","3300","9900","9900"
"8237","2026-09-25T05:00:00.000Z","SKU0365","5","2300","11500","11500"
"8261","2026-09-25T05:00:00.000Z","SKU0366","6","4800","28800","28800"
"8286","2026-09-25T05:00:00.000Z","SKU0367","7","2800","19600","19600"
"8334","2026-09-25T05:00:00.000Z","SKU0369","1","800","800","800"
"8359","2026-09-25T05:00:00.000Z","SKU0370","2","3100","6200","6200"
"8383","2026-09-25T05:00:00.000Z","SKU0371","3","1100","3300","3300"
"8408","2026-09-25T05:00:00.000Z","SKU0372","4","1300","5200","5200"
"8433","2026-09-25T05:00:00.000Z","SKU0373","5","3300","16500","16500"
"8457","2026-09-25T05:00:00.000Z","SKU0374","6","1800","10800","10800"
"8482","2026-09-25T05:00:00.000Z","SKU0375","7","2300","16100","16100"
"8530","2026-09-25T05:00:00.000Z","SKU0378","2","3800","7600","7600"
"8554","2026-09-25T05:00:00.000Z","SKU0379","3","800","2400","2400"
"8579","2026-09-25T05:00:00.000Z","SKU0380","4","3100","12400","12400"
"8604","2026-09-25T05:00:00.000Z","SKU0381","5","1100","5500","5500"
"8628","2026-09-25T05:00:00.000Z","SKU0382","6","1300","7800","7800"
"8653","2026-09-25T05:00:00.000Z","SKU0383","7","3300","23100","23100"
"8701","2026-09-25T05:00:00.000Z","SKU0385","1","2300","2300","2300"
"8726","2026-09-25T05:00:00.000Z","SKU0386","2","4800","9600","9600"
"8750","2026-09-25T05:00:00.000Z","SKU0387","3","2800","8400","8400"
"8775","2026-09-25T05:00:00.000Z","SKU0388","4","3800","15200","15200"
"8800","2026-09-25T05:00:00.000Z","SKU0389","5","800","4000","4000"
"8824","2026-09-25T05:00:00.000Z","SKU0391","7","1100","7700","7700"
"8872","2026-09-25T05:00:00.000Z","SKU0393","1","3300","3300","3300"
"8897","2026-09-25T05:00:00.000Z","SKU0394","2","1800","3600","3600"
"8921","2026-09-25T05:00:00.000Z","SKU0395","3","2300","6900","6900"
"8946","2026-09-25T05:00:00.000Z","SKU0396","4","4800","19200","19200"
"8971","2026-09-25T05:00:00.000Z","SKU0397","5","2800","14000","14000"
"8995","2026-09-25T05:00:00.000Z","SKU0398","6","3800","22800","22800"
"9020","2026-09-25T05:00:00.000Z","SKU0399","7","800","5600","5600"
"9068","2026-09-25T05:00:00.000Z","SKU0401","1","1200","1200","1200"
"9093","2026-09-25T05:00:00.000Z","SKU0402","2","1400","2800","2800"
"9117","2026-09-25T05:00:00.000Z","SKU0404","4","1900","7600","7600"
"9142","2026-09-25T05:00:00.000Z","SKU0405","5","2400","12000","12000"
"9166","2026-09-25T05:00:00.000Z","SKU0406","6","4900","29400","29400"
"9191","2026-09-25T05:00:00.000Z","SKU0407","7","2900","20300","20300"
"9239","2026-09-25T05:00:00.000Z","SKU0409","1","900","900","900"
"9264","2026-09-25T05:00:00.000Z","SKU0410","2","3200","6400","6400"
"9288","2026-09-25T05:00:00.000Z","SKU0411","3","1200","3600","3600"
"9313","2026-09-25T05:00:00.000Z","SKU0412","4","1400","5600","5600"
"9338","2026-09-25T05:00:00.000Z","SKU0413","5","3400","17000","17000"
"9362","2026-09-25T05:00:00.000Z","SKU0414","6","1900","11400","11400"
"9387","2026-09-25T05:00:00.000Z","SKU0415","7","2400","16800","16800"
"9411","2026-09-25T05:00:00.000Z","SKU0417","1","2900","2900","2900"
"9436","2026-09-25T05:00:00.000Z","SKU0418","2","3900","7800","7800"
"9460","2026-09-25T05:00:00.000Z","SKU0419","3","900","2700","2700"
"9485","2026-09-25T05:00:00.000Z","SKU0420","4","3200","12800","12800"
"9510","2026-09-25T05:00:00.000Z","SKU0421","5","1200","6000","6000"
"9534","2026-09-25T05:00:00.000Z","SKU0422","6","1400","8400","8400"
"9559","2026-09-25T05:00:00.000Z","SKU0423","7","3400","23800","23800"
"9607","2026-09-25T05:00:00.000Z","SKU0425","1","2400","2400","2400"
"9632","2026-09-25T05:00:00.000Z","SKU0426","2","4900","9800","9800"
"9656","2026-09-25T05:00:00.000Z","SKU0427","3","2900","8700","8700"
"9681","2026-09-25T05:00:00.000Z","SKU0428","4","3900","15600","15600"
"9706","2026-09-25T05:00:00.000Z","SKU0430","6","3200","19200","19200"
"9731","2026-09-25T05:00:00.000Z","SKU0431","7","1200","8400","8400"
"9779","2026-09-25T05:00:00.000Z","SKU0433","1","3400","3400","3400"
"9804","2026-09-25T05:00:00.000Z","SKU0434","2","1900","3800","3800"
"9828","2026-09-25T05:00:00.000Z","SKU0435","3","2400","7200","7200"
"9853","2026-09-25T05:00:00.000Z","SKU0436","4","4900","19600","19600"
"9878","2026-09-25T05:00:00.000Z","SKU0437","5","2900","14500","14500"
"9902","2026-09-25T05:00:00.000Z","SKU0438","6","3900","23400","23400"
"9927","2026-09-25T05:00:00.000Z","SKU0439","7","900","6300","6300"
"9975","2026-09-25T05:00:00.000Z","SKU0441","1","1200","1200","1200"
"10000","2026-09-25T05:00:00.000Z","SKU0443","3","3400","10200","10200"
"10025","2026-09-25T05:00:00.000Z","SKU0444","4","1900","7600","7600"
"10050","2026-09-25T05:00:00.000Z","SKU0445","5","2400","12000","12000"
"10074","2026-09-25T05:00:00.000Z","SKU0446","6","4900","29400","29400"
"10099","2026-09-25T05:00:00.000Z","SKU0447","7","2900","20300","20300"
"10147","2026-09-25T05:00:00.000Z","SKU0449","1","900","900","900"
"10172","2026-09-25T05:00:00.000Z","SKU0450","2","3200","6400","6400"
"10196","2026-09-25T05:00:00.000Z","SKU0451","3","1200","3600","3600"
"10221","2026-09-25T05:00:00.000Z","SKU0452","4","1400","5600","5600"
"10246","2026-09-25T05:00:00.000Z","SKU0453","5","3400","17000","17000"
"10270","2026-09-25T05:00:00.000Z","SKU0454","6","1900","11400","11400"
"10319","2026-09-25T05:00:00.000Z","SKU0457","1","2900","2900","2900"
"10344","2026-09-25T05:00:00.000Z","SKU0458","2","3900","7800","7800"
"10368","2026-09-25T05:00:00.000Z","SKU0459","3","900","2700","2700"
"10393","2026-09-25T05:00:00.000Z","SKU0460","4","3200","12800","12800"
"10418","2026-09-25T05:00:00.000Z","SKU0461","5","1200","6000","6000"
"10442","2026-09-25T05:00:00.000Z","SKU0462","6","1400","8400","8400"
"10467","2026-09-25T05:00:00.000Z","SKU0463","7","3400","23800","23800"
"10515","2026-09-25T05:00:00.000Z","SKU0465","1","2400","2400","2400"
"10540","2026-09-25T05:00:00.000Z","SKU0466","2","4900","9800","9800"
"10564","2026-09-25T05:00:00.000Z","SKU0467","3","2900","8700","8700"
"10589","2026-09-25T05:00:00.000Z","SKU0469","5","900","4500","4500"
"10613","2026-09-25T05:00:00.000Z","SKU0470","6","3200","19200","19200"
"10638","2026-09-25T05:00:00.000Z","SKU0471","7","1200","8400","8400"
"10686","2026-09-25T05:00:00.000Z","SKU0473","1","3400","3400","3400"
"10711","2026-09-25T05:00:00.000Z","SKU0474","2","1900","3800","3800"
"10735","2026-09-25T05:00:00.000Z","SKU0475","3","2400","7200","7200"
"10760","2026-09-25T05:00:00.000Z","SKU0476","4","4900","19600","19600"
"10785","2026-09-25T05:00:00.000Z","SKU0477","5","2900","14500","14500"
"10809","2026-09-25T05:00:00.000Z","SKU0478","6","3900","23400","23400"
"10834","2026-09-25T05:00:00.000Z","SKU0479","7","900","6300","6300"
"10882","2026-09-25T05:00:00.000Z","SKU0482","2","1400","2800","2800"
"10906","2026-09-25T05:00:00.000Z","SKU0483","3","3400","10200","10200"
"10931","2026-09-25T05:00:00.000Z","SKU0484","4","1900","7600","7600"
"10956","2026-09-25T05:00:00.000Z","SKU0485","5","2400","12000","12000"
"10980","2026-09-25T05:00:00.000Z","SKU0486","6","4900","29400","29400"
"11005","2026-09-25T05:00:00.000Z","SKU0487","7","2900","20300","20300"
"11053","2026-09-25T05:00:00.000Z","SKU0489","1","900","900","900"
"11078","2026-09-25T05:00:00.000Z","SKU0490","2","3200","6400","6400"
"11102","2026-09-25T05:00:00.000Z","SKU0491","3","1200","3600","3600"
"11127","2026-09-25T05:00:00.000Z","SKU0492","4","1400","5600","5600"
"11152","2026-09-25T05:00:00.000Z","SKU0493","5","3400","17000","17000"
"11176","2026-09-25T05:00:00.000Z","SKU0495","7","2400","16800","16800"
"11224","2026-09-25T05:00:00.000Z","SKU0497","1","2900","2900","2900"
"11249","2026-09-25T05:00:00.000Z","SKU0498","2","3900","7800","7800"
"11273","2026-09-25T05:00:00.000Z","SKU0499","3","900","2700","2700"
"18","2026-09-26T05:00:00.000Z","SKU0001","4","800","3200","3200"
"46","2026-09-26T05:00:00.000Z","SKU0002","8","1000","8000","8000"
"78","2026-09-26T05:00:00.000Z","SKU0004","7","1500","10500","10500"
"127","2026-09-26T05:00:00.000Z","SKU0006","1","4500","4500","4500"
"152","2026-09-26T05:00:00.000Z","SKU0007","2","2500","5000","5000"
"175","2026-09-26T05:00:00.000Z","SKU0008","3","3500","10500","10500"
"200","2026-09-26T05:00:00.000Z","SKU0009","4","500","2000","2000"
"225","2026-09-26T05:00:00.000Z","SKU0010","5","2800","14000","14000"
"249","2026-09-26T05:00:00.000Z","SKU0011","6","800","4800","4800"
"274","2026-09-26T05:00:00.000Z","SKU0012","7","1000","7000","7000"
"299","2026-09-26T05:00:00.000Z","SKU0014","1","1500","1500","1500"
"324","2026-09-26T05:00:00.000Z","SKU0015","2","2000","4000","4000"
"347","2026-09-26T05:00:00.000Z","SKU0016","3","4500","13500","13500"
"372","2026-09-26T05:00:00.000Z","SKU0017","4","2500","10000","10000"
"397","2026-09-26T05:00:00.000Z","SKU0018","5","3500","17500","17500"
"421","2026-09-26T05:00:00.000Z","SKU0019","6","500","3000","3000"
"446","2026-09-26T05:00:00.000Z","SKU0020","7","2800","19600","19600"
"495","2026-09-26T05:00:00.000Z","SKU0022","1","1000","1000","1000"
"520","2026-09-26T05:00:00.000Z","SKU0023","2","3000","6000","6000"
"543","2026-09-26T05:00:00.000Z","SKU0024","3","1500","4500","4500"
"568","2026-09-26T05:00:00.000Z","SKU0025","4","2000","8000","8000"
"593","2026-09-26T05:00:00.000Z","SKU0027","6","2500","15000","15000"
"618","2026-09-26T05:00:00.000Z","SKU0028","7","3500","24500","24500"
"667","2026-09-26T05:00:00.000Z","SKU0030","1","2800","2800","2800"
"692","2026-09-26T05:00:00.000Z","SKU0031","2","800","1600","1600"
"715","2026-09-26T05:00:00.000Z","SKU0032","3","1000","3000","3000"
"740","2026-09-26T05:00:00.000Z","SKU0033","4","3000","12000","12000"
"765","2026-09-26T05:00:00.000Z","SKU0034","5","1500","7500","7500"
"789","2026-09-26T05:00:00.000Z","SKU0035","6","2000","12000","12000"
"814","2026-09-26T05:00:00.000Z","SKU0036","7","4500","31500","31500"
"863","2026-09-26T05:00:00.000Z","SKU0038","1","3500","3500","3500"
"887","2026-09-26T05:00:00.000Z","SKU0040","3","2800","8400","8400"
"912","2026-09-26T05:00:00.000Z","SKU0041","4","800","3200","3200"
"937","2026-09-26T05:00:00.000Z","SKU0042","5","1000","5000","5000"
"961","2026-09-26T05:00:00.000Z","SKU0043","6","3000","18000","18000"
"986","2026-09-26T05:00:00.000Z","SKU0044","7","1500","10500","10500"
"1035","2026-09-26T05:00:00.000Z","SKU0046","1","4500","4500","4500"
"1060","2026-09-26T05:00:00.000Z","SKU0047","2","2500","5000","5000"
"1083","2026-09-26T05:00:00.000Z","SKU0048","3","3500","10500","10500"
"1108","2026-09-26T05:00:00.000Z","SKU0049","4","500","2000","2000"
"1133","2026-09-26T05:00:00.000Z","SKU0050","5","2800","14000","14000"
"1157","2026-09-26T05:00:00.000Z","SKU0051","6","800","4800","4800"
"1206","2026-09-26T05:00:00.000Z","SKU0054","1","1500","1500","1500"
"1231","2026-09-26T05:00:00.000Z","SKU0055","2","2000","4000","4000"
"1254","2026-09-26T05:00:00.000Z","SKU0056","3","4500","13500","13500"
"1279","2026-09-26T05:00:00.000Z","SKU0057","4","2500","10000","10000"
"1304","2026-09-26T05:00:00.000Z","SKU0058","5","3500","17500","17500"
"1328","2026-09-26T05:00:00.000Z","SKU0059","6","500","3000","3000"
"1353","2026-09-26T05:00:00.000Z","SKU0060","7","2800","19600","19600"
"1402","2026-09-26T05:00:00.000Z","SKU0062","1","1000","1000","1000"
"1427","2026-09-26T05:00:00.000Z","SKU0063","2","3000","6000","6000"
"1450","2026-09-26T05:00:00.000Z","SKU0064","3","1500","4500","4500"
"1475","2026-09-26T05:00:00.000Z","SKU0066","5","4500","22500","22500"
"1499","2026-09-26T05:00:00.000Z","SKU0067","6","2500","15000","15000"
"1524","2026-09-26T05:00:00.000Z","SKU0068","7","3500","24500","24500"
"1573","2026-09-26T05:00:00.000Z","SKU0070","1","2800","2800","2800"
"1598","2026-09-26T05:00:00.000Z","SKU0071","2","800","1600","1600"
"1621","2026-09-26T05:00:00.000Z","SKU0072","3","1000","3000","3000"
"1646","2026-09-26T05:00:00.000Z","SKU0073","4","3000","12000","12000"
"1671","2026-09-26T05:00:00.000Z","SKU0074","5","1500","7500","7500"
"1695","2026-09-26T05:00:00.000Z","SKU0075","6","2000","12000","12000"
"1720","2026-09-26T05:00:00.000Z","SKU0076","7","4500","31500","31500"
"1769","2026-09-26T05:00:00.000Z","SKU0079","2","500","1000","1000"
"1792","2026-09-26T05:00:00.000Z","SKU0080","3","2800","8400","8400"
"1817","2026-09-26T05:00:00.000Z","SKU0081","4","800","3200","3200"
"1842","2026-09-26T05:00:00.000Z","SKU0082","5","1000","5000","5000"
"1866","2026-09-26T05:00:00.000Z","SKU0083","6","3000","18000","18000"
"1891","2026-09-26T05:00:00.000Z","SKU0084","7","1500","10500","10500"
"1940","2026-09-26T05:00:00.000Z","SKU0086","1","4500","4500","4500"
"1965","2026-09-26T05:00:00.000Z","SKU0087","2","2500","5000","5000"
"1988","2026-09-26T05:00:00.000Z","SKU0088","3","3500","10500","10500"
"2013","2026-09-26T05:00:00.000Z","SKU0089","4","500","2000","2000"
"2038","2026-09-26T05:00:00.000Z","SKU0090","5","2800","14000","14000"
"2062","2026-09-26T05:00:00.000Z","SKU0092","7","1000","7000","7000"
"2111","2026-09-26T05:00:00.000Z","SKU0094","1","1500","1500","1500"
"2136","2026-09-26T05:00:00.000Z","SKU0095","2","2000","4000","4000"
"2159","2026-09-26T05:00:00.000Z","SKU0096","3","4500","13500","13500"
"2184","2026-09-26T05:00:00.000Z","SKU0097","4","2500","10000","10000"
"2209","2026-09-26T05:00:00.000Z","SKU0098","5","3500","17500","17500"
"2233","2026-09-26T05:00:00.000Z","SKU0099","6","500","3000","3000"
"2258","2026-09-26T05:00:00.000Z","SKU0100","7","2900","20300","20300"
"2307","2026-09-26T05:00:00.000Z","SKU0102","1","1100","1100","1100"
"2332","2026-09-26T05:00:00.000Z","SKU0103","2","3100","6200","6200"
"2356","2026-09-26T05:00:00.000Z","SKU0105","4","2100","8400","8400"
"2381","2026-09-26T05:00:00.000Z","SKU0106","5","4600","23000","23000"
"2405","2026-09-26T05:00:00.000Z","SKU0107","6","2600","15600","15600"
"2430","2026-09-26T05:00:00.000Z","SKU0108","7","3600","25200","25200"
"2479","2026-09-26T05:00:00.000Z","SKU0110","1","2900","2900","2900"
"2504","2026-09-26T05:00:00.000Z","SKU0111","2","900","1800","1800"
"2527","2026-09-26T05:00:00.000Z","SKU0112","3","1100","3300","3300"
"2552","2026-09-26T05:00:00.000Z","SKU0113","4","3100","12400","12400"
"2577","2026-09-26T05:00:00.000Z","SKU0114","5","1600","8000","8000"
"2601","2026-09-26T05:00:00.000Z","SKU0115","6","2100","12600","12600"
"2626","2026-09-26T05:00:00.000Z","SKU0116","7","4600","32200","32200"
"2651","2026-09-26T05:00:00.000Z","SKU0118","1","3600","3600","3600"
"2676","2026-09-26T05:00:00.000Z","SKU0119","2","600","1200","1200"
"2699","2026-09-26T05:00:00.000Z","SKU0120","3","2900","8700","8700"
"2724","2026-09-26T05:00:00.000Z","SKU0121","4","900","3600","3600"
"2749","2026-09-26T05:00:00.000Z","SKU0122","5","1100","5500","5500"
"2773","2026-09-26T05:00:00.000Z","SKU0123","6","3100","18600","18600"
"2798","2026-09-26T05:00:00.000Z","SKU0124","7","1600","11200","11200"
"2847","2026-09-26T05:00:00.000Z","SKU0126","1","4600","4600","4600"
"2872","2026-09-26T05:00:00.000Z","SKU0127","2","2600","5200","5200"
"2895","2026-09-26T05:00:00.000Z","SKU0128","3","3600","10800","10800"
"2920","2026-09-26T05:00:00.000Z","SKU0129","4","600","2400","2400"
"2945","2026-09-26T05:00:00.000Z","SKU0131","6","900","5400","5400"
"2970","2026-09-26T05:00:00.000Z","SKU0132","7","1100","7700","7700"
"3019","2026-09-26T05:00:00.000Z","SKU0134","1","1600","1600","1600"
"3044","2026-09-26T05:00:00.000Z","SKU0135","2","2100","4200","4200"
"3067","2026-09-26T05:00:00.000Z","SKU0136","3","4600","13800","13800"
"3092","2026-09-26T05:00:00.000Z","SKU0137","4","2600","10400","10400"
"3117","2026-09-26T05:00:00.000Z","SKU0138","5","3600","18000","18000"
"3141","2026-09-26T05:00:00.000Z","SKU0139","6","600","3600","3600"
"3166","2026-09-26T05:00:00.000Z","SKU0140","7","2900","20300","20300"
"3215","2026-09-26T05:00:00.000Z","SKU0142","1","1100","1100","1100"
"3239","2026-09-26T05:00:00.000Z","SKU0144","3","1600","4800","4800"
"3264","2026-09-26T05:00:00.000Z","SKU0145","4","2100","8400","8400"
"3289","2026-09-26T05:00:00.000Z","SKU0146","5","4600","23000","23000"
"3313","2026-09-26T05:00:00.000Z","SKU0147","6","2600","15600","15600"
"3338","2026-09-26T05:00:00.000Z","SKU0148","7","3600","25200","25200"
"3387","2026-09-26T05:00:00.000Z","SKU0150","1","2900","2900","2900"
"3412","2026-09-26T05:00:00.000Z","SKU0151","2","900","1800","1800"
"3435","2026-09-26T05:00:00.000Z","SKU0152","3","1100","3300","3300"
"3460","2026-09-26T05:00:00.000Z","SKU0153","4","3100","12400","12400"
"3485","2026-09-26T05:00:00.000Z","SKU0154","5","1600","8000","8000"
"3509","2026-09-26T05:00:00.000Z","SKU0155","6","2100","12600","12600"
"3558","2026-09-26T05:00:00.000Z","SKU0158","1","3600","3600","3600"
"3583","2026-09-26T05:00:00.000Z","SKU0159","2","600","1200","1200"
"3606","2026-09-26T05:00:00.000Z","SKU0160","3","2900","8700","8700"
"3631","2026-09-26T05:00:00.000Z","SKU0161","4","900","3600","3600"
"3656","2026-09-26T05:00:00.000Z","SKU0162","5","1100","5500","5500"
"3680","2026-09-26T05:00:00.000Z","SKU0163","6","3100","18600","18600"
"3705","2026-09-26T05:00:00.000Z","SKU0164","7","1600","11200","11200"
"3754","2026-09-26T05:00:00.000Z","SKU0166","1","4600","4600","4600"
"3779","2026-09-26T05:00:00.000Z","SKU0167","2","2600","5200","5200"
"3802","2026-09-26T05:00:00.000Z","SKU0168","3","3600","10800","10800"
"3827","2026-09-26T05:00:00.000Z","SKU0170","5","2900","14500","14500"
"3851","2026-09-26T05:00:00.000Z","SKU0171","6","900","5400","5400"
"3876","2026-09-26T05:00:00.000Z","SKU0172","7","1100","7700","7700"
"3925","2026-09-26T05:00:00.000Z","SKU0174","1","1600","1600","1600"
"3950","2026-09-26T05:00:00.000Z","SKU0175","2","2100","4200","4200"
"3973","2026-09-26T05:00:00.000Z","SKU0176","3","4600","13800","13800"
"3998","2026-09-26T05:00:00.000Z","SKU0177","4","2600","10400","10400"
"4023","2026-09-26T05:00:00.000Z","SKU0178","5","3600","18000","18000"
"4047","2026-09-26T05:00:00.000Z","SKU0179","6","600","3600","3600"
"4072","2026-09-26T05:00:00.000Z","SKU0180","7","2900","20300","20300"
"4121","2026-09-26T05:00:00.000Z","SKU0183","2","3100","6200","6200"
"4144","2026-09-26T05:00:00.000Z","SKU0184","3","1600","4800","4800"
"4169","2026-09-26T05:00:00.000Z","SKU0185","4","2100","8400","8400"
"4194","2026-09-26T05:00:00.000Z","SKU0186","5","4600","23000","23000"
"4218","2026-09-26T05:00:00.000Z","SKU0187","6","2600","15600","15600"
"4243","2026-09-26T05:00:00.000Z","SKU0188","7","3600","25200","25200"
"4292","2026-09-26T05:00:00.000Z","SKU0190","1","2900","2900","2900"
"4317","2026-09-26T05:00:00.000Z","SKU0191","2","900","1800","1800"
"4340","2026-09-26T05:00:00.000Z","SKU0192","3","1100","3300","3300"
"4365","2026-09-26T05:00:00.000Z","SKU0193","4","3100","12400","12400"
"4390","2026-09-26T05:00:00.000Z","SKU0194","5","1600","8000","8000"
"4414","2026-09-26T05:00:00.000Z","SKU0196","7","4600","32200","32200"
"4463","2026-09-26T05:00:00.000Z","SKU0198","1","3600","3600","3600"
"4488","2026-09-26T05:00:00.000Z","SKU0199","2","600","1200","1200"
"4511","2026-09-26T05:00:00.000Z","SKU0200","3","3000","9000","9000"
"4536","2026-09-26T05:00:00.000Z","SKU0201","4","1000","4000","4000"
"4561","2026-09-26T05:00:00.000Z","SKU0202","5","1200","6000","6000"
"4585","2026-09-26T05:00:00.000Z","SKU0203","6","3200","19200","19200"
"4610","2026-09-26T05:00:00.000Z","SKU0204","7","1700","11900","11900"
"4659","2026-09-26T05:00:00.000Z","SKU0206","1","4700","4700","4700"
"4684","2026-09-26T05:00:00.000Z","SKU0207","2","2700","5400","5400"
"4708","2026-09-26T05:00:00.000Z","SKU0209","4","700","2800","2800"
"4733","2026-09-26T05:00:00.000Z","SKU0210","5","3000","15000","15000"
"4757","2026-09-26T05:00:00.000Z","SKU0211","6","1000","6000","6000"
"4782","2026-09-26T05:00:00.000Z","SKU0212","7","1200","8400","8400"
"4831","2026-09-26T05:00:00.000Z","SKU0214","1","1700","1700","1700"
"4856","2026-09-26T05:00:00.000Z","SKU0215","2","2200","4400","4400"
"4879","2026-09-26T05:00:00.000Z","SKU0216","3","4700","14100","14100"
"4904","2026-09-26T05:00:00.000Z","SKU0217","4","2700","10800","10800"
"4929","2026-09-26T05:00:00.000Z","SKU0218","5","3700","18500","18500"
"4953","2026-09-26T05:00:00.000Z","SKU0219","6","700","4200","4200"
"4978","2026-09-26T05:00:00.000Z","SKU0220","7","3000","21000","21000"
"5003","2026-09-26T05:00:00.000Z","SKU0222","1","1200","1200","1200"
"5028","2026-09-26T05:00:00.000Z","SKU0223","2","3200","6400","6400"
"5051","2026-09-26T05:00:00.000Z","SKU0224","3","1700","5100","5100"
"5076","2026-09-26T05:00:00.000Z","SKU0225","4","2200","8800","8800"
"5101","2026-09-26T05:00:00.000Z","SKU0226","5","4700","23500","23500"
"5125","2026-09-26T05:00:00.000Z","SKU0227","6","2700","16200","16200"
"5150","2026-09-26T05:00:00.000Z","SKU0228","7","3700","25900","25900"
"5199","2026-09-26T05:00:00.000Z","SKU0230","1","3000","3000","3000"
"5224","2026-09-26T05:00:00.000Z","SKU0231","2","1000","2000","2000"
"5247","2026-09-26T05:00:00.000Z","SKU0232","3","1200","3600","3600"
"5272","2026-09-26T05:00:00.000Z","SKU0233","4","3200","12800","12800"
"5297","2026-09-26T05:00:00.000Z","SKU0235","6","2200","13200","13200"
"5322","2026-09-26T05:00:00.000Z","SKU0236","7","4700","32900","32900"
"5371","2026-09-26T05:00:00.000Z","SKU0238","1","3700","3700","3700"
"5396","2026-09-26T05:00:00.000Z","SKU0239","2","700","1400","1400"
"5419","2026-09-26T05:00:00.000Z","SKU0240","3","3000","9000","9000"
"5444","2026-09-26T05:00:00.000Z","SKU0241","4","1000","4000","4000"
"5469","2026-09-26T05:00:00.000Z","SKU0242","5","1200","6000","6000"
"5493","2026-09-26T05:00:00.000Z","SKU0243","6","3200","19200","19200"
"5518","2026-09-26T05:00:00.000Z","SKU0244","7","1700","11900","11900"
"5567","2026-09-26T05:00:00.000Z","SKU0246","1","4700","4700","4700"
"5591","2026-09-26T05:00:00.000Z","SKU0248","3","3700","11100","11100"
"5616","2026-09-26T05:00:00.000Z","SKU0249","4","700","2800","2800"
"5641","2026-09-26T05:00:00.000Z","SKU0250","5","3000","15000","15000"
"5665","2026-09-26T05:00:00.000Z","SKU0251","6","1000","6000","6000"
"5690","2026-09-26T05:00:00.000Z","SKU0252","7","1200","8400","8400"
"5739","2026-09-26T05:00:00.000Z","SKU0254","1","1700","1700","1700"
"5764","2026-09-26T05:00:00.000Z","SKU0255","2","2200","4400","4400"
"5787","2026-09-26T05:00:00.000Z","SKU0256","3","4700","14100","14100"
"5812","2026-09-26T05:00:00.000Z","SKU0257","4","2700","10800","10800"
"5837","2026-09-26T05:00:00.000Z","SKU0258","5","3700","18500","18500"
"5861","2026-09-26T05:00:00.000Z","SKU0259","6","700","4200","4200"
"5910","2026-09-26T05:00:00.000Z","SKU0262","1","1200","1200","1200"
"5935","2026-09-26T05:00:00.000Z","SKU0263","2","3200","6400","6400"
"5958","2026-09-26T05:00:00.000Z","SKU0264","3","1700","5100","5100"
"5983","2026-09-26T05:00:00.000Z","SKU0265","4","2200","8800","8800"
"6008","2026-09-26T05:00:00.000Z","SKU0266","5","4700","23500","23500"
"6032","2026-09-26T05:00:00.000Z","SKU0267","6","2700","16200","16200"
"6057","2026-09-26T05:00:00.000Z","SKU0268","7","3700","25900","25900"
"6106","2026-09-26T05:00:00.000Z","SKU0270","1","3000","3000","3000"
"6131","2026-09-26T05:00:00.000Z","SKU0271","2","1000","2000","2000"
"6154","2026-09-26T05:00:00.000Z","SKU0272","3","1200","3600","3600"
"6179","2026-09-26T05:00:00.000Z","SKU0274","5","1700","8500","8500"
"6203","2026-09-26T05:00:00.000Z","SKU0275","6","2200","13200","13200"
"6228","2026-09-26T05:00:00.000Z","SKU0276","7","4700","32900","32900"
"6277","2026-09-26T05:00:00.000Z","SKU0278","1","3700","3700","3700"
"6302","2026-09-26T05:00:00.000Z","SKU0279","2","700","1400","1400"
"6325","2026-09-26T05:00:00.000Z","SKU0280","3","3000","9000","9000"
"6350","2026-09-26T05:00:00.000Z","SKU0281","4","1000","4000","4000"
"6375","2026-09-26T05:00:00.000Z","SKU0282","5","1200","6000","6000"
"6399","2026-09-26T05:00:00.000Z","SKU0283","6","3200","19200","19200"
"6424","2026-09-26T05:00:00.000Z","SKU0284","7","1700","11900","11900"
"6473","2026-09-26T05:00:00.000Z","SKU0287","2","2700","5400","5400"
"6496","2026-09-26T05:00:00.000Z","SKU0288","3","3700","11100","11100"
"6521","2026-09-26T05:00:00.000Z","SKU0289","4","700","2800","2800"
"6546","2026-09-26T05:00:00.000Z","SKU0290","5","3000","15000","15000"
"6570","2026-09-26T05:00:00.000Z","SKU0291","6","1000","6000","6000"
"6595","2026-09-26T05:00:00.000Z","SKU0292","7","1200","8400","8400"
"6644","2026-09-26T05:00:00.000Z","SKU0294","1","1700","1700","1700"
"6669","2026-09-26T05:00:00.000Z","SKU0295","2","2200","4400","4400"
"6692","2026-09-26T05:00:00.000Z","SKU0296","3","4700","14100","14100"
"6717","2026-09-26T05:00:00.000Z","SKU0297","4","2700","10800","10800"
"6742","2026-09-26T05:00:00.000Z","SKU0298","5","3700","18500","18500"
"6766","2026-09-26T05:00:00.000Z","SKU0300","7","3100","21700","21700"
"6815","2026-09-26T05:00:00.000Z","SKU0302","1","1300","1300","1300"
"6840","2026-09-26T05:00:00.000Z","SKU0303","2","3300","6600","6600"
"6863","2026-09-26T05:00:00.000Z","SKU0304","3","1800","5400","5400"
"6888","2026-09-26T05:00:00.000Z","SKU0305","4","2300","9200","9200"
"6913","2026-09-26T05:00:00.000Z","SKU0306","5","4800","24000","24000"
"6937","2026-09-26T05:00:00.000Z","SKU0307","6","2800","16800","16800"
"6962","2026-09-26T05:00:00.000Z","SKU0308","7","3800","26600","26600"
"7011","2026-09-26T05:00:00.000Z","SKU0310","1","3100","3100","3100"
"7036","2026-09-26T05:00:00.000Z","SKU0311","2","1100","2200","2200"
"7060","2026-09-26T05:00:00.000Z","SKU0313","4","3300","13200","13200"
"7085","2026-09-26T05:00:00.000Z","SKU0314","5","1800","9000","9000"
"7109","2026-09-26T05:00:00.000Z","SKU0315","6","2300","13800","13800"
"7134","2026-09-26T05:00:00.000Z","SKU0316","7","4800","33600","33600"
"7183","2026-09-26T05:00:00.000Z","SKU0318","1","3800","3800","3800"
"7208","2026-09-26T05:00:00.000Z","SKU0319","2","800","1600","1600"
"7231","2026-09-26T05:00:00.000Z","SKU0320","3","3100","9300","9300"
"7256","2026-09-26T05:00:00.000Z","SKU0321","4","1100","4400","4400"
"7281","2026-09-26T05:00:00.000Z","SKU0322","5","1300","6500","6500"
"7305","2026-09-26T05:00:00.000Z","SKU0323","6","3300","19800","19800"
"7330","2026-09-26T05:00:00.000Z","SKU0324","7","1800","12600","12600"
"7355","2026-09-26T05:00:00.000Z","SKU0326","1","4800","4800","4800"
"7380","2026-09-26T05:00:00.000Z","SKU0327","2","2800","5600","5600"
"7403","2026-09-26T05:00:00.000Z","SKU0328","3","3800","11400","11400"
"7428","2026-09-26T05:00:00.000Z","SKU0329","4","800","3200","3200"
"7453","2026-09-26T05:00:00.000Z","SKU0330","5","3100","15500","15500"
"7477","2026-09-26T05:00:00.000Z","SKU0331","6","1100","6600","6600"
"7502","2026-09-26T05:00:00.000Z","SKU0332","7","1300","9100","9100"
"7551","2026-09-26T05:00:00.000Z","SKU0334","1","1800","1800","1800"
"7576","2026-09-26T05:00:00.000Z","SKU0335","2","2300","4600","4600"
"7599","2026-09-26T05:00:00.000Z","SKU0336","3","4800","14400","14400"
"7624","2026-09-26T05:00:00.000Z","SKU0337","4","2800","11200","11200"
"7649","2026-09-26T05:00:00.000Z","SKU0339","6","800","4800","4800"
"7674","2026-09-26T05:00:00.000Z","SKU0340","7","3100","21700","21700"
"7723","2026-09-26T05:00:00.000Z","SKU0342","1","1300","1300","1300"
"7748","2026-09-26T05:00:00.000Z","SKU0343","2","3300","6600","6600"
"7771","2026-09-26T05:00:00.000Z","SKU0344","3","1800","5400","5400"
"7796","2026-09-26T05:00:00.000Z","SKU0345","4","2300","9200","9200"
"7821","2026-09-26T05:00:00.000Z","SKU0346","5","4800","24000","24000"
"7845","2026-09-26T05:00:00.000Z","SKU0347","6","2800","16800","16800"
"7870","2026-09-26T05:00:00.000Z","SKU0348","7","3800","26600","26600"
"7919","2026-09-26T05:00:00.000Z","SKU0350","1","3100","3100","3100"
"7943","2026-09-26T05:00:00.000Z","SKU0352","3","1300","3900","3900"
"7968","2026-09-26T05:00:00.000Z","SKU0353","4","3300","13200","13200"
"7993","2026-09-26T05:00:00.000Z","SKU0354","5","1800","9000","9000"
"8017","2026-09-26T05:00:00.000Z","SKU0355","6","2300","13800","13800"
"8042","2026-09-26T05:00:00.000Z","SKU0356","7","4800","33600","33600"
"8091","2026-09-26T05:00:00.000Z","SKU0358","1","3800","3800","3800"
"8116","2026-09-26T05:00:00.000Z","SKU0359","2","800","1600","1600"
"8139","2026-09-26T05:00:00.000Z","SKU0360","3","3100","9300","9300"
"8164","2026-09-26T05:00:00.000Z","SKU0361","4","1100","4400","4400"
"8189","2026-09-26T05:00:00.000Z","SKU0362","5","1300","6500","6500"
"8213","2026-09-26T05:00:00.000Z","SKU0363","6","3300","19800","19800"
"8262","2026-09-26T05:00:00.000Z","SKU0366","1","4800","4800","4800"
"8287","2026-09-26T05:00:00.000Z","SKU0367","2","2800","5600","5600"
"8310","2026-09-26T05:00:00.000Z","SKU0368","3","3800","11400","11400"
"8335","2026-09-26T05:00:00.000Z","SKU0369","4","800","3200","3200"
"8360","2026-09-26T05:00:00.000Z","SKU0370","5","3100","15500","15500"
"8384","2026-09-26T05:00:00.000Z","SKU0371","6","1100","6600","6600"
"8409","2026-09-26T05:00:00.000Z","SKU0372","7","1300","9100","9100"
"8458","2026-09-26T05:00:00.000Z","SKU0374","1","1800","1800","1800"
"8483","2026-09-26T05:00:00.000Z","SKU0375","2","2300","4600","4600"
"8506","2026-09-26T05:00:00.000Z","SKU0376","3","4800","14400","14400"
"8531","2026-09-26T05:00:00.000Z","SKU0378","5","3800","19000","19000"
"8555","2026-09-26T05:00:00.000Z","SKU0379","6","800","4800","4800"
"8580","2026-09-26T05:00:00.000Z","SKU0380","7","3100","21700","21700"
"8629","2026-09-26T05:00:00.000Z","SKU0382","1","1300","1300","1300"
"8654","2026-09-26T05:00:00.000Z","SKU0383","2","3300","6600","6600"
"8677","2026-09-26T05:00:00.000Z","SKU0384","3","1800","5400","5400"
"8702","2026-09-26T05:00:00.000Z","SKU0385","4","2300","9200","9200"
"8727","2026-09-26T05:00:00.000Z","SKU0386","5","4800","24000","24000"
"8751","2026-09-26T05:00:00.000Z","SKU0387","6","2800","16800","16800"
"8776","2026-09-26T05:00:00.000Z","SKU0388","7","3800","26600","26600"
"8825","2026-09-26T05:00:00.000Z","SKU0391","2","1100","2200","2200"
"8848","2026-09-26T05:00:00.000Z","SKU0392","3","1300","3900","3900"
"8873","2026-09-26T05:00:00.000Z","SKU0393","4","3300","13200","13200"
"8898","2026-09-26T05:00:00.000Z","SKU0394","5","1800","9000","9000"
"8922","2026-09-26T05:00:00.000Z","SKU0395","6","2300","13800","13800"
"8947","2026-09-26T05:00:00.000Z","SKU0396","7","4800","33600","33600"
"8996","2026-09-26T05:00:00.000Z","SKU0398","1","3800","3800","3800"
"9021","2026-09-26T05:00:00.000Z","SKU0399","2","800","1600","1600"
"9044","2026-09-26T05:00:00.000Z","SKU0400","3","3200","9600","9600"
"9069","2026-09-26T05:00:00.000Z","SKU0401","4","1200","4800","4800"
"9094","2026-09-26T05:00:00.000Z","SKU0402","5","1400","7000","7000"
"9118","2026-09-26T05:00:00.000Z","SKU0404","7","1900","13300","13300"
"9167","2026-09-26T05:00:00.000Z","SKU0406","1","4900","4900","4900"
"9192","2026-09-26T05:00:00.000Z","SKU0407","2","2900","5800","5800"
"9215","2026-09-26T05:00:00.000Z","SKU0408","3","3900","11700","11700"
"9240","2026-09-26T05:00:00.000Z","SKU0409","4","900","3600","3600"
"9265","2026-09-26T05:00:00.000Z","SKU0410","5","3200","16000","16000"
"9289","2026-09-26T05:00:00.000Z","SKU0411","6","1200","7200","7200"
"9314","2026-09-26T05:00:00.000Z","SKU0412","7","1400","9800","9800"
"9363","2026-09-26T05:00:00.000Z","SKU0414","1","1900","1900","1900"
"9388","2026-09-26T05:00:00.000Z","SKU0415","2","2400","4800","4800"
"9412","2026-09-26T05:00:00.000Z","SKU0417","4","2900","11600","11600"
"9437","2026-09-26T05:00:00.000Z","SKU0418","5","3900","19500","19500"
"9461","2026-09-26T05:00:00.000Z","SKU0419","6","900","5400","5400"
"9486","2026-09-26T05:00:00.000Z","SKU0420","7","3200","22400","22400"
"9535","2026-09-26T05:00:00.000Z","SKU0422","1","1400","1400","1400"
"9560","2026-09-26T05:00:00.000Z","SKU0423","2","3400","6800","6800"
"9583","2026-09-26T05:00:00.000Z","SKU0424","3","1900","5700","5700"
"9608","2026-09-26T05:00:00.000Z","SKU0425","4","2400","9600","9600"
"9633","2026-09-26T05:00:00.000Z","SKU0426","5","4900","24500","24500"
"9657","2026-09-26T05:00:00.000Z","SKU0427","6","2900","17400","17400"
"9682","2026-09-26T05:00:00.000Z","SKU0428","7","3900","27300","27300"
"9707","2026-09-26T05:00:00.000Z","SKU0430","1","3200","3200","3200"
"9732","2026-09-26T05:00:00.000Z","SKU0431","2","1200","2400","2400"
"9755","2026-09-26T05:00:00.000Z","SKU0432","3","1400","4200","4200"
"9780","2026-09-26T05:00:00.000Z","SKU0433","4","3400","13600","13600"
"9805","2026-09-26T05:00:00.000Z","SKU0434","5","1900","9500","9500"
"9829","2026-09-26T05:00:00.000Z","SKU0435","6","2400","14400","14400"
"9854","2026-09-26T05:00:00.000Z","SKU0436","7","4900","34300","34300"
"9903","2026-09-26T05:00:00.000Z","SKU0438","1","3900","3900","3900"
"9928","2026-09-26T05:00:00.000Z","SKU0439","2","900","1800","1800"
"9951","2026-09-26T05:00:00.000Z","SKU0440","3","3200","9600","9600"
"9976","2026-09-26T05:00:00.000Z","SKU0441","4","1200","4800","4800"
"10001","2026-09-26T05:00:00.000Z","SKU0443","6","3400","20400","20400"
"10026","2026-09-26T05:00:00.000Z","SKU0444","7","1900","13300","13300"
"10075","2026-09-26T05:00:00.000Z","SKU0446","1","4900","4900","4900"
"10100","2026-09-26T05:00:00.000Z","SKU0447","2","2900","5800","5800"
"10123","2026-09-26T05:00:00.000Z","SKU0448","3","3900","11700","11700"
"10148","2026-09-26T05:00:00.000Z","SKU0449","4","900","3600","3600"
"10173","2026-09-26T05:00:00.000Z","SKU0450","5","3200","16000","16000"
"10197","2026-09-26T05:00:00.000Z","SKU0451","6","1200","7200","7200"
"10222","2026-09-26T05:00:00.000Z","SKU0452","7","1400","9800","9800"
"10271","2026-09-26T05:00:00.000Z","SKU0454","1","1900","1900","1900"
"10295","2026-09-26T05:00:00.000Z","SKU0456","3","4900","14700","14700"
"10320","2026-09-26T05:00:00.000Z","SKU0457","4","2900","11600","11600"
"10345","2026-09-26T05:00:00.000Z","SKU0458","5","3900","19500","19500"
"10369","2026-09-26T05:00:00.000Z","SKU0459","6","900","5400","5400"
"10394","2026-09-26T05:00:00.000Z","SKU0460","7","3200","22400","22400"
"10443","2026-09-26T05:00:00.000Z","SKU0462","1","1400","1400","1400"
"10468","2026-09-26T05:00:00.000Z","SKU0463","2","3400","6800","6800"
"10491","2026-09-26T05:00:00.000Z","SKU0464","3","1900","5700","5700"
"10516","2026-09-26T05:00:00.000Z","SKU0465","4","2400","9600","9600"
"10541","2026-09-26T05:00:00.000Z","SKU0466","5","4900","24500","24500"
"10565","2026-09-26T05:00:00.000Z","SKU0467","6","2900","17400","17400"
"10614","2026-09-26T05:00:00.000Z","SKU0470","1","3200","3200","3200"
"10639","2026-09-26T05:00:00.000Z","SKU0471","2","1200","2400","2400"
"10662","2026-09-26T05:00:00.000Z","SKU0472","3","1400","4200","4200"
"10687","2026-09-26T05:00:00.000Z","SKU0473","4","3400","13600","13600"
"10712","2026-09-26T05:00:00.000Z","SKU0474","5","1900","9500","9500"
"10736","2026-09-26T05:00:00.000Z","SKU0475","6","2400","14400","14400"
"10761","2026-09-26T05:00:00.000Z","SKU0476","7","4900","34300","34300"
"10810","2026-09-26T05:00:00.000Z","SKU0478","1","3900","3900","3900"
"10835","2026-09-26T05:00:00.000Z","SKU0479","2","900","1800","1800"
"10858","2026-09-26T05:00:00.000Z","SKU0480","3","3200","9600","9600"
"10883","2026-09-26T05:00:00.000Z","SKU0482","5","1400","7000","7000"
"10907","2026-09-26T05:00:00.000Z","SKU0483","6","3400","20400","20400"
"10932","2026-09-26T05:00:00.000Z","SKU0484","7","1900","13300","13300"
"10981","2026-09-26T05:00:00.000Z","SKU0486","1","4900","4900","4900"
"11006","2026-09-26T05:00:00.000Z","SKU0487","2","2900","5800","5800"
"11029","2026-09-26T05:00:00.000Z","SKU0488","3","3900","11700","11700"
"11054","2026-09-26T05:00:00.000Z","SKU0489","4","900","3600","3600"
"11079","2026-09-26T05:00:00.000Z","SKU0490","5","3200","16000","16000"
"11103","2026-09-26T05:00:00.000Z","SKU0491","6","1200","7200","7200"
"11128","2026-09-26T05:00:00.000Z","SKU0492","7","1400","9800","9800"
"11177","2026-09-26T05:00:00.000Z","SKU0495","2","2400","4800","4800"
"11200","2026-09-26T05:00:00.000Z","SKU0496","3","4900","14700","14700"
"11225","2026-09-26T05:00:00.000Z","SKU0497","4","2900","11600","11600"
"11250","2026-09-26T05:00:00.000Z","SKU0498","5","3900","19500","19500"
"11274","2026-09-26T05:00:00.000Z","SKU0499","6","900","5400","5400"
"19","2026-09-27T05:00:00.000Z","SKU0001","4","800","3200","3200"
"47","2026-09-27T05:00:00.000Z","SKU0002","8","1000","8000","8000"
"79","2026-09-27T05:00:00.000Z","SKU0004","2","1500","3000","3000"
"103","2026-09-27T05:00:00.000Z","SKU0005","3","2000","6000","6000"
"128","2026-09-27T05:00:00.000Z","SKU0006","4","4500","18000","18000"
"153","2026-09-27T05:00:00.000Z","SKU0007","5","2500","12500","12500"
"176","2026-09-27T05:00:00.000Z","SKU0008","6","3500","21000","21000"
"201","2026-09-27T05:00:00.000Z","SKU0009","7","500","3500","3500"
"250","2026-09-27T05:00:00.000Z","SKU0011","1","800","800","800"
"275","2026-09-27T05:00:00.000Z","SKU0012","2","1000","2000","2000"
"300","2026-09-27T05:00:00.000Z","SKU0014","4","1500","6000","6000"
"325","2026-09-27T05:00:00.000Z","SKU0015","5","2000","10000","10000"
"348","2026-09-27T05:00:00.000Z","SKU0016","6","4500","27000","27000"
"373","2026-09-27T05:00:00.000Z","SKU0017","7","2500","17500","17500"
"422","2026-09-27T05:00:00.000Z","SKU0019","1","500","500","500"
"447","2026-09-27T05:00:00.000Z","SKU0020","2","2800","5600","5600"
"471","2026-09-27T05:00:00.000Z","SKU0021","3","800","2400","2400"
"496","2026-09-27T05:00:00.000Z","SKU0022","4","1000","4000","4000"
"521","2026-09-27T05:00:00.000Z","SKU0023","5","3000","15000","15000"
"544","2026-09-27T05:00:00.000Z","SKU0024","6","1500","9000","9000"
"569","2026-09-27T05:00:00.000Z","SKU0025","7","2000","14000","14000"
"594","2026-09-27T05:00:00.000Z","SKU0027","1","2500","2500","2500"
"619","2026-09-27T05:00:00.000Z","SKU0028","2","3500","7000","7000"
"643","2026-09-27T05:00:00.000Z","SKU0029","3","500","1500","1500"
"668","2026-09-27T05:00:00.000Z","SKU0030","4","2800","11200","11200"
"693","2026-09-27T05:00:00.000Z","SKU0031","5","800","4000","4000"
"716","2026-09-27T05:00:00.000Z","SKU0032","6","1000","6000","6000"
"741","2026-09-27T05:00:00.000Z","SKU0033","7","3000","21000","21000"
"790","2026-09-27T05:00:00.000Z","SKU0035","1","2000","2000","2000"
"815","2026-09-27T05:00:00.000Z","SKU0036","2","4500","9000","9000"
"839","2026-09-27T05:00:00.000Z","SKU0037","3","2500","7500","7500"
"864","2026-09-27T05:00:00.000Z","SKU0038","4","3500","14000","14000"
"888","2026-09-27T05:00:00.000Z","SKU0040","6","2800","16800","16800"
"913","2026-09-27T05:00:00.000Z","SKU0041","7","800","5600","5600"
"962","2026-09-27T05:00:00.000Z","SKU0043","1","3000","3000","3000"
"987","2026-09-27T05:00:00.000Z","SKU0044","2","1500","3000","3000"
"1011","2026-09-27T05:00:00.000Z","SKU0045","3","2000","6000","6000"
"1036","2026-09-27T05:00:00.000Z","SKU0046","4","4500","18000","18000"
"1061","2026-09-27T05:00:00.000Z","SKU0047","5","2500","12500","12500"
"1084","2026-09-27T05:00:00.000Z","SKU0048","6","3500","21000","21000"
"1109","2026-09-27T05:00:00.000Z","SKU0049","7","500","3500","3500"
"1158","2026-09-27T05:00:00.000Z","SKU0051","1","800","800","800"
"1182","2026-09-27T05:00:00.000Z","SKU0053","3","3000","9000","9000"
"1207","2026-09-27T05:00:00.000Z","SKU0054","4","1500","6000","6000"
"1232","2026-09-27T05:00:00.000Z","SKU0055","5","2000","10000","10000"
"1255","2026-09-27T05:00:00.000Z","SKU0056","6","4500","27000","27000"
"1280","2026-09-27T05:00:00.000Z","SKU0057","7","2500","17500","17500"
"1329","2026-09-27T05:00:00.000Z","SKU0059","1","500","500","500"
"1354","2026-09-27T05:00:00.000Z","SKU0060","2","2800","5600","5600"
"1378","2026-09-27T05:00:00.000Z","SKU0061","3","800","2400","2400"
"1403","2026-09-27T05:00:00.000Z","SKU0062","4","1000","4000","4000"
"1428","2026-09-27T05:00:00.000Z","SKU0063","5","3000","15000","15000"
"1451","2026-09-27T05:00:00.000Z","SKU0064","6","1500","9000","9000"
"1500","2026-09-27T05:00:00.000Z","SKU0067","1","2500","2500","2500"
"1525","2026-09-27T05:00:00.000Z","SKU0068","2","3500","7000","7000"
"1549","2026-09-27T05:00:00.000Z","SKU0069","3","500","1500","1500"
"1574","2026-09-27T05:00:00.000Z","SKU0070","4","2800","11200","11200"
"1599","2026-09-27T05:00:00.000Z","SKU0071","5","800","4000","4000"
"1622","2026-09-27T05:00:00.000Z","SKU0072","6","1000","6000","6000"
"1647","2026-09-27T05:00:00.000Z","SKU0073","7","3000","21000","21000"
"1696","2026-09-27T05:00:00.000Z","SKU0075","1","2000","2000","2000"
"1721","2026-09-27T05:00:00.000Z","SKU0076","2","4500","9000","9000"
"1745","2026-09-27T05:00:00.000Z","SKU0077","3","2500","7500","7500"
"1770","2026-09-27T05:00:00.000Z","SKU0079","5","500","2500","2500"
"1793","2026-09-27T05:00:00.000Z","SKU0080","6","2800","16800","16800"
"1818","2026-09-27T05:00:00.000Z","SKU0081","7","800","5600","5600"
"1867","2026-09-27T05:00:00.000Z","SKU0083","1","3000","3000","3000"
"1892","2026-09-27T05:00:00.000Z","SKU0084","2","1500","3000","3000"
"1916","2026-09-27T05:00:00.000Z","SKU0085","3","2000","6000","6000"
"1941","2026-09-27T05:00:00.000Z","SKU0086","4","4500","18000","18000"
"1966","2026-09-27T05:00:00.000Z","SKU0087","5","2500","12500","12500"
"1989","2026-09-27T05:00:00.000Z","SKU0088","6","3500","21000","21000"
"2014","2026-09-27T05:00:00.000Z","SKU0089","7","500","3500","3500"
"2063","2026-09-27T05:00:00.000Z","SKU0092","2","1000","2000","2000"
"2087","2026-09-27T05:00:00.000Z","SKU0093","3","3000","9000","9000"
"2112","2026-09-27T05:00:00.000Z","SKU0094","4","1500","6000","6000"
"2137","2026-09-27T05:00:00.000Z","SKU0095","5","2000","10000","10000"
"2160","2026-09-27T05:00:00.000Z","SKU0096","6","4500","27000","27000"
"2185","2026-09-27T05:00:00.000Z","SKU0097","7","2500","17500","17500"
"2234","2026-09-27T05:00:00.000Z","SKU0099","1","500","500","500"
"2259","2026-09-27T05:00:00.000Z","SKU0100","2","2900","5800","5800"
"2283","2026-09-27T05:00:00.000Z","SKU0101","3","900","2700","2700"
"2308","2026-09-27T05:00:00.000Z","SKU0102","4","1100","4400","4400"
"2333","2026-09-27T05:00:00.000Z","SKU0103","5","3100","15500","15500"
"2357","2026-09-27T05:00:00.000Z","SKU0105","7","2100","14700","14700"
"2406","2026-09-27T05:00:00.000Z","SKU0107","1","2600","2600","2600"
"2431","2026-09-27T05:00:00.000Z","SKU0108","2","3600","7200","7200"
"2455","2026-09-27T05:00:00.000Z","SKU0109","3","600","1800","1800"
"2480","2026-09-27T05:00:00.000Z","SKU0110","4","2900","11600","11600"
"2505","2026-09-27T05:00:00.000Z","SKU0111","5","900","4500","4500"
"2528","2026-09-27T05:00:00.000Z","SKU0112","6","1100","6600","6600"
"2553","2026-09-27T05:00:00.000Z","SKU0113","7","3100","21700","21700"
"2602","2026-09-27T05:00:00.000Z","SKU0115","1","2100","2100","2100"
"2627","2026-09-27T05:00:00.000Z","SKU0116","2","4600","9200","9200"
"2652","2026-09-27T05:00:00.000Z","SKU0118","4","3600","14400","14400"
"2677","2026-09-27T05:00:00.000Z","SKU0119","5","600","3000","3000"
"2700","2026-09-27T05:00:00.000Z","SKU0120","6","2900","17400","17400"
"2725","2026-09-27T05:00:00.000Z","SKU0121","7","900","6300","6300"
"2774","2026-09-27T05:00:00.000Z","SKU0123","1","3100","3100","3100"
"2799","2026-09-27T05:00:00.000Z","SKU0124","2","1600","3200","3200"
"2823","2026-09-27T05:00:00.000Z","SKU0125","3","2100","6300","6300"
"2848","2026-09-27T05:00:00.000Z","SKU0126","4","4600","18400","18400"
"2873","2026-09-27T05:00:00.000Z","SKU0127","5","2600","13000","13000"
"2896","2026-09-27T05:00:00.000Z","SKU0128","6","3600","21600","21600"
"2921","2026-09-27T05:00:00.000Z","SKU0129","7","600","4200","4200"
"2946","2026-09-27T05:00:00.000Z","SKU0131","1","900","900","900"
"2971","2026-09-27T05:00:00.000Z","SKU0132","2","1100","2200","2200"
"2995","2026-09-27T05:00:00.000Z","SKU0133","3","3100","9300","9300"
"3020","2026-09-27T05:00:00.000Z","SKU0134","4","1600","6400","6400"
"3045","2026-09-27T05:00:00.000Z","SKU0135","5","2100","10500","10500"
"3068","2026-09-27T05:00:00.000Z","SKU0136","6","4600","27600","27600"
"3093","2026-09-27T05:00:00.000Z","SKU0137","7","2600","18200","18200"
"3142","2026-09-27T05:00:00.000Z","SKU0139","1","600","600","600"
"3167","2026-09-27T05:00:00.000Z","SKU0140","2","2900","5800","5800"
"3191","2026-09-27T05:00:00.000Z","SKU0141","3","900","2700","2700"
"3216","2026-09-27T05:00:00.000Z","SKU0142","4","1100","4400","4400"
"3240","2026-09-27T05:00:00.000Z","SKU0144","6","1600","9600","9600"
"3265","2026-09-27T05:00:00.000Z","SKU0145","7","2100","14700","14700"
"3314","2026-09-27T05:00:00.000Z","SKU0147","1","2600","2600","2600"
"3339","2026-09-27T05:00:00.000Z","SKU0148","2","3600","7200","7200"
"3363","2026-09-27T05:00:00.000Z","SKU0149","3","600","1800","1800"
"3388","2026-09-27T05:00:00.000Z","SKU0150","4","2900","11600","11600"
"3413","2026-09-27T05:00:00.000Z","SKU0151","5","900","4500","4500"
"3436","2026-09-27T05:00:00.000Z","SKU0152","6","1100","6600","6600"
"3461","2026-09-27T05:00:00.000Z","SKU0153","7","3100","21700","21700"
"3510","2026-09-27T05:00:00.000Z","SKU0155","1","2100","2100","2100"
"3534","2026-09-27T05:00:00.000Z","SKU0157","3","2600","7800","7800"
"3559","2026-09-27T05:00:00.000Z","SKU0158","4","3600","14400","14400"
"3584","2026-09-27T05:00:00.000Z","SKU0159","5","600","3000","3000"
"3607","2026-09-27T05:00:00.000Z","SKU0160","6","2900","17400","17400"
"3632","2026-09-27T05:00:00.000Z","SKU0161","7","900","6300","6300"
"3681","2026-09-27T05:00:00.000Z","SKU0163","1","3100","3100","3100"
"3706","2026-09-27T05:00:00.000Z","SKU0164","2","1600","3200","3200"
"3730","2026-09-27T05:00:00.000Z","SKU0165","3","2100","6300","6300"
"3755","2026-09-27T05:00:00.000Z","SKU0166","4","4600","18400","18400"
"3780","2026-09-27T05:00:00.000Z","SKU0167","5","2600","13000","13000"
"3803","2026-09-27T05:00:00.000Z","SKU0168","6","3600","21600","21600"
"3852","2026-09-27T05:00:00.000Z","SKU0171","1","900","900","900"
"3877","2026-09-27T05:00:00.000Z","SKU0172","2","1100","2200","2200"
"3901","2026-09-27T05:00:00.000Z","SKU0173","3","3100","9300","9300"
"3926","2026-09-27T05:00:00.000Z","SKU0174","4","1600","6400","6400"
"3951","2026-09-27T05:00:00.000Z","SKU0175","5","2100","10500","10500"
"3974","2026-09-27T05:00:00.000Z","SKU0176","6","4600","27600","27600"
"3999","2026-09-27T05:00:00.000Z","SKU0177","7","2600","18200","18200"
"4048","2026-09-27T05:00:00.000Z","SKU0179","1","600","600","600"
"4073","2026-09-27T05:00:00.000Z","SKU0180","2","2900","5800","5800"
"4097","2026-09-27T05:00:00.000Z","SKU0181","3","900","2700","2700"
"4122","2026-09-27T05:00:00.000Z","SKU0183","5","3100","15500","15500"
"4145","2026-09-27T05:00:00.000Z","SKU0184","6","1600","9600","9600"
"4170","2026-09-27T05:00:00.000Z","SKU0185","7","2100","14700","14700"
"4219","2026-09-27T05:00:00.000Z","SKU0187","1","2600","2600","2600"
"4244","2026-09-27T05:00:00.000Z","SKU0188","2","3600","7200","7200"
"4268","2026-09-27T05:00:00.000Z","SKU0189","3","600","1800","1800"
"4293","2026-09-27T05:00:00.000Z","SKU0190","4","2900","11600","11600"
"4318","2026-09-27T05:00:00.000Z","SKU0191","5","900","4500","4500"
"4341","2026-09-27T05:00:00.000Z","SKU0192","6","1100","6600","6600"
"4366","2026-09-27T05:00:00.000Z","SKU0193","7","3100","21700","21700"
"4415","2026-09-27T05:00:00.000Z","SKU0196","2","4600","9200","9200"
"4439","2026-09-27T05:00:00.000Z","SKU0197","3","2600","7800","7800"
"4464","2026-09-27T05:00:00.000Z","SKU0198","4","3600","14400","14400"
"4489","2026-09-27T05:00:00.000Z","SKU0199","5","600","3000","3000"
"4512","2026-09-27T05:00:00.000Z","SKU0200","6","3000","18000","18000"
"4537","2026-09-27T05:00:00.000Z","SKU0201","7","1000","7000","7000"
"4586","2026-09-27T05:00:00.000Z","SKU0203","1","3200","3200","3200"
"4611","2026-09-27T05:00:00.000Z","SKU0204","2","1700","3400","3400"
"4635","2026-09-27T05:00:00.000Z","SKU0205","3","2200","6600","6600"
"4660","2026-09-27T05:00:00.000Z","SKU0206","4","4700","18800","18800"
"4685","2026-09-27T05:00:00.000Z","SKU0207","5","2700","13500","13500"
"4709","2026-09-27T05:00:00.000Z","SKU0209","7","700","4900","4900"
"4758","2026-09-27T05:00:00.000Z","SKU0211","1","1000","1000","1000"
"4783","2026-09-27T05:00:00.000Z","SKU0212","2","1200","2400","2400"
"4807","2026-09-27T05:00:00.000Z","SKU0213","3","3200","9600","9600"
"4832","2026-09-27T05:00:00.000Z","SKU0214","4","1700","6800","6800"
"4857","2026-09-27T05:00:00.000Z","SKU0215","5","2200","11000","11000"
"4880","2026-09-27T05:00:00.000Z","SKU0216","6","4700","28200","28200"
"4905","2026-09-27T05:00:00.000Z","SKU0217","7","2700","18900","18900"
"4954","2026-09-27T05:00:00.000Z","SKU0219","1","700","700","700"
"4979","2026-09-27T05:00:00.000Z","SKU0220","2","3000","6000","6000"
"5004","2026-09-27T05:00:00.000Z","SKU0222","4","1200","4800","4800"
"5029","2026-09-27T05:00:00.000Z","SKU0223","5","3200","16000","16000"
"5052","2026-09-27T05:00:00.000Z","SKU0224","6","1700","10200","10200"
"5077","2026-09-27T05:00:00.000Z","SKU0225","7","2200","15400","15400"
"5126","2026-09-27T05:00:00.000Z","SKU0227","1","2700","2700","2700"
"5151","2026-09-27T05:00:00.000Z","SKU0228","2","3700","7400","7400"
"5175","2026-09-27T05:00:00.000Z","SKU0229","3","700","2100","2100"
"5200","2026-09-27T05:00:00.000Z","SKU0230","4","3000","12000","12000"
"5225","2026-09-27T05:00:00.000Z","SKU0231","5","1000","5000","5000"
"5248","2026-09-27T05:00:00.000Z","SKU0232","6","1200","7200","7200"
"5273","2026-09-27T05:00:00.000Z","SKU0233","7","3200","22400","22400"
"5298","2026-09-27T05:00:00.000Z","SKU0235","1","2200","2200","2200"
"5323","2026-09-27T05:00:00.000Z","SKU0236","2","4700","9400","9400"
"5347","2026-09-27T05:00:00.000Z","SKU0237","3","2700","8100","8100"
"5372","2026-09-27T05:00:00.000Z","SKU0238","4","3700","14800","14800"
"5397","2026-09-27T05:00:00.000Z","SKU0239","5","700","3500","3500"
"5420","2026-09-27T05:00:00.000Z","SKU0240","6","3000","18000","18000"
"5445","2026-09-27T05:00:00.000Z","SKU0241","7","1000","7000","7000"
"5494","2026-09-27T05:00:00.000Z","SKU0243","1","3200","3200","3200"
"5519","2026-09-27T05:00:00.000Z","SKU0244","2","1700","3400","3400"
"5543","2026-09-27T05:00:00.000Z","SKU0245","3","2200","6600","6600"
"5568","2026-09-27T05:00:00.000Z","SKU0246","4","4700","18800","18800"
"5592","2026-09-27T05:00:00.000Z","SKU0248","6","3700","22200","22200"
"5617","2026-09-27T05:00:00.000Z","SKU0249","7","700","4900","4900"
"5666","2026-09-27T05:00:00.000Z","SKU0251","1","1000","1000","1000"
"5691","2026-09-27T05:00:00.000Z","SKU0252","2","1200","2400","2400"
"5715","2026-09-27T05:00:00.000Z","SKU0253","3","3200","9600","9600"
"5740","2026-09-27T05:00:00.000Z","SKU0254","4","1700","6800","6800"
"5765","2026-09-27T05:00:00.000Z","SKU0255","5","2200","11000","11000"
"5788","2026-09-27T05:00:00.000Z","SKU0256","6","4700","28200","28200"
"5813","2026-09-27T05:00:00.000Z","SKU0257","7","2700","18900","18900"
"5862","2026-09-27T05:00:00.000Z","SKU0259","1","700","700","700"
"5886","2026-09-27T05:00:00.000Z","SKU0261","3","1000","3000","3000"
"5911","2026-09-27T05:00:00.000Z","SKU0262","4","1200","4800","4800"
"5936","2026-09-27T05:00:00.000Z","SKU0263","5","3200","16000","16000"
"5959","2026-09-27T05:00:00.000Z","SKU0264","6","1700","10200","10200"
"5984","2026-09-27T05:00:00.000Z","SKU0265","7","2200","15400","15400"
"6033","2026-09-27T05:00:00.000Z","SKU0267","1","2700","2700","2700"
"6058","2026-09-27T05:00:00.000Z","SKU0268","2","3700","7400","7400"
"6082","2026-09-27T05:00:00.000Z","SKU0269","3","700","2100","2100"
"6107","2026-09-27T05:00:00.000Z","SKU0270","4","3000","12000","12000"
"6132","2026-09-27T05:00:00.000Z","SKU0271","5","1000","5000","5000"
"6155","2026-09-27T05:00:00.000Z","SKU0272","6","1200","7200","7200"
"6204","2026-09-27T05:00:00.000Z","SKU0275","1","2200","2200","2200"
"6229","2026-09-27T05:00:00.000Z","SKU0276","2","4700","9400","9400"
"6253","2026-09-27T05:00:00.000Z","SKU0277","3","2700","8100","8100"
"6278","2026-09-27T05:00:00.000Z","SKU0278","4","3700","14800","14800"
"6303","2026-09-27T05:00:00.000Z","SKU0279","5","700","3500","3500"
"6326","2026-09-27T05:00:00.000Z","SKU0280","6","3000","18000","18000"
"6351","2026-09-27T05:00:00.000Z","SKU0281","7","1000","7000","7000"
"6400","2026-09-27T05:00:00.000Z","SKU0283","1","3200","3200","3200"
"6425","2026-09-27T05:00:00.000Z","SKU0284","2","1700","3400","3400"
"6449","2026-09-27T05:00:00.000Z","SKU0285","3","2200","6600","6600"
"6474","2026-09-27T05:00:00.000Z","SKU0287","5","2700","13500","13500"
"6497","2026-09-27T05:00:00.000Z","SKU0288","6","3700","22200","22200"
"6522","2026-09-27T05:00:00.000Z","SKU0289","7","700","4900","4900"
"6571","2026-09-27T05:00:00.000Z","SKU0291","1","1000","1000","1000"
"6596","2026-09-27T05:00:00.000Z","SKU0292","2","1200","2400","2400"
"6620","2026-09-27T05:00:00.000Z","SKU0293","3","3200","9600","9600"
"6645","2026-09-27T05:00:00.000Z","SKU0294","4","1700","6800","6800"
"6670","2026-09-27T05:00:00.000Z","SKU0295","5","2200","11000","11000"
"6693","2026-09-27T05:00:00.000Z","SKU0296","6","4700","28200","28200"
"6718","2026-09-27T05:00:00.000Z","SKU0297","7","2700","18900","18900"
"6767","2026-09-27T05:00:00.000Z","SKU0300","2","3100","6200","6200"
"6791","2026-09-27T05:00:00.000Z","SKU0301","3","1100","3300","3300"
"6816","2026-09-27T05:00:00.000Z","SKU0302","4","1300","5200","5200"
"6841","2026-09-27T05:00:00.000Z","SKU0303","5","3300","16500","16500"
"6864","2026-09-27T05:00:00.000Z","SKU0304","6","1800","10800","10800"
"6889","2026-09-27T05:00:00.000Z","SKU0305","7","2300","16100","16100"
"6938","2026-09-27T05:00:00.000Z","SKU0307","1","2800","2800","2800"
"6963","2026-09-27T05:00:00.000Z","SKU0308","2","3800","7600","7600"
"6987","2026-09-27T05:00:00.000Z","SKU0309","3","800","2400","2400"
"7012","2026-09-27T05:00:00.000Z","SKU0310","4","3100","12400","12400"
"7037","2026-09-27T05:00:00.000Z","SKU0311","5","1100","5500","5500"
"7061","2026-09-27T05:00:00.000Z","SKU0313","7","3300","23100","23100"
"7110","2026-09-27T05:00:00.000Z","SKU0315","1","2300","2300","2300"
"7135","2026-09-27T05:00:00.000Z","SKU0316","2","4800","9600","9600"
"7159","2026-09-27T05:00:00.000Z","SKU0317","3","2800","8400","8400"
"7184","2026-09-27T05:00:00.000Z","SKU0318","4","3800","15200","15200"
"7209","2026-09-27T05:00:00.000Z","SKU0319","5","800","4000","4000"
"7232","2026-09-27T05:00:00.000Z","SKU0320","6","3100","18600","18600"
"7257","2026-09-27T05:00:00.000Z","SKU0321","7","1100","7700","7700"
"7306","2026-09-27T05:00:00.000Z","SKU0323","1","3300","3300","3300"
"7331","2026-09-27T05:00:00.000Z","SKU0324","2","1800","3600","3600"
"7356","2026-09-27T05:00:00.000Z","SKU0326","4","4800","19200","19200"
"7381","2026-09-27T05:00:00.000Z","SKU0327","5","2800","14000","14000"
"7404","2026-09-27T05:00:00.000Z","SKU0328","6","3800","22800","22800"
"7429","2026-09-27T05:00:00.000Z","SKU0329","7","800","5600","5600"
"7478","2026-09-27T05:00:00.000Z","SKU0331","1","1100","1100","1100"
"7503","2026-09-27T05:00:00.000Z","SKU0332","2","1300","2600","2600"
"7527","2026-09-27T05:00:00.000Z","SKU0333","3","3300","9900","9900"
"7552","2026-09-27T05:00:00.000Z","SKU0334","4","1800","7200","7200"
"7577","2026-09-27T05:00:00.000Z","SKU0335","5","2300","11500","11500"
"7600","2026-09-27T05:00:00.000Z","SKU0336","6","4800","28800","28800"
"7625","2026-09-27T05:00:00.000Z","SKU0337","7","2800","19600","19600"
"7650","2026-09-27T05:00:00.000Z","SKU0339","1","800","800","800"
"7675","2026-09-27T05:00:00.000Z","SKU0340","2","3100","6200","6200"
"7699","2026-09-27T05:00:00.000Z","SKU0341","3","1100","3300","3300"
"7724","2026-09-27T05:00:00.000Z","SKU0342","4","1300","5200","5200"
"7749","2026-09-27T05:00:00.000Z","SKU0343","5","3300","16500","16500"
"7772","2026-09-27T05:00:00.000Z","SKU0344","6","1800","10800","10800"
"7797","2026-09-27T05:00:00.000Z","SKU0345","7","2300","16100","16100"
"7846","2026-09-27T05:00:00.000Z","SKU0347","1","2800","2800","2800"
"7871","2026-09-27T05:00:00.000Z","SKU0348","2","3800","7600","7600"
"7895","2026-09-27T05:00:00.000Z","SKU0349","3","800","2400","2400"
"7920","2026-09-27T05:00:00.000Z","SKU0350","4","3100","12400","12400"
"7944","2026-09-27T05:00:00.000Z","SKU0352","6","1300","7800","7800"
"7969","2026-09-27T05:00:00.000Z","SKU0353","7","3300","23100","23100"
"8018","2026-09-27T05:00:00.000Z","SKU0355","1","2300","2300","2300"
"8043","2026-09-27T05:00:00.000Z","SKU0356","2","4800","9600","9600"
"8067","2026-09-27T05:00:00.000Z","SKU0357","3","2800","8400","8400"
"8092","2026-09-27T05:00:00.000Z","SKU0358","4","3800","15200","15200"
"8117","2026-09-27T05:00:00.000Z","SKU0359","5","800","4000","4000"
"8140","2026-09-27T05:00:00.000Z","SKU0360","6","3100","18600","18600"
"8165","2026-09-27T05:00:00.000Z","SKU0361","7","1100","7700","7700"
"8214","2026-09-27T05:00:00.000Z","SKU0363","1","3300","3300","3300"
"8238","2026-09-27T05:00:00.000Z","SKU0365","3","2300","6900","6900"
"8263","2026-09-27T05:00:00.000Z","SKU0366","4","4800","19200","19200"
"8288","2026-09-27T05:00:00.000Z","SKU0367","5","2800","14000","14000"
"8311","2026-09-27T05:00:00.000Z","SKU0368","6","3800","22800","22800"
"8336","2026-09-27T05:00:00.000Z","SKU0369","7","800","5600","5600"
"8385","2026-09-27T05:00:00.000Z","SKU0371","1","1100","1100","1100"
"8410","2026-09-27T05:00:00.000Z","SKU0372","2","1300","2600","2600"
"8434","2026-09-27T05:00:00.000Z","SKU0373","3","3300","9900","9900"
"8459","2026-09-27T05:00:00.000Z","SKU0374","4","1800","7200","7200"
"8484","2026-09-27T05:00:00.000Z","SKU0375","5","2300","11500","11500"
"8507","2026-09-27T05:00:00.000Z","SKU0376","6","4800","28800","28800"
"8556","2026-09-27T05:00:00.000Z","SKU0379","1","800","800","800"
"8581","2026-09-27T05:00:00.000Z","SKU0380","2","3100","6200","6200"
"8605","2026-09-27T05:00:00.000Z","SKU0381","3","1100","3300","3300"
"8630","2026-09-27T05:00:00.000Z","SKU0382","4","1300","5200","5200"
"8655","2026-09-27T05:00:00.000Z","SKU0383","5","3300","16500","16500"
"8678","2026-09-27T05:00:00.000Z","SKU0384","6","1800","10800","10800"
"8703","2026-09-27T05:00:00.000Z","SKU0385","7","2300","16100","16100"
"8752","2026-09-27T05:00:00.000Z","SKU0387","1","2800","2800","2800"
"8777","2026-09-27T05:00:00.000Z","SKU0388","2","3800","7600","7600"
"8801","2026-09-27T05:00:00.000Z","SKU0389","3","800","2400","2400"
"8826","2026-09-27T05:00:00.000Z","SKU0391","5","1100","5500","5500"
"8849","2026-09-27T05:00:00.000Z","SKU0392","6","1300","7800","7800"
"8874","2026-09-27T05:00:00.000Z","SKU0393","7","3300","23100","23100"
"8923","2026-09-27T05:00:00.000Z","SKU0395","1","2300","2300","2300"
"8948","2026-09-27T05:00:00.000Z","SKU0396","2","4800","9600","9600"
"8972","2026-09-27T05:00:00.000Z","SKU0397","3","2800","8400","8400"
"8997","2026-09-27T05:00:00.000Z","SKU0398","4","3800","15200","15200"
"9022","2026-09-27T05:00:00.000Z","SKU0399","5","800","4000","4000"
"9045","2026-09-27T05:00:00.000Z","SKU0400","6","3200","19200","19200"
"9070","2026-09-27T05:00:00.000Z","SKU0401","7","1200","8400","8400"
"9119","2026-09-27T05:00:00.000Z","SKU0404","2","1900","3800","3800"
"9143","2026-09-27T05:00:00.000Z","SKU0405","3","2400","7200","7200"
"9168","2026-09-27T05:00:00.000Z","SKU0406","4","4900","19600","19600"
"9193","2026-09-27T05:00:00.000Z","SKU0407","5","2900","14500","14500"
"9216","2026-09-27T05:00:00.000Z","SKU0408","6","3900","23400","23400"
"9241","2026-09-27T05:00:00.000Z","SKU0409","7","900","6300","6300"
"9290","2026-09-27T05:00:00.000Z","SKU0411","1","1200","1200","1200"
"9315","2026-09-27T05:00:00.000Z","SKU0412","2","1400","2800","2800"
"9339","2026-09-27T05:00:00.000Z","SKU0413","3","3400","10200","10200"
"9364","2026-09-27T05:00:00.000Z","SKU0414","4","1900","7600","7600"
"9389","2026-09-27T05:00:00.000Z","SKU0415","5","2400","12000","12000"
"9413","2026-09-27T05:00:00.000Z","SKU0417","7","2900","20300","20300"
"9462","2026-09-27T05:00:00.000Z","SKU0419","1","900","900","900"
"9487","2026-09-27T05:00:00.000Z","SKU0420","2","3200","6400","6400"
"9511","2026-09-27T05:00:00.000Z","SKU0421","3","1200","3600","3600"
"9536","2026-09-27T05:00:00.000Z","SKU0422","4","1400","5600","5600"
"9561","2026-09-27T05:00:00.000Z","SKU0423","5","3400","17000","17000"
"9584","2026-09-27T05:00:00.000Z","SKU0424","6","1900","11400","11400"
"9609","2026-09-27T05:00:00.000Z","SKU0425","7","2400","16800","16800"
"9658","2026-09-27T05:00:00.000Z","SKU0427","1","2900","2900","2900"
"9683","2026-09-27T05:00:00.000Z","SKU0428","2","3900","7800","7800"
"9708","2026-09-27T05:00:00.000Z","SKU0430","4","3200","12800","12800"
"9733","2026-09-27T05:00:00.000Z","SKU0431","5","1200","6000","6000"
"9756","2026-09-27T05:00:00.000Z","SKU0432","6","1400","8400","8400"
"9781","2026-09-27T05:00:00.000Z","SKU0433","7","3400","23800","23800"
"9830","2026-09-27T05:00:00.000Z","SKU0435","1","2400","2400","2400"
"9855","2026-09-27T05:00:00.000Z","SKU0436","2","4900","9800","9800"
"9879","2026-09-27T05:00:00.000Z","SKU0437","3","2900","8700","8700"
"9904","2026-09-27T05:00:00.000Z","SKU0438","4","3900","15600","15600"
"9929","2026-09-27T05:00:00.000Z","SKU0439","5","900","4500","4500"
"9952","2026-09-27T05:00:00.000Z","SKU0440","6","3200","19200","19200"
"9977","2026-09-27T05:00:00.000Z","SKU0441","7","1200","8400","8400"
"10002","2026-09-27T05:00:00.000Z","SKU0443","1","3400","3400","3400"
"10027","2026-09-27T05:00:00.000Z","SKU0444","2","1900","3800","3800"
"10051","2026-09-27T05:00:00.000Z","SKU0445","3","2400","7200","7200"
"10076","2026-09-27T05:00:00.000Z","SKU0446","4","4900","19600","19600"
"10101","2026-09-27T05:00:00.000Z","SKU0447","5","2900","14500","14500"
"10124","2026-09-27T05:00:00.000Z","SKU0448","6","3900","23400","23400"
"10149","2026-09-27T05:00:00.000Z","SKU0449","7","900","6300","6300"
"10198","2026-09-27T05:00:00.000Z","SKU0451","1","1200","1200","1200"
"10223","2026-09-27T05:00:00.000Z","SKU0452","2","1400","2800","2800"
"10247","2026-09-27T05:00:00.000Z","SKU0453","3","3400","10200","10200"
"10272","2026-09-27T05:00:00.000Z","SKU0454","4","1900","7600","7600"
"10296","2026-09-27T05:00:00.000Z","SKU0456","6","4900","29400","29400"
"10321","2026-09-27T05:00:00.000Z","SKU0457","7","2900","20300","20300"
"10370","2026-09-27T05:00:00.000Z","SKU0459","1","900","900","900"
"10395","2026-09-27T05:00:00.000Z","SKU0460","2","3200","6400","6400"
"10419","2026-09-27T05:00:00.000Z","SKU0461","3","1200","3600","3600"
"10444","2026-09-27T05:00:00.000Z","SKU0462","4","1400","5600","5600"
"10469","2026-09-27T05:00:00.000Z","SKU0463","5","3400","17000","17000"
"10492","2026-09-27T05:00:00.000Z","SKU0464","6","1900","11400","11400"
"10517","2026-09-27T05:00:00.000Z","SKU0465","7","2400","16800","16800"
"10566","2026-09-27T05:00:00.000Z","SKU0467","1","2900","2900","2900"
"10590","2026-09-27T05:00:00.000Z","SKU0469","3","900","2700","2700"
"10615","2026-09-27T05:00:00.000Z","SKU0470","4","3200","12800","12800"
"10640","2026-09-27T05:00:00.000Z","SKU0471","5","1200","6000","6000"
"10663","2026-09-27T05:00:00.000Z","SKU0472","6","1400","8400","8400"
"10688","2026-09-27T05:00:00.000Z","SKU0473","7","3400","23800","23800"
"10737","2026-09-27T05:00:00.000Z","SKU0475","1","2400","2400","2400"
"10762","2026-09-27T05:00:00.000Z","SKU0476","2","4900","9800","9800"
"10786","2026-09-27T05:00:00.000Z","SKU0477","3","2900","8700","8700"
"10811","2026-09-27T05:00:00.000Z","SKU0478","4","3900","15600","15600"
"10836","2026-09-27T05:00:00.000Z","SKU0479","5","900","4500","4500"
"10859","2026-09-27T05:00:00.000Z","SKU0480","6","3200","19200","19200"
"10908","2026-09-27T05:00:00.000Z","SKU0483","1","3400","3400","3400"
"10933","2026-09-27T05:00:00.000Z","SKU0484","2","1900","3800","3800"
"10957","2026-09-27T05:00:00.000Z","SKU0485","3","2400","7200","7200"
"10982","2026-09-27T05:00:00.000Z","SKU0486","4","4900","19600","19600"
"11007","2026-09-27T05:00:00.000Z","SKU0487","5","2900","14500","14500"
"11030","2026-09-27T05:00:00.000Z","SKU0488","6","3900","23400","23400"
"11055","2026-09-27T05:00:00.000Z","SKU0489","7","900","6300","6300"
"11104","2026-09-27T05:00:00.000Z","SKU0491","1","1200","1200","1200"
"11129","2026-09-27T05:00:00.000Z","SKU0492","2","1400","2800","2800"
"11153","2026-09-27T05:00:00.000Z","SKU0493","3","3400","10200","10200"
"11178","2026-09-27T05:00:00.000Z","SKU0495","5","2400","12000","12000"
"11201","2026-09-27T05:00:00.000Z","SKU0496","6","4900","29400","29400"
"11226","2026-09-27T05:00:00.000Z","SKU0497","7","2900","20300","20300"
"11275","2026-09-27T05:00:00.000Z","SKU0499","1","900","900","900"
"20","2026-09-28T05:00:00.000Z","SKU0001","4","800","3200","3200"
"48","2026-09-28T05:00:00.000Z","SKU0002","8","1000","8000","8000"
"80","2026-09-28T05:00:00.000Z","SKU0004","5","1500","7500","7500"
"104","2026-09-28T05:00:00.000Z","SKU0005","6","2000","12000","12000"
"129","2026-09-28T05:00:00.000Z","SKU0006","7","4500","31500","31500"
"177","2026-09-28T05:00:00.000Z","SKU0008","1","3500","3500","3500"
"202","2026-09-28T05:00:00.000Z","SKU0009","2","500","1000","1000"
"226","2026-09-28T05:00:00.000Z","SKU0010","3","2800","8400","8400"
"251","2026-09-28T05:00:00.000Z","SKU0011","4","800","3200","3200"
"276","2026-09-28T05:00:00.000Z","SKU0012","5","1000","5000","5000"
"301","2026-09-28T05:00:00.000Z","SKU0014","7","1500","10500","10500"
"349","2026-09-28T05:00:00.000Z","SKU0016","1","4500","4500","4500"
"374","2026-09-28T05:00:00.000Z","SKU0017","2","2500","5000","5000"
"398","2026-09-28T05:00:00.000Z","SKU0018","3","3500","10500","10500"
"423","2026-09-28T05:00:00.000Z","SKU0019","4","500","2000","2000"
"448","2026-09-28T05:00:00.000Z","SKU0020","5","2800","14000","14000"
"472","2026-09-28T05:00:00.000Z","SKU0021","6","800","4800","4800"
"497","2026-09-28T05:00:00.000Z","SKU0022","7","1000","7000","7000"
"545","2026-09-28T05:00:00.000Z","SKU0024","1","1500","1500","1500"
"570","2026-09-28T05:00:00.000Z","SKU0025","2","2000","4000","4000"
"595","2026-09-28T05:00:00.000Z","SKU0027","4","2500","10000","10000"
"620","2026-09-28T05:00:00.000Z","SKU0028","5","3500","17500","17500"
"644","2026-09-28T05:00:00.000Z","SKU0029","6","500","3000","3000"
"669","2026-09-28T05:00:00.000Z","SKU0030","7","2800","19600","19600"
"717","2026-09-28T05:00:00.000Z","SKU0032","1","1000","1000","1000"
"742","2026-09-28T05:00:00.000Z","SKU0033","2","3000","6000","6000"
"766","2026-09-28T05:00:00.000Z","SKU0034","3","1500","4500","4500"
"791","2026-09-28T05:00:00.000Z","SKU0035","4","2000","8000","8000"
"816","2026-09-28T05:00:00.000Z","SKU0036","5","4500","22500","22500"
"840","2026-09-28T05:00:00.000Z","SKU0037","6","2500","15000","15000"
"865","2026-09-28T05:00:00.000Z","SKU0038","7","3500","24500","24500"
"889","2026-09-28T05:00:00.000Z","SKU0040","1","2800","2800","2800"
"914","2026-09-28T05:00:00.000Z","SKU0041","2","800","1600","1600"
"938","2026-09-28T05:00:00.000Z","SKU0042","3","1000","3000","3000"
"963","2026-09-28T05:00:00.000Z","SKU0043","4","3000","12000","12000"
"988","2026-09-28T05:00:00.000Z","SKU0044","5","1500","7500","7500"
"1012","2026-09-28T05:00:00.000Z","SKU0045","6","2000","12000","12000"
"1037","2026-09-28T05:00:00.000Z","SKU0046","7","4500","31500","31500"
"1085","2026-09-28T05:00:00.000Z","SKU0048","1","3500","3500","3500"
"1110","2026-09-28T05:00:00.000Z","SKU0049","2","500","1000","1000"
"1134","2026-09-28T05:00:00.000Z","SKU0050","3","2800","8400","8400"
"1159","2026-09-28T05:00:00.000Z","SKU0051","4","800","3200","3200"
"1183","2026-09-28T05:00:00.000Z","SKU0053","6","3000","18000","18000"
"1208","2026-09-28T05:00:00.000Z","SKU0054","7","1500","10500","10500"
"1256","2026-09-28T05:00:00.000Z","SKU0056","1","4500","4500","4500"
"1281","2026-09-28T05:00:00.000Z","SKU0057","2","2500","5000","5000"
"1305","2026-09-28T05:00:00.000Z","SKU0058","3","3500","10500","10500"
"1330","2026-09-28T05:00:00.000Z","SKU0059","4","500","2000","2000"
"1355","2026-09-28T05:00:00.000Z","SKU0060","5","2800","14000","14000"
"1379","2026-09-28T05:00:00.000Z","SKU0061","6","800","4800","4800"
"1404","2026-09-28T05:00:00.000Z","SKU0062","7","1000","7000","7000"
"1452","2026-09-28T05:00:00.000Z","SKU0064","1","1500","1500","1500"
"1476","2026-09-28T05:00:00.000Z","SKU0066","3","4500","13500","13500"
"1501","2026-09-28T05:00:00.000Z","SKU0067","4","2500","10000","10000"
"1526","2026-09-28T05:00:00.000Z","SKU0068","5","3500","17500","17500"
"1550","2026-09-28T05:00:00.000Z","SKU0069","6","500","3000","3000"
"1575","2026-09-28T05:00:00.000Z","SKU0070","7","2800","19600","19600"
"1623","2026-09-28T05:00:00.000Z","SKU0072","1","1000","1000","1000"
"1648","2026-09-28T05:00:00.000Z","SKU0073","2","3000","6000","6000"
"1672","2026-09-28T05:00:00.000Z","SKU0074","3","1500","4500","4500"
"1697","2026-09-28T05:00:00.000Z","SKU0075","4","2000","8000","8000"
"1722","2026-09-28T05:00:00.000Z","SKU0076","5","4500","22500","22500"
"1746","2026-09-28T05:00:00.000Z","SKU0077","6","2500","15000","15000"
"1794","2026-09-28T05:00:00.000Z","SKU0080","1","2800","2800","2800"
"1819","2026-09-28T05:00:00.000Z","SKU0081","2","800","1600","1600"
"1843","2026-09-28T05:00:00.000Z","SKU0082","3","1000","3000","3000"
"1868","2026-09-28T05:00:00.000Z","SKU0083","4","3000","12000","12000"
"1893","2026-09-28T05:00:00.000Z","SKU0084","5","1500","7500","7500"
"1917","2026-09-28T05:00:00.000Z","SKU0085","6","2000","12000","12000"
"1942","2026-09-28T05:00:00.000Z","SKU0086","7","4500","31500","31500"
"1990","2026-09-28T05:00:00.000Z","SKU0088","1","3500","3500","3500"
"2015","2026-09-28T05:00:00.000Z","SKU0089","2","500","1000","1000"
"2039","2026-09-28T05:00:00.000Z","SKU0090","3","2800","8400","8400"
"2064","2026-09-28T05:00:00.000Z","SKU0092","5","1000","5000","5000"
"2088","2026-09-28T05:00:00.000Z","SKU0093","6","3000","18000","18000"
"2113","2026-09-28T05:00:00.000Z","SKU0094","7","1500","10500","10500"
"2161","2026-09-28T05:00:00.000Z","SKU0096","1","4500","4500","4500"
"2186","2026-09-28T05:00:00.000Z","SKU0097","2","2500","5000","5000"
"2210","2026-09-28T05:00:00.000Z","SKU0098","3","3500","10500","10500"
"2235","2026-09-28T05:00:00.000Z","SKU0099","4","500","2000","2000"
"2260","2026-09-28T05:00:00.000Z","SKU0100","5","2900","14500","14500"
"2284","2026-09-28T05:00:00.000Z","SKU0101","6","900","5400","5400"
"2309","2026-09-28T05:00:00.000Z","SKU0102","7","1100","7700","7700"
"2358","2026-09-28T05:00:00.000Z","SKU0105","2","2100","4200","4200"
"2382","2026-09-28T05:00:00.000Z","SKU0106","3","4600","13800","13800"
"2407","2026-09-28T05:00:00.000Z","SKU0107","4","2600","10400","10400"
"2432","2026-09-28T05:00:00.000Z","SKU0108","5","3600","18000","18000"
"2456","2026-09-28T05:00:00.000Z","SKU0109","6","600","3600","3600"
"2481","2026-09-28T05:00:00.000Z","SKU0110","7","2900","20300","20300"
"2529","2026-09-28T05:00:00.000Z","SKU0112","1","1100","1100","1100"
"2554","2026-09-28T05:00:00.000Z","SKU0113","2","3100","6200","6200"
"2578","2026-09-28T05:00:00.000Z","SKU0114","3","1600","4800","4800"
"2603","2026-09-28T05:00:00.000Z","SKU0115","4","2100","8400","8400"
"2628","2026-09-28T05:00:00.000Z","SKU0116","5","4600","23000","23000"
"2653","2026-09-28T05:00:00.000Z","SKU0118","7","3600","25200","25200"
"2701","2026-09-28T05:00:00.000Z","SKU0120","1","2900","2900","2900"
"2726","2026-09-28T05:00:00.000Z","SKU0121","2","900","1800","1800"
"2750","2026-09-28T05:00:00.000Z","SKU0122","3","1100","3300","3300"
"2775","2026-09-28T05:00:00.000Z","SKU0123","4","3100","12400","12400"
"2800","2026-09-28T05:00:00.000Z","SKU0124","5","1600","8000","8000"
"2824","2026-09-28T05:00:00.000Z","SKU0125","6","2100","12600","12600"
"2849","2026-09-28T05:00:00.000Z","SKU0126","7","4600","32200","32200"
"2897","2026-09-28T05:00:00.000Z","SKU0128","1","3600","3600","3600"
"2922","2026-09-28T05:00:00.000Z","SKU0129","2","600","1200","1200"
"2947","2026-09-28T05:00:00.000Z","SKU0131","4","900","3600","3600"
"2972","2026-09-28T05:00:00.000Z","SKU0132","5","1100","5500","5500"
"2996","2026-09-28T05:00:00.000Z","SKU0133","6","3100","18600","18600"
"3021","2026-09-28T05:00:00.000Z","SKU0134","7","1600","11200","11200"
"3069","2026-09-28T05:00:00.000Z","SKU0136","1","4600","4600","4600"
"3094","2026-09-28T05:00:00.000Z","SKU0137","2","2600","5200","5200"
"3118","2026-09-28T05:00:00.000Z","SKU0138","3","3600","10800","10800"
"3143","2026-09-28T05:00:00.000Z","SKU0139","4","600","2400","2400"
"3168","2026-09-28T05:00:00.000Z","SKU0140","5","2900","14500","14500"
"3192","2026-09-28T05:00:00.000Z","SKU0141","6","900","5400","5400"
"3217","2026-09-28T05:00:00.000Z","SKU0142","7","1100","7700","7700"
"3241","2026-09-28T05:00:00.000Z","SKU0144","1","1600","1600","1600"
"3266","2026-09-28T05:00:00.000Z","SKU0145","2","2100","4200","4200"
"3290","2026-09-28T05:00:00.000Z","SKU0146","3","4600","13800","13800"
"3315","2026-09-28T05:00:00.000Z","SKU0147","4","2600","10400","10400"
"3340","2026-09-28T05:00:00.000Z","SKU0148","5","3600","18000","18000"
"3364","2026-09-28T05:00:00.000Z","SKU0149","6","600","3600","3600"
"3389","2026-09-28T05:00:00.000Z","SKU0150","7","2900","20300","20300"
"3437","2026-09-28T05:00:00.000Z","SKU0152","1","1100","1100","1100"
"3462","2026-09-28T05:00:00.000Z","SKU0153","2","3100","6200","6200"
"3486","2026-09-28T05:00:00.000Z","SKU0154","3","1600","4800","4800"
"3511","2026-09-28T05:00:00.000Z","SKU0155","4","2100","8400","8400"
"3535","2026-09-28T05:00:00.000Z","SKU0157","6","2600","15600","15600"
"3560","2026-09-28T05:00:00.000Z","SKU0158","7","3600","25200","25200"
"3608","2026-09-28T05:00:00.000Z","SKU0160","1","2900","2900","2900"
"3633","2026-09-28T05:00:00.000Z","SKU0161","2","900","1800","1800"
"3657","2026-09-28T05:00:00.000Z","SKU0162","3","1100","3300","3300"
"3682","2026-09-28T05:00:00.000Z","SKU0163","4","3100","12400","12400"
"3707","2026-09-28T05:00:00.000Z","SKU0164","5","1600","8000","8000"
"3731","2026-09-28T05:00:00.000Z","SKU0165","6","2100","12600","12600"
"3756","2026-09-28T05:00:00.000Z","SKU0166","7","4600","32200","32200"
"3804","2026-09-28T05:00:00.000Z","SKU0168","1","3600","3600","3600"
"3828","2026-09-28T05:00:00.000Z","SKU0170","3","2900","8700","8700"
"3853","2026-09-28T05:00:00.000Z","SKU0171","4","900","3600","3600"
"3878","2026-09-28T05:00:00.000Z","SKU0172","5","1100","5500","5500"
"3902","2026-09-28T05:00:00.000Z","SKU0173","6","3100","18600","18600"
"3927","2026-09-28T05:00:00.000Z","SKU0174","7","1600","11200","11200"
"3975","2026-09-28T05:00:00.000Z","SKU0176","1","4600","4600","4600"
"4000","2026-09-28T05:00:00.000Z","SKU0177","2","2600","5200","5200"
"4024","2026-09-28T05:00:00.000Z","SKU0178","3","3600","10800","10800"
"4049","2026-09-28T05:00:00.000Z","SKU0179","4","600","2400","2400"
"4074","2026-09-28T05:00:00.000Z","SKU0180","5","2900","14500","14500"
"4098","2026-09-28T05:00:00.000Z","SKU0181","6","900","5400","5400"
"4146","2026-09-28T05:00:00.000Z","SKU0184","1","1600","1600","1600"
"4171","2026-09-28T05:00:00.000Z","SKU0185","2","2100","4200","4200"
"4195","2026-09-28T05:00:00.000Z","SKU0186","3","4600","13800","13800"
"4220","2026-09-28T05:00:00.000Z","SKU0187","4","2600","10400","10400"
"4245","2026-09-28T05:00:00.000Z","SKU0188","5","3600","18000","18000"
"4269","2026-09-28T05:00:00.000Z","SKU0189","6","600","3600","3600"
"4294","2026-09-28T05:00:00.000Z","SKU0190","7","2900","20300","20300"
"4342","2026-09-28T05:00:00.000Z","SKU0192","1","1100","1100","1100"
"4367","2026-09-28T05:00:00.000Z","SKU0193","2","3100","6200","6200"
"4391","2026-09-28T05:00:00.000Z","SKU0194","3","1600","4800","4800"
"4416","2026-09-28T05:00:00.000Z","SKU0196","5","4600","23000","23000"
"4440","2026-09-28T05:00:00.000Z","SKU0197","6","2600","15600","15600"
"4465","2026-09-28T05:00:00.000Z","SKU0198","7","3600","25200","25200"
"4513","2026-09-28T05:00:00.000Z","SKU0200","1","3000","3000","3000"
"4538","2026-09-28T05:00:00.000Z","SKU0201","2","1000","2000","2000"
"4562","2026-09-28T05:00:00.000Z","SKU0202","3","1200","3600","3600"
"4587","2026-09-28T05:00:00.000Z","SKU0203","4","3200","12800","12800"
"4612","2026-09-28T05:00:00.000Z","SKU0204","5","1700","8500","8500"
"4636","2026-09-28T05:00:00.000Z","SKU0205","6","2200","13200","13200"
"4661","2026-09-28T05:00:00.000Z","SKU0206","7","4700","32900","32900"
"4710","2026-09-28T05:00:00.000Z","SKU0209","2","700","1400","1400"
"4734","2026-09-28T05:00:00.000Z","SKU0210","3","3000","9000","9000"
"4759","2026-09-28T05:00:00.000Z","SKU0211","4","1000","4000","4000"
"4784","2026-09-28T05:00:00.000Z","SKU0212","5","1200","6000","6000"
"4808","2026-09-28T05:00:00.000Z","SKU0213","6","3200","19200","19200"
"4833","2026-09-28T05:00:00.000Z","SKU0214","7","1700","11900","11900"
"4881","2026-09-28T05:00:00.000Z","SKU0216","1","4700","4700","4700"
"4906","2026-09-28T05:00:00.000Z","SKU0217","2","2700","5400","5400"
"4930","2026-09-28T05:00:00.000Z","SKU0218","3","3700","11100","11100"
"4955","2026-09-28T05:00:00.000Z","SKU0219","4","700","2800","2800"
"4980","2026-09-28T05:00:00.000Z","SKU0220","5","3000","15000","15000"
"5005","2026-09-28T05:00:00.000Z","SKU0222","7","1200","8400","8400"
"5053","2026-09-28T05:00:00.000Z","SKU0224","1","1700","1700","1700"
"5078","2026-09-28T05:00:00.000Z","SKU0225","2","2200","4400","4400"
"5102","2026-09-28T05:00:00.000Z","SKU0226","3","4700","14100","14100"
"5127","2026-09-28T05:00:00.000Z","SKU0227","4","2700","10800","10800"
"5152","2026-09-28T05:00:00.000Z","SKU0228","5","3700","18500","18500"
"5176","2026-09-28T05:00:00.000Z","SKU0229","6","700","4200","4200"
"5201","2026-09-28T05:00:00.000Z","SKU0230","7","3000","21000","21000"
"5249","2026-09-28T05:00:00.000Z","SKU0232","1","1200","1200","1200"
"5274","2026-09-28T05:00:00.000Z","SKU0233","2","3200","6400","6400"
"5299","2026-09-28T05:00:00.000Z","SKU0235","4","2200","8800","8800"
"5324","2026-09-28T05:00:00.000Z","SKU0236","5","4700","23500","23500"
"5348","2026-09-28T05:00:00.000Z","SKU0237","6","2700","16200","16200"
"5373","2026-09-28T05:00:00.000Z","SKU0238","7","3700","25900","25900"
"5421","2026-09-28T05:00:00.000Z","SKU0240","1","3000","3000","3000"
"5446","2026-09-28T05:00:00.000Z","SKU0241","2","1000","2000","2000"
"5470","2026-09-28T05:00:00.000Z","SKU0242","3","1200","3600","3600"
"5495","2026-09-28T05:00:00.000Z","SKU0243","4","3200","12800","12800"
"5520","2026-09-28T05:00:00.000Z","SKU0244","5","1700","8500","8500"
"5544","2026-09-28T05:00:00.000Z","SKU0245","6","2200","13200","13200"
"5569","2026-09-28T05:00:00.000Z","SKU0246","7","4700","32900","32900"
"5593","2026-09-28T05:00:00.000Z","SKU0248","1","3700","3700","3700"
"5618","2026-09-28T05:00:00.000Z","SKU0249","2","700","1400","1400"
"5642","2026-09-28T05:00:00.000Z","SKU0250","3","3000","9000","9000"
"5667","2026-09-28T05:00:00.000Z","SKU0251","4","1000","4000","4000"
"5692","2026-09-28T05:00:00.000Z","SKU0252","5","1200","6000","6000"
"5716","2026-09-28T05:00:00.000Z","SKU0253","6","3200","19200","19200"
"5741","2026-09-28T05:00:00.000Z","SKU0254","7","1700","11900","11900"
"5789","2026-09-28T05:00:00.000Z","SKU0256","1","4700","4700","4700"
"5814","2026-09-28T05:00:00.000Z","SKU0257","2","2700","5400","5400"
"5838","2026-09-28T05:00:00.000Z","SKU0258","3","3700","11100","11100"
"5863","2026-09-28T05:00:00.000Z","SKU0259","4","700","2800","2800"
"5887","2026-09-28T05:00:00.000Z","SKU0261","6","1000","6000","6000"
"5912","2026-09-28T05:00:00.000Z","SKU0262","7","1200","8400","8400"
"5960","2026-09-28T05:00:00.000Z","SKU0264","1","1700","1700","1700"
"5985","2026-09-28T05:00:00.000Z","SKU0265","2","2200","4400","4400"
"6009","2026-09-28T05:00:00.000Z","SKU0266","3","4700","14100","14100"
"6034","2026-09-28T05:00:00.000Z","SKU0267","4","2700","10800","10800"
"6059","2026-09-28T05:00:00.000Z","SKU0268","5","3700","18500","18500"
"6083","2026-09-28T05:00:00.000Z","SKU0269","6","700","4200","4200"
"6108","2026-09-28T05:00:00.000Z","SKU0270","7","3000","21000","21000"
"6156","2026-09-28T05:00:00.000Z","SKU0272","1","1200","1200","1200"
"6180","2026-09-28T05:00:00.000Z","SKU0274","3","1700","5100","5100"
"6205","2026-09-28T05:00:00.000Z","SKU0275","4","2200","8800","8800"
"6230","2026-09-28T05:00:00.000Z","SKU0276","5","4700","23500","23500"
"6254","2026-09-28T05:00:00.000Z","SKU0277","6","2700","16200","16200"
"6279","2026-09-28T05:00:00.000Z","SKU0278","7","3700","25900","25900"
"6327","2026-09-28T05:00:00.000Z","SKU0280","1","3000","3000","3000"
"6352","2026-09-28T05:00:00.000Z","SKU0281","2","1000","2000","2000"
"6376","2026-09-28T05:00:00.000Z","SKU0282","3","1200","3600","3600"
"6401","2026-09-28T05:00:00.000Z","SKU0283","4","3200","12800","12800"
"6426","2026-09-28T05:00:00.000Z","SKU0284","5","1700","8500","8500"
"6450","2026-09-28T05:00:00.000Z","SKU0285","6","2200","13200","13200"
"6498","2026-09-28T05:00:00.000Z","SKU0288","1","3700","3700","3700"
"6523","2026-09-28T05:00:00.000Z","SKU0289","2","700","1400","1400"
"6547","2026-09-28T05:00:00.000Z","SKU0290","3","3000","9000","9000"
"6572","2026-09-28T05:00:00.000Z","SKU0291","4","1000","4000","4000"
"6597","2026-09-28T05:00:00.000Z","SKU0292","5","1200","6000","6000"
"6621","2026-09-28T05:00:00.000Z","SKU0293","6","3200","19200","19200"
"6646","2026-09-28T05:00:00.000Z","SKU0294","7","1700","11900","11900"
"6694","2026-09-28T05:00:00.000Z","SKU0296","1","4700","4700","4700"
"6719","2026-09-28T05:00:00.000Z","SKU0297","2","2700","5400","5400"
"6743","2026-09-28T05:00:00.000Z","SKU0298","3","3700","11100","11100"
"6768","2026-09-28T05:00:00.000Z","SKU0300","5","3100","15500","15500"
"6792","2026-09-28T05:00:00.000Z","SKU0301","6","1100","6600","6600"
"6817","2026-09-28T05:00:00.000Z","SKU0302","7","1300","9100","9100"
"6865","2026-09-28T05:00:00.000Z","SKU0304","1","1800","1800","1800"
"6890","2026-09-28T05:00:00.000Z","SKU0305","2","2300","4600","4600"
"6914","2026-09-28T05:00:00.000Z","SKU0306","3","4800","14400","14400"
"6939","2026-09-28T05:00:00.000Z","SKU0307","4","2800","11200","11200"
"6964","2026-09-28T05:00:00.000Z","SKU0308","5","3800","19000","19000"
"6988","2026-09-28T05:00:00.000Z","SKU0309","6","800","4800","4800"
"7013","2026-09-28T05:00:00.000Z","SKU0310","7","3100","21700","21700"
"7062","2026-09-28T05:00:00.000Z","SKU0313","2","3300","6600","6600"
"7086","2026-09-28T05:00:00.000Z","SKU0314","3","1800","5400","5400"
"7111","2026-09-28T05:00:00.000Z","SKU0315","4","2300","9200","9200"
"7136","2026-09-28T05:00:00.000Z","SKU0316","5","4800","24000","24000"
"7160","2026-09-28T05:00:00.000Z","SKU0317","6","2800","16800","16800"
"7185","2026-09-28T05:00:00.000Z","SKU0318","7","3800","26600","26600"
"7233","2026-09-28T05:00:00.000Z","SKU0320","1","3100","3100","3100"
"7258","2026-09-28T05:00:00.000Z","SKU0321","2","1100","2200","2200"
"7282","2026-09-28T05:00:00.000Z","SKU0322","3","1300","3900","3900"
"7307","2026-09-28T05:00:00.000Z","SKU0323","4","3300","13200","13200"
"7332","2026-09-28T05:00:00.000Z","SKU0324","5","1800","9000","9000"
"7357","2026-09-28T05:00:00.000Z","SKU0326","7","4800","33600","33600"
"7405","2026-09-28T05:00:00.000Z","SKU0328","1","3800","3800","3800"
"7430","2026-09-28T05:00:00.000Z","SKU0329","2","800","1600","1600"
"7454","2026-09-28T05:00:00.000Z","SKU0330","3","3100","9300","9300"
"7479","2026-09-28T05:00:00.000Z","SKU0331","4","1100","4400","4400"
"7504","2026-09-28T05:00:00.000Z","SKU0332","5","1300","6500","6500"
"7528","2026-09-28T05:00:00.000Z","SKU0333","6","3300","19800","19800"
"7553","2026-09-28T05:00:00.000Z","SKU0334","7","1800","12600","12600"
"7601","2026-09-28T05:00:00.000Z","SKU0336","1","4800","4800","4800"
"7626","2026-09-28T05:00:00.000Z","SKU0337","2","2800","5600","5600"
"7651","2026-09-28T05:00:00.000Z","SKU0339","4","800","3200","3200"
"7676","2026-09-28T05:00:00.000Z","SKU0340","5","3100","15500","15500"
"7700","2026-09-28T05:00:00.000Z","SKU0341","6","1100","6600","6600"
"7725","2026-09-28T05:00:00.000Z","SKU0342","7","1300","9100","9100"
"7773","2026-09-28T05:00:00.000Z","SKU0344","1","1800","1800","1800"
"7798","2026-09-28T05:00:00.000Z","SKU0345","2","2300","4600","4600"
"7822","2026-09-28T05:00:00.000Z","SKU0346","3","4800","14400","14400"
"7847","2026-09-28T05:00:00.000Z","SKU0347","4","2800","11200","11200"
"7872","2026-09-28T05:00:00.000Z","SKU0348","5","3800","19000","19000"
"7896","2026-09-28T05:00:00.000Z","SKU0349","6","800","4800","4800"
"7921","2026-09-28T05:00:00.000Z","SKU0350","7","3100","21700","21700"
"7945","2026-09-28T05:00:00.000Z","SKU0352","1","1300","1300","1300"
"7970","2026-09-28T05:00:00.000Z","SKU0353","2","3300","6600","6600"
"7994","2026-09-28T05:00:00.000Z","SKU0354","3","1800","5400","5400"
"8019","2026-09-28T05:00:00.000Z","SKU0355","4","2300","9200","9200"
"8044","2026-09-28T05:00:00.000Z","SKU0356","5","4800","24000","24000"
"8068","2026-09-28T05:00:00.000Z","SKU0357","6","2800","16800","16800"
"8093","2026-09-28T05:00:00.000Z","SKU0358","7","3800","26600","26600"
"8141","2026-09-28T05:00:00.000Z","SKU0360","1","3100","3100","3100"
"8166","2026-09-28T05:00:00.000Z","SKU0361","2","1100","2200","2200"
"8190","2026-09-28T05:00:00.000Z","SKU0362","3","1300","3900","3900"
"8215","2026-09-28T05:00:00.000Z","SKU0363","4","3300","13200","13200"
"8239","2026-09-28T05:00:00.000Z","SKU0365","6","2300","13800","13800"
"8264","2026-09-28T05:00:00.000Z","SKU0366","7","4800","33600","33600"
"8312","2026-09-28T05:00:00.000Z","SKU0368","1","3800","3800","3800"
"8337","2026-09-28T05:00:00.000Z","SKU0369","2","800","1600","1600"
"8361","2026-09-28T05:00:00.000Z","SKU0370","3","3100","9300","9300"
"8386","2026-09-28T05:00:00.000Z","SKU0371","4","1100","4400","4400"
"8411","2026-09-28T05:00:00.000Z","SKU0372","5","1300","6500","6500"
"8435","2026-09-28T05:00:00.000Z","SKU0373","6","3300","19800","19800"
"8460","2026-09-28T05:00:00.000Z","SKU0374","7","1800","12600","12600"
"8508","2026-09-28T05:00:00.000Z","SKU0376","1","4800","4800","4800"
"8532","2026-09-28T05:00:00.000Z","SKU0378","3","3800","11400","11400"
"8557","2026-09-28T05:00:00.000Z","SKU0379","4","800","3200","3200"
"8582","2026-09-28T05:00:00.000Z","SKU0380","5","3100","15500","15500"
"8606","2026-09-28T05:00:00.000Z","SKU0381","6","1100","6600","6600"
"8631","2026-09-28T05:00:00.000Z","SKU0382","7","1300","9100","9100"
"8679","2026-09-28T05:00:00.000Z","SKU0384","1","1800","1800","1800"
"8704","2026-09-28T05:00:00.000Z","SKU0385","2","2300","4600","4600"
"8728","2026-09-28T05:00:00.000Z","SKU0386","3","4800","14400","14400"
"8753","2026-09-28T05:00:00.000Z","SKU0387","4","2800","11200","11200"
"8778","2026-09-28T05:00:00.000Z","SKU0388","5","3800","19000","19000"
"8802","2026-09-28T05:00:00.000Z","SKU0389","6","800","4800","4800"
"8850","2026-09-28T05:00:00.000Z","SKU0392","1","1300","1300","1300"
"8875","2026-09-28T05:00:00.000Z","SKU0393","2","3300","6600","6600"
"8899","2026-09-28T05:00:00.000Z","SKU0394","3","1800","5400","5400"
"8924","2026-09-28T05:00:00.000Z","SKU0395","4","2300","9200","9200"
"8949","2026-09-28T05:00:00.000Z","SKU0396","5","4800","24000","24000"
"8973","2026-09-28T05:00:00.000Z","SKU0397","6","2800","16800","16800"
"8998","2026-09-28T05:00:00.000Z","SKU0398","7","3800","26600","26600"
"9046","2026-09-28T05:00:00.000Z","SKU0400","1","3200","3200","3200"
"9071","2026-09-28T05:00:00.000Z","SKU0401","2","1200","2400","2400"
"9095","2026-09-28T05:00:00.000Z","SKU0402","3","1400","4200","4200"
"9120","2026-09-28T05:00:00.000Z","SKU0404","5","1900","9500","9500"
"9144","2026-09-28T05:00:00.000Z","SKU0405","6","2400","14400","14400"
"9169","2026-09-28T05:00:00.000Z","SKU0406","7","4900","34300","34300"
"9217","2026-09-28T05:00:00.000Z","SKU0408","1","3900","3900","3900"
"9242","2026-09-28T05:00:00.000Z","SKU0409","2","900","1800","1800"
"9266","2026-09-28T05:00:00.000Z","SKU0410","3","3200","9600","9600"
"9291","2026-09-28T05:00:00.000Z","SKU0411","4","1200","4800","4800"
"9316","2026-09-28T05:00:00.000Z","SKU0412","5","1400","7000","7000"
"9340","2026-09-28T05:00:00.000Z","SKU0413","6","3400","20400","20400"
"9365","2026-09-28T05:00:00.000Z","SKU0414","7","1900","13300","13300"
"9414","2026-09-28T05:00:00.000Z","SKU0417","2","2900","5800","5800"
"9438","2026-09-28T05:00:00.000Z","SKU0418","3","3900","11700","11700"
"9463","2026-09-28T05:00:00.000Z","SKU0419","4","900","3600","3600"
"9488","2026-09-28T05:00:00.000Z","SKU0420","5","3200","16000","16000"
"9512","2026-09-28T05:00:00.000Z","SKU0421","6","1200","7200","7200"
"9537","2026-09-28T05:00:00.000Z","SKU0422","7","1400","9800","9800"
"9585","2026-09-28T05:00:00.000Z","SKU0424","1","1900","1900","1900"
"9610","2026-09-28T05:00:00.000Z","SKU0425","2","2400","4800","4800"
"9634","2026-09-28T05:00:00.000Z","SKU0426","3","4900","14700","14700"
"9659","2026-09-28T05:00:00.000Z","SKU0427","4","2900","11600","11600"
"9684","2026-09-28T05:00:00.000Z","SKU0428","5","3900","19500","19500"
"9709","2026-09-28T05:00:00.000Z","SKU0430","7","3200","22400","22400"
"9757","2026-09-28T05:00:00.000Z","SKU0432","1","1400","1400","1400"
"9782","2026-09-28T05:00:00.000Z","SKU0433","2","3400","6800","6800"
"9806","2026-09-28T05:00:00.000Z","SKU0434","3","1900","5700","5700"
"9831","2026-09-28T05:00:00.000Z","SKU0435","4","2400","9600","9600"
"9856","2026-09-28T05:00:00.000Z","SKU0436","5","4900","24500","24500"
"9880","2026-09-28T05:00:00.000Z","SKU0437","6","2900","17400","17400"
"9905","2026-09-28T05:00:00.000Z","SKU0438","7","3900","27300","27300"
"9953","2026-09-28T05:00:00.000Z","SKU0440","1","3200","3200","3200"
"9978","2026-09-28T05:00:00.000Z","SKU0441","2","1200","2400","2400"
"10003","2026-09-28T05:00:00.000Z","SKU0443","4","3400","13600","13600"
"10028","2026-09-28T05:00:00.000Z","SKU0444","5","1900","9500","9500"
"10052","2026-09-28T05:00:00.000Z","SKU0445","6","2400","14400","14400"
"10077","2026-09-28T05:00:00.000Z","SKU0446","7","4900","34300","34300"
"10125","2026-09-28T05:00:00.000Z","SKU0448","1","3900","3900","3900"
"10150","2026-09-28T05:00:00.000Z","SKU0449","2","900","1800","1800"
"10174","2026-09-28T05:00:00.000Z","SKU0450","3","3200","9600","9600"
"10199","2026-09-28T05:00:00.000Z","SKU0451","4","1200","4800","4800"
"10224","2026-09-28T05:00:00.000Z","SKU0452","5","1400","7000","7000"
"10248","2026-09-28T05:00:00.000Z","SKU0453","6","3400","20400","20400"
"10273","2026-09-28T05:00:00.000Z","SKU0454","7","1900","13300","13300"
"10297","2026-09-28T05:00:00.000Z","SKU0456","1","4900","4900","4900"
"10322","2026-09-28T05:00:00.000Z","SKU0457","2","2900","5800","5800"
"10346","2026-09-28T05:00:00.000Z","SKU0458","3","3900","11700","11700"
"10371","2026-09-28T05:00:00.000Z","SKU0459","4","900","3600","3600"
"10396","2026-09-28T05:00:00.000Z","SKU0460","5","3200","16000","16000"
"10420","2026-09-28T05:00:00.000Z","SKU0461","6","1200","7200","7200"
"10445","2026-09-28T05:00:00.000Z","SKU0462","7","1400","9800","9800"
"10493","2026-09-28T05:00:00.000Z","SKU0464","1","1900","1900","1900"
"10518","2026-09-28T05:00:00.000Z","SKU0465","2","2400","4800","4800"
"10542","2026-09-28T05:00:00.000Z","SKU0466","3","4900","14700","14700"
"10567","2026-09-28T05:00:00.000Z","SKU0467","4","2900","11600","11600"
"10591","2026-09-28T05:00:00.000Z","SKU0469","6","900","5400","5400"
"10616","2026-09-28T05:00:00.000Z","SKU0470","7","3200","22400","22400"
"10664","2026-09-28T05:00:00.000Z","SKU0472","1","1400","1400","1400"
"10689","2026-09-28T05:00:00.000Z","SKU0473","2","3400","6800","6800"
"10713","2026-09-28T05:00:00.000Z","SKU0474","3","1900","5700","5700"
"10738","2026-09-28T05:00:00.000Z","SKU0475","4","2400","9600","9600"
"10763","2026-09-28T05:00:00.000Z","SKU0476","5","4900","24500","24500"
"10787","2026-09-28T05:00:00.000Z","SKU0477","6","2900","17400","17400"
"10812","2026-09-28T05:00:00.000Z","SKU0478","7","3900","27300","27300"
"10860","2026-09-28T05:00:00.000Z","SKU0480","1","3200","3200","3200"
"10884","2026-09-28T05:00:00.000Z","SKU0482","3","1400","4200","4200"
"10909","2026-09-28T05:00:00.000Z","SKU0483","4","3400","13600","13600"
"10934","2026-09-28T05:00:00.000Z","SKU0484","5","1900","9500","9500"
"10958","2026-09-28T05:00:00.000Z","SKU0485","6","2400","14400","14400"
"10983","2026-09-28T05:00:00.000Z","SKU0486","7","4900","34300","34300"
"11031","2026-09-28T05:00:00.000Z","SKU0488","1","3900","3900","3900"
"11056","2026-09-28T05:00:00.000Z","SKU0489","2","900","1800","1800"
"11080","2026-09-28T05:00:00.000Z","SKU0490","3","3200","9600","9600"
"11105","2026-09-28T05:00:00.000Z","SKU0491","4","1200","4800","4800"
"11130","2026-09-28T05:00:00.000Z","SKU0492","5","1400","7000","7000"
"11154","2026-09-28T05:00:00.000Z","SKU0493","6","3400","20400","20400"
"11202","2026-09-28T05:00:00.000Z","SKU0496","1","4900","4900","4900"
"11227","2026-09-28T05:00:00.000Z","SKU0497","2","2900","5800","5800"
"11251","2026-09-28T05:00:00.000Z","SKU0498","3","3900","11700","11700"
"11276","2026-09-28T05:00:00.000Z","SKU0499","4","900","3600","3600"
"21","2026-09-29T05:00:00.000Z","SKU0001","4","800","3200","3200"
"49","2026-09-29T05:00:00.000Z","SKU0002","8","1000","8000","8000"
"61","2026-09-29T05:00:00.000Z","SKU0003","1","3000","3000","3000"
"105","2026-09-29T05:00:00.000Z","SKU0005","1","2000","2000","2000"
"130","2026-09-29T05:00:00.000Z","SKU0006","2","4500","9000","9000"
"154","2026-09-29T05:00:00.000Z","SKU0007","3","2500","7500","7500"
"178","2026-09-29T05:00:00.000Z","SKU0008","4","3500","14000","14000"
"203","2026-09-29T05:00:00.000Z","SKU0009","5","500","2500","2500"
"227","2026-09-29T05:00:00.000Z","SKU0010","6","2800","16800","16800"
"252","2026-09-29T05:00:00.000Z","SKU0011","7","800","5600","5600"
"302","2026-09-29T05:00:00.000Z","SKU0014","2","1500","3000","3000"
"326","2026-09-29T05:00:00.000Z","SKU0015","3","2000","6000","6000"
"350","2026-09-29T05:00:00.000Z","SKU0016","4","4500","18000","18000"
"375","2026-09-29T05:00:00.000Z","SKU0017","5","2500","12500","12500"
"399","2026-09-29T05:00:00.000Z","SKU0018","6","3500","21000","21000"
"424","2026-09-29T05:00:00.000Z","SKU0019","7","500","3500","3500"
"473","2026-09-29T05:00:00.000Z","SKU0021","1","800","800","800"
"498","2026-09-29T05:00:00.000Z","SKU0022","2","1000","2000","2000"
"522","2026-09-29T05:00:00.000Z","SKU0023","3","3000","9000","9000"
"546","2026-09-29T05:00:00.000Z","SKU0024","4","1500","6000","6000"
"571","2026-09-29T05:00:00.000Z","SKU0025","5","2000","10000","10000"
"596","2026-09-29T05:00:00.000Z","SKU0027","7","2500","17500","17500"
"645","2026-09-29T05:00:00.000Z","SKU0029","1","500","500","500"
"670","2026-09-29T05:00:00.000Z","SKU0030","2","2800","5600","5600"
"694","2026-09-29T05:00:00.000Z","SKU0031","3","800","2400","2400"
"718","2026-09-29T05:00:00.000Z","SKU0032","4","1000","4000","4000"
"743","2026-09-29T05:00:00.000Z","SKU0033","5","3000","15000","15000"
"767","2026-09-29T05:00:00.000Z","SKU0034","6","1500","9000","9000"
"792","2026-09-29T05:00:00.000Z","SKU0035","7","2000","14000","14000"
"841","2026-09-29T05:00:00.000Z","SKU0037","1","2500","2500","2500"
"866","2026-09-29T05:00:00.000Z","SKU0038","2","3500","7000","7000"
"890","2026-09-29T05:00:00.000Z","SKU0040","4","2800","11200","11200"
"915","2026-09-29T05:00:00.000Z","SKU0041","5","800","4000","4000"
"939","2026-09-29T05:00:00.000Z","SKU0042","6","1000","6000","6000"
"964","2026-09-29T05:00:00.000Z","SKU0043","7","3000","21000","21000"
"1013","2026-09-29T05:00:00.000Z","SKU0045","1","2000","2000","2000"
"1038","2026-09-29T05:00:00.000Z","SKU0046","2","4500","9000","9000"
"1062","2026-09-29T05:00:00.000Z","SKU0047","3","2500","7500","7500"
"1086","2026-09-29T05:00:00.000Z","SKU0048","4","3500","14000","14000"
"1111","2026-09-29T05:00:00.000Z","SKU0049","5","500","2500","2500"
"1135","2026-09-29T05:00:00.000Z","SKU0050","6","2800","16800","16800"
"1160","2026-09-29T05:00:00.000Z","SKU0051","7","800","5600","5600"
"1184","2026-09-29T05:00:00.000Z","SKU0053","1","3000","3000","3000"
"1209","2026-09-29T05:00:00.000Z","SKU0054","2","1500","3000","3000"
"1233","2026-09-29T05:00:00.000Z","SKU0055","3","2000","6000","6000"
"1257","2026-09-29T05:00:00.000Z","SKU0056","4","4500","18000","18000"
"1282","2026-09-29T05:00:00.000Z","SKU0057","5","2500","12500","12500"
"1306","2026-09-29T05:00:00.000Z","SKU0058","6","3500","21000","21000"
"1331","2026-09-29T05:00:00.000Z","SKU0059","7","500","3500","3500"
"1380","2026-09-29T05:00:00.000Z","SKU0061","1","800","800","800"
"1405","2026-09-29T05:00:00.000Z","SKU0062","2","1000","2000","2000"
"1429","2026-09-29T05:00:00.000Z","SKU0063","3","3000","9000","9000"
"1453","2026-09-29T05:00:00.000Z","SKU0064","4","1500","6000","6000"
"1477","2026-09-29T05:00:00.000Z","SKU0066","6","4500","27000","27000"
"1502","2026-09-29T05:00:00.000Z","SKU0067","7","2500","17500","17500"
"1551","2026-09-29T05:00:00.000Z","SKU0069","1","500","500","500"
"1576","2026-09-29T05:00:00.000Z","SKU0070","2","2800","5600","5600"
"1600","2026-09-29T05:00:00.000Z","SKU0071","3","800","2400","2400"
"1624","2026-09-29T05:00:00.000Z","SKU0072","4","1000","4000","4000"
"1649","2026-09-29T05:00:00.000Z","SKU0073","5","3000","15000","15000"
"1673","2026-09-29T05:00:00.000Z","SKU0074","6","1500","9000","9000"
"1698","2026-09-29T05:00:00.000Z","SKU0075","7","2000","14000","14000"
"1747","2026-09-29T05:00:00.000Z","SKU0077","1","2500","2500","2500"
"1771","2026-09-29T05:00:00.000Z","SKU0079","3","500","1500","1500"
"1795","2026-09-29T05:00:00.000Z","SKU0080","4","2800","11200","11200"
"1820","2026-09-29T05:00:00.000Z","SKU0081","5","800","4000","4000"
"1844","2026-09-29T05:00:00.000Z","SKU0082","6","1000","6000","6000"
"1869","2026-09-29T05:00:00.000Z","SKU0083","7","3000","21000","21000"
"1918","2026-09-29T05:00:00.000Z","SKU0085","1","2000","2000","2000"
"1943","2026-09-29T05:00:00.000Z","SKU0086","2","4500","9000","9000"
"1967","2026-09-29T05:00:00.000Z","SKU0087","3","2500","7500","7500"
"1991","2026-09-29T05:00:00.000Z","SKU0088","4","3500","14000","14000"
"2016","2026-09-29T05:00:00.000Z","SKU0089","5","500","2500","2500"
"2040","2026-09-29T05:00:00.000Z","SKU0090","6","2800","16800","16800"
"2089","2026-09-29T05:00:00.000Z","SKU0093","1","3000","3000","3000"
"2114","2026-09-29T05:00:00.000Z","SKU0094","2","1500","3000","3000"
"2138","2026-09-29T05:00:00.000Z","SKU0095","3","2000","6000","6000"
"2162","2026-09-29T05:00:00.000Z","SKU0096","4","4500","18000","18000"
"2187","2026-09-29T05:00:00.000Z","SKU0097","5","2500","12500","12500"
"2211","2026-09-29T05:00:00.000Z","SKU0098","6","3500","21000","21000"
"2236","2026-09-29T05:00:00.000Z","SKU0099","7","500","3500","3500"
"2285","2026-09-29T05:00:00.000Z","SKU0101","1","900","900","900"
"2310","2026-09-29T05:00:00.000Z","SKU0102","2","1100","2200","2200"
"2334","2026-09-29T05:00:00.000Z","SKU0103","3","3100","9300","9300"
"2359","2026-09-29T05:00:00.000Z","SKU0105","5","2100","10500","10500"
"2383","2026-09-29T05:00:00.000Z","SKU0106","6","4600","27600","27600"
"2408","2026-09-29T05:00:00.000Z","SKU0107","7","2600","18200","18200"
"2457","2026-09-29T05:00:00.000Z","SKU0109","1","600","600","600"
"2482","2026-09-29T05:00:00.000Z","SKU0110","2","2900","5800","5800"
"2506","2026-09-29T05:00:00.000Z","SKU0111","3","900","2700","2700"
"2530","2026-09-29T05:00:00.000Z","SKU0112","4","1100","4400","4400"
"2555","2026-09-29T05:00:00.000Z","SKU0113","5","3100","15500","15500"
"2579","2026-09-29T05:00:00.000Z","SKU0114","6","1600","9600","9600"
"2604","2026-09-29T05:00:00.000Z","SKU0115","7","2100","14700","14700"
"2654","2026-09-29T05:00:00.000Z","SKU0118","2","3600","7200","7200"
"2678","2026-09-29T05:00:00.000Z","SKU0119","3","600","1800","1800"
"2702","2026-09-29T05:00:00.000Z","SKU0120","4","2900","11600","11600"
"2727","2026-09-29T05:00:00.000Z","SKU0121","5","900","4500","4500"
"2751","2026-09-29T05:00:00.000Z","SKU0122","6","1100","6600","6600"
"2776","2026-09-29T05:00:00.000Z","SKU0123","7","3100","21700","21700"
"2825","2026-09-29T05:00:00.000Z","SKU0125","1","2100","2100","2100"
"2850","2026-09-29T05:00:00.000Z","SKU0126","2","4600","9200","9200"
"2874","2026-09-29T05:00:00.000Z","SKU0127","3","2600","7800","7800"
"2898","2026-09-29T05:00:00.000Z","SKU0128","4","3600","14400","14400"
"2923","2026-09-29T05:00:00.000Z","SKU0129","5","600","3000","3000"
"2948","2026-09-29T05:00:00.000Z","SKU0131","7","900","6300","6300"
"2997","2026-09-29T05:00:00.000Z","SKU0133","1","3100","3100","3100"
"3022","2026-09-29T05:00:00.000Z","SKU0134","2","1600","3200","3200"
"3046","2026-09-29T05:00:00.000Z","SKU0135","3","2100","6300","6300"
"3070","2026-09-29T05:00:00.000Z","SKU0136","4","4600","18400","18400"
"3095","2026-09-29T05:00:00.000Z","SKU0137","5","2600","13000","13000"
"3119","2026-09-29T05:00:00.000Z","SKU0138","6","3600","21600","21600"
"3144","2026-09-29T05:00:00.000Z","SKU0139","7","600","4200","4200"
"3193","2026-09-29T05:00:00.000Z","SKU0141","1","900","900","900"
"3218","2026-09-29T05:00:00.000Z","SKU0142","2","1100","2200","2200"
"3242","2026-09-29T05:00:00.000Z","SKU0144","4","1600","6400","6400"
"3267","2026-09-29T05:00:00.000Z","SKU0145","5","2100","10500","10500"
"3291","2026-09-29T05:00:00.000Z","SKU0146","6","4600","27600","27600"
"3316","2026-09-29T05:00:00.000Z","SKU0147","7","2600","18200","18200"
"3365","2026-09-29T05:00:00.000Z","SKU0149","1","600","600","600"
"3390","2026-09-29T05:00:00.000Z","SKU0150","2","2900","5800","5800"
"3414","2026-09-29T05:00:00.000Z","SKU0151","3","900","2700","2700"
"3438","2026-09-29T05:00:00.000Z","SKU0152","4","1100","4400","4400"
"3463","2026-09-29T05:00:00.000Z","SKU0153","5","3100","15500","15500"
"3487","2026-09-29T05:00:00.000Z","SKU0154","6","1600","9600","9600"
"3512","2026-09-29T05:00:00.000Z","SKU0155","7","2100","14700","14700"
"3536","2026-09-29T05:00:00.000Z","SKU0157","1","2600","2600","2600"
"3561","2026-09-29T05:00:00.000Z","SKU0158","2","3600","7200","7200"
"3585","2026-09-29T05:00:00.000Z","SKU0159","3","600","1800","1800"
"3609","2026-09-29T05:00:00.000Z","SKU0160","4","2900","11600","11600"
"3634","2026-09-29T05:00:00.000Z","SKU0161","5","900","4500","4500"
"3658","2026-09-29T05:00:00.000Z","SKU0162","6","1100","6600","6600"
"3683","2026-09-29T05:00:00.000Z","SKU0163","7","3100","21700","21700"
"3732","2026-09-29T05:00:00.000Z","SKU0165","1","2100","2100","2100"
"3757","2026-09-29T05:00:00.000Z","SKU0166","2","4600","9200","9200"
"3781","2026-09-29T05:00:00.000Z","SKU0167","3","2600","7800","7800"
"3805","2026-09-29T05:00:00.000Z","SKU0168","4","3600","14400","14400"
"3829","2026-09-29T05:00:00.000Z","SKU0170","6","2900","17400","17400"
"3854","2026-09-29T05:00:00.000Z","SKU0171","7","900","6300","6300"
"3903","2026-09-29T05:00:00.000Z","SKU0173","1","3100","3100","3100"
"3928","2026-09-29T05:00:00.000Z","SKU0174","2","1600","3200","3200"
"3952","2026-09-29T05:00:00.000Z","SKU0175","3","2100","6300","6300"
"3976","2026-09-29T05:00:00.000Z","SKU0176","4","4600","18400","18400"
"4001","2026-09-29T05:00:00.000Z","SKU0177","5","2600","13000","13000"
"4025","2026-09-29T05:00:00.000Z","SKU0178","6","3600","21600","21600"
"4050","2026-09-29T05:00:00.000Z","SKU0179","7","600","4200","4200"
"4099","2026-09-29T05:00:00.000Z","SKU0181","1","900","900","900"
"4123","2026-09-29T05:00:00.000Z","SKU0183","3","3100","9300","9300"
"4147","2026-09-29T05:00:00.000Z","SKU0184","4","1600","6400","6400"
"4172","2026-09-29T05:00:00.000Z","SKU0185","5","2100","10500","10500"
"4196","2026-09-29T05:00:00.000Z","SKU0186","6","4600","27600","27600"
"4221","2026-09-29T05:00:00.000Z","SKU0187","7","2600","18200","18200"
"4270","2026-09-29T05:00:00.000Z","SKU0189","1","600","600","600"
"4295","2026-09-29T05:00:00.000Z","SKU0190","2","2900","5800","5800"
"4319","2026-09-29T05:00:00.000Z","SKU0191","3","900","2700","2700"
"4343","2026-09-29T05:00:00.000Z","SKU0192","4","1100","4400","4400"
"4368","2026-09-29T05:00:00.000Z","SKU0193","5","3100","15500","15500"
"4392","2026-09-29T05:00:00.000Z","SKU0194","6","1600","9600","9600"
"4441","2026-09-29T05:00:00.000Z","SKU0197","1","2600","2600","2600"
"4466","2026-09-29T05:00:00.000Z","SKU0198","2","3600","7200","7200"
"4490","2026-09-29T05:00:00.000Z","SKU0199","3","600","1800","1800"
"4514","2026-09-29T05:00:00.000Z","SKU0200","4","3000","12000","12000"
"4539","2026-09-29T05:00:00.000Z","SKU0201","5","1000","5000","5000"
"4563","2026-09-29T05:00:00.000Z","SKU0202","6","1200","7200","7200"
"4588","2026-09-29T05:00:00.000Z","SKU0203","7","3200","22400","22400"
"4637","2026-09-29T05:00:00.000Z","SKU0205","1","2200","2200","2200"
"4662","2026-09-29T05:00:00.000Z","SKU0206","2","4700","9400","9400"
"4686","2026-09-29T05:00:00.000Z","SKU0207","3","2700","8100","8100"
"4711","2026-09-29T05:00:00.000Z","SKU0209","5","700","3500","3500"
"4735","2026-09-29T05:00:00.000Z","SKU0210","6","3000","18000","18000"
"4760","2026-09-29T05:00:00.000Z","SKU0211","7","1000","7000","7000"
"4809","2026-09-29T05:00:00.000Z","SKU0213","1","3200","3200","3200"
"4834","2026-09-29T05:00:00.000Z","SKU0214","2","1700","3400","3400"
"4858","2026-09-29T05:00:00.000Z","SKU0215","3","2200","6600","6600"
"4882","2026-09-29T05:00:00.000Z","SKU0216","4","4700","18800","18800"
"4907","2026-09-29T05:00:00.000Z","SKU0217","5","2700","13500","13500"
"4931","2026-09-29T05:00:00.000Z","SKU0218","6","3700","22200","22200"
"4956","2026-09-29T05:00:00.000Z","SKU0219","7","700","4900","4900"
"5006","2026-09-29T05:00:00.000Z","SKU0222","2","1200","2400","2400"
"5030","2026-09-29T05:00:00.000Z","SKU0223","3","3200","9600","9600"
"5054","2026-09-29T05:00:00.000Z","SKU0224","4","1700","6800","6800"
"5079","2026-09-29T05:00:00.000Z","SKU0225","5","2200","11000","11000"
"5103","2026-09-29T05:00:00.000Z","SKU0226","6","4700","28200","28200"
"5128","2026-09-29T05:00:00.000Z","SKU0227","7","2700","18900","18900"
"5177","2026-09-29T05:00:00.000Z","SKU0229","1","700","700","700"
"5202","2026-09-29T05:00:00.000Z","SKU0230","2","3000","6000","6000"
"5226","2026-09-29T05:00:00.000Z","SKU0231","3","1000","3000","3000"
"5250","2026-09-29T05:00:00.000Z","SKU0232","4","1200","4800","4800"
"5275","2026-09-29T05:00:00.000Z","SKU0233","5","3200","16000","16000"
"5300","2026-09-29T05:00:00.000Z","SKU0235","7","2200","15400","15400"
"5349","2026-09-29T05:00:00.000Z","SKU0237","1","2700","2700","2700"
"5374","2026-09-29T05:00:00.000Z","SKU0238","2","3700","7400","7400"
"5398","2026-09-29T05:00:00.000Z","SKU0239","3","700","2100","2100"
"5422","2026-09-29T05:00:00.000Z","SKU0240","4","3000","12000","12000"
"5447","2026-09-29T05:00:00.000Z","SKU0241","5","1000","5000","5000"
"5471","2026-09-29T05:00:00.000Z","SKU0242","6","1200","7200","7200"
"5496","2026-09-29T05:00:00.000Z","SKU0243","7","3200","22400","22400"
"5545","2026-09-29T05:00:00.000Z","SKU0245","1","2200","2200","2200"
"5570","2026-09-29T05:00:00.000Z","SKU0246","2","4700","9400","9400"
"5594","2026-09-29T05:00:00.000Z","SKU0248","4","3700","14800","14800"
"5619","2026-09-29T05:00:00.000Z","SKU0249","5","700","3500","3500"
"5643","2026-09-29T05:00:00.000Z","SKU0250","6","3000","18000","18000"
"5668","2026-09-29T05:00:00.000Z","SKU0251","7","1000","7000","7000"
"5717","2026-09-29T05:00:00.000Z","SKU0253","1","3200","3200","3200"
"5742","2026-09-29T05:00:00.000Z","SKU0254","2","1700","3400","3400"
"5766","2026-09-29T05:00:00.000Z","SKU0255","3","2200","6600","6600"
"5790","2026-09-29T05:00:00.000Z","SKU0256","4","4700","18800","18800"
"5815","2026-09-29T05:00:00.000Z","SKU0257","5","2700","13500","13500"
"5839","2026-09-29T05:00:00.000Z","SKU0258","6","3700","22200","22200"
"5864","2026-09-29T05:00:00.000Z","SKU0259","7","700","4900","4900"
"5888","2026-09-29T05:00:00.000Z","SKU0261","1","1000","1000","1000"
"5913","2026-09-29T05:00:00.000Z","SKU0262","2","1200","2400","2400"
"5937","2026-09-29T05:00:00.000Z","SKU0263","3","3200","9600","9600"
"5961","2026-09-29T05:00:00.000Z","SKU0264","4","1700","6800","6800"
"5986","2026-09-29T05:00:00.000Z","SKU0265","5","2200","11000","11000"
"6010","2026-09-29T05:00:00.000Z","SKU0266","6","4700","28200","28200"
"6035","2026-09-29T05:00:00.000Z","SKU0267","7","2700","18900","18900"
"6084","2026-09-29T05:00:00.000Z","SKU0269","1","700","700","700"
"6109","2026-09-29T05:00:00.000Z","SKU0270","2","3000","6000","6000"
"6133","2026-09-29T05:00:00.000Z","SKU0271","3","1000","3000","3000"
"6157","2026-09-29T05:00:00.000Z","SKU0272","4","1200","4800","4800"
"6181","2026-09-29T05:00:00.000Z","SKU0274","6","1700","10200","10200"
"6206","2026-09-29T05:00:00.000Z","SKU0275","7","2200","15400","15400"
"6255","2026-09-29T05:00:00.000Z","SKU0277","1","2700","2700","2700"
"6280","2026-09-29T05:00:00.000Z","SKU0278","2","3700","7400","7400"
"6304","2026-09-29T05:00:00.000Z","SKU0279","3","700","2100","2100"
"6328","2026-09-29T05:00:00.000Z","SKU0280","4","3000","12000","12000"
"6353","2026-09-29T05:00:00.000Z","SKU0281","5","1000","5000","5000"
"6377","2026-09-29T05:00:00.000Z","SKU0282","6","1200","7200","7200"
"6402","2026-09-29T05:00:00.000Z","SKU0283","7","3200","22400","22400"
"6451","2026-09-29T05:00:00.000Z","SKU0285","1","2200","2200","2200"
"6475","2026-09-29T05:00:00.000Z","SKU0287","3","2700","8100","8100"
"6499","2026-09-29T05:00:00.000Z","SKU0288","4","3700","14800","14800"
"6524","2026-09-29T05:00:00.000Z","SKU0289","5","700","3500","3500"
"6548","2026-09-29T05:00:00.000Z","SKU0290","6","3000","18000","18000"
"6573","2026-09-29T05:00:00.000Z","SKU0291","7","1000","7000","7000"
"6622","2026-09-29T05:00:00.000Z","SKU0293","1","3200","3200","3200"
"6647","2026-09-29T05:00:00.000Z","SKU0294","2","1700","3400","3400"
"6671","2026-09-29T05:00:00.000Z","SKU0295","3","2200","6600","6600"
"6695","2026-09-29T05:00:00.000Z","SKU0296","4","4700","18800","18800"
"6720","2026-09-29T05:00:00.000Z","SKU0297","5","2700","13500","13500"
"6744","2026-09-29T05:00:00.000Z","SKU0298","6","3700","22200","22200"
"6793","2026-09-29T05:00:00.000Z","SKU0301","1","1100","1100","1100"
"6818","2026-09-29T05:00:00.000Z","SKU0302","2","1300","2600","2600"
"6842","2026-09-29T05:00:00.000Z","SKU0303","3","3300","9900","9900"
"6866","2026-09-29T05:00:00.000Z","SKU0304","4","1800","7200","7200"
"6891","2026-09-29T05:00:00.000Z","SKU0305","5","2300","11500","11500"
"6915","2026-09-29T05:00:00.000Z","SKU0306","6","4800","28800","28800"
"6940","2026-09-29T05:00:00.000Z","SKU0307","7","2800","19600","19600"
"6989","2026-09-29T05:00:00.000Z","SKU0309","1","800","800","800"
"7014","2026-09-29T05:00:00.000Z","SKU0310","2","3100","6200","6200"
"7038","2026-09-29T05:00:00.000Z","SKU0311","3","1100","3300","3300"
"7063","2026-09-29T05:00:00.000Z","SKU0313","5","3300","16500","16500"
"7087","2026-09-29T05:00:00.000Z","SKU0314","6","1800","10800","10800"
"7112","2026-09-29T05:00:00.000Z","SKU0315","7","2300","16100","16100"
"7161","2026-09-29T05:00:00.000Z","SKU0317","1","2800","2800","2800"
"7186","2026-09-29T05:00:00.000Z","SKU0318","2","3800","7600","7600"
"7210","2026-09-29T05:00:00.000Z","SKU0319","3","800","2400","2400"
"7234","2026-09-29T05:00:00.000Z","SKU0320","4","3100","12400","12400"
"7259","2026-09-29T05:00:00.000Z","SKU0321","5","1100","5500","5500"
"7283","2026-09-29T05:00:00.000Z","SKU0322","6","1300","7800","7800"
"7308","2026-09-29T05:00:00.000Z","SKU0323","7","3300","23100","23100"
"7358","2026-09-29T05:00:00.000Z","SKU0326","2","4800","9600","9600"
"7382","2026-09-29T05:00:00.000Z","SKU0327","3","2800","8400","8400"
"7406","2026-09-29T05:00:00.000Z","SKU0328","4","3800","15200","15200"
"7431","2026-09-29T05:00:00.000Z","SKU0329","5","800","4000","4000"
"7455","2026-09-29T05:00:00.000Z","SKU0330","6","3100","18600","18600"
"7480","2026-09-29T05:00:00.000Z","SKU0331","7","1100","7700","7700"
"7529","2026-09-29T05:00:00.000Z","SKU0333","1","3300","3300","3300"
"7554","2026-09-29T05:00:00.000Z","SKU0334","2","1800","3600","3600"
"7578","2026-09-29T05:00:00.000Z","SKU0335","3","2300","6900","6900"
"7602","2026-09-29T05:00:00.000Z","SKU0336","4","4800","19200","19200"
"7627","2026-09-29T05:00:00.000Z","SKU0337","5","2800","14000","14000"
"7652","2026-09-29T05:00:00.000Z","SKU0339","7","800","5600","5600"
"7701","2026-09-29T05:00:00.000Z","SKU0341","1","1100","1100","1100"
"7726","2026-09-29T05:00:00.000Z","SKU0342","2","1300","2600","2600"
"7750","2026-09-29T05:00:00.000Z","SKU0343","3","3300","9900","9900"
"7774","2026-09-29T05:00:00.000Z","SKU0344","4","1800","7200","7200"
"7799","2026-09-29T05:00:00.000Z","SKU0345","5","2300","11500","11500"
"7823","2026-09-29T05:00:00.000Z","SKU0346","6","4800","28800","28800"
"7848","2026-09-29T05:00:00.000Z","SKU0347","7","2800","19600","19600"
"7897","2026-09-29T05:00:00.000Z","SKU0349","1","800","800","800"
"7922","2026-09-29T05:00:00.000Z","SKU0350","2","3100","6200","6200"
"7946","2026-09-29T05:00:00.000Z","SKU0352","4","1300","5200","5200"
"7971","2026-09-29T05:00:00.000Z","SKU0353","5","3300","16500","16500"
"7995","2026-09-29T05:00:00.000Z","SKU0354","6","1800","10800","10800"
"8020","2026-09-29T05:00:00.000Z","SKU0355","7","2300","16100","16100"
"8069","2026-09-29T05:00:00.000Z","SKU0357","1","2800","2800","2800"
"8094","2026-09-29T05:00:00.000Z","SKU0358","2","3800","7600","7600"
"8118","2026-09-29T05:00:00.000Z","SKU0359","3","800","2400","2400"
"8142","2026-09-29T05:00:00.000Z","SKU0360","4","3100","12400","12400"
"8167","2026-09-29T05:00:00.000Z","SKU0361","5","1100","5500","5500"
"8191","2026-09-29T05:00:00.000Z","SKU0362","6","1300","7800","7800"
"8216","2026-09-29T05:00:00.000Z","SKU0363","7","3300","23100","23100"
"8240","2026-09-29T05:00:00.000Z","SKU0365","1","2300","2300","2300"
"8265","2026-09-29T05:00:00.000Z","SKU0366","2","4800","9600","9600"
"8289","2026-09-29T05:00:00.000Z","SKU0367","3","2800","8400","8400"
"8313","2026-09-29T05:00:00.000Z","SKU0368","4","3800","15200","15200"
"8338","2026-09-29T05:00:00.000Z","SKU0369","5","800","4000","4000"
"8362","2026-09-29T05:00:00.000Z","SKU0370","6","3100","18600","18600"
"8387","2026-09-29T05:00:00.000Z","SKU0371","7","1100","7700","7700"
"8436","2026-09-29T05:00:00.000Z","SKU0373","1","3300","3300","3300"
"8461","2026-09-29T05:00:00.000Z","SKU0374","2","1800","3600","3600"
"8485","2026-09-29T05:00:00.000Z","SKU0375","3","2300","6900","6900"
"8509","2026-09-29T05:00:00.000Z","SKU0376","4","4800","19200","19200"
"8533","2026-09-29T05:00:00.000Z","SKU0378","6","3800","22800","22800"
"8558","2026-09-29T05:00:00.000Z","SKU0379","7","800","5600","5600"
"8607","2026-09-29T05:00:00.000Z","SKU0381","1","1100","1100","1100"
"8632","2026-09-29T05:00:00.000Z","SKU0382","2","1300","2600","2600"
"8656","2026-09-29T05:00:00.000Z","SKU0383","3","3300","9900","9900"
"8680","2026-09-29T05:00:00.000Z","SKU0384","4","1800","7200","7200"
"8705","2026-09-29T05:00:00.000Z","SKU0385","5","2300","11500","11500"
"8729","2026-09-29T05:00:00.000Z","SKU0386","6","4800","28800","28800"
"8754","2026-09-29T05:00:00.000Z","SKU0387","7","2800","19600","19600"
"8803","2026-09-29T05:00:00.000Z","SKU0389","1","800","800","800"
"8827","2026-09-29T05:00:00.000Z","SKU0391","3","1100","3300","3300"
"8851","2026-09-29T05:00:00.000Z","SKU0392","4","1300","5200","5200"
"8876","2026-09-29T05:00:00.000Z","SKU0393","5","3300","16500","16500"
"8900","2026-09-29T05:00:00.000Z","SKU0394","6","1800","10800","10800"
"8925","2026-09-29T05:00:00.000Z","SKU0395","7","2300","16100","16100"
"8974","2026-09-29T05:00:00.000Z","SKU0397","1","2800","2800","2800"
"8999","2026-09-29T05:00:00.000Z","SKU0398","2","3800","7600","7600"
"9023","2026-09-29T05:00:00.000Z","SKU0399","3","800","2400","2400"
"9047","2026-09-29T05:00:00.000Z","SKU0400","4","3200","12800","12800"
"9072","2026-09-29T05:00:00.000Z","SKU0401","5","1200","6000","6000"
"9096","2026-09-29T05:00:00.000Z","SKU0402","6","1400","8400","8400"
"9145","2026-09-29T05:00:00.000Z","SKU0405","1","2400","2400","2400"
"9170","2026-09-29T05:00:00.000Z","SKU0406","2","4900","9800","9800"
"9194","2026-09-29T05:00:00.000Z","SKU0407","3","2900","8700","8700"
"9218","2026-09-29T05:00:00.000Z","SKU0408","4","3900","15600","15600"
"9243","2026-09-29T05:00:00.000Z","SKU0409","5","900","4500","4500"
"9267","2026-09-29T05:00:00.000Z","SKU0410","6","3200","19200","19200"
"9292","2026-09-29T05:00:00.000Z","SKU0411","7","1200","8400","8400"
"9341","2026-09-29T05:00:00.000Z","SKU0413","1","3400","3400","3400"
"9366","2026-09-29T05:00:00.000Z","SKU0414","2","1900","3800","3800"
"9390","2026-09-29T05:00:00.000Z","SKU0415","3","2400","7200","7200"
"9415","2026-09-29T05:00:00.000Z","SKU0417","5","2900","14500","14500"
"9439","2026-09-29T05:00:00.000Z","SKU0418","6","3900","23400","23400"
"9464","2026-09-29T05:00:00.000Z","SKU0419","7","900","6300","6300"
"9513","2026-09-29T05:00:00.000Z","SKU0421","1","1200","1200","1200"
"9538","2026-09-29T05:00:00.000Z","SKU0422","2","1400","2800","2800"
"9562","2026-09-29T05:00:00.000Z","SKU0423","3","3400","10200","10200"
"9586","2026-09-29T05:00:00.000Z","SKU0424","4","1900","7600","7600"
"9611","2026-09-29T05:00:00.000Z","SKU0425","5","2400","12000","12000"
"9635","2026-09-29T05:00:00.000Z","SKU0426","6","4900","29400","29400"
"9660","2026-09-29T05:00:00.000Z","SKU0427","7","2900","20300","20300"
"9710","2026-09-29T05:00:00.000Z","SKU0430","2","3200","6400","6400"
"9734","2026-09-29T05:00:00.000Z","SKU0431","3","1200","3600","3600"
"9758","2026-09-29T05:00:00.000Z","SKU0432","4","1400","5600","5600"
"9783","2026-09-29T05:00:00.000Z","SKU0433","5","3400","17000","17000"
"9807","2026-09-29T05:00:00.000Z","SKU0434","6","1900","11400","11400"
"9832","2026-09-29T05:00:00.000Z","SKU0435","7","2400","16800","16800"
"9881","2026-09-29T05:00:00.000Z","SKU0437","1","2900","2900","2900"
"9906","2026-09-29T05:00:00.000Z","SKU0438","2","3900","7800","7800"
"9930","2026-09-29T05:00:00.000Z","SKU0439","3","900","2700","2700"
"9954","2026-09-29T05:00:00.000Z","SKU0440","4","3200","12800","12800"
"9979","2026-09-29T05:00:00.000Z","SKU0441","5","1200","6000","6000"
"10004","2026-09-29T05:00:00.000Z","SKU0443","7","3400","23800","23800"
"10053","2026-09-29T05:00:00.000Z","SKU0445","1","2400","2400","2400"
"10078","2026-09-29T05:00:00.000Z","SKU0446","2","4900","9800","9800"
"10102","2026-09-29T05:00:00.000Z","SKU0447","3","2900","8700","8700"
"10126","2026-09-29T05:00:00.000Z","SKU0448","4","3900","15600","15600"
"10151","2026-09-29T05:00:00.000Z","SKU0449","5","900","4500","4500"
"10175","2026-09-29T05:00:00.000Z","SKU0450","6","3200","19200","19200"
"10200","2026-09-29T05:00:00.000Z","SKU0451","7","1200","8400","8400"
"10249","2026-09-29T05:00:00.000Z","SKU0453","1","3400","3400","3400"
"10274","2026-09-29T05:00:00.000Z","SKU0454","2","1900","3800","3800"
"10298","2026-09-29T05:00:00.000Z","SKU0456","4","4900","19600","19600"
"10323","2026-09-29T05:00:00.000Z","SKU0457","5","2900","14500","14500"
"10347","2026-09-29T05:00:00.000Z","SKU0458","6","3900","23400","23400"
"10372","2026-09-29T05:00:00.000Z","SKU0459","7","900","6300","6300"
"10421","2026-09-29T05:00:00.000Z","SKU0461","1","1200","1200","1200"
"10446","2026-09-29T05:00:00.000Z","SKU0462","2","1400","2800","2800"
"10470","2026-09-29T05:00:00.000Z","SKU0463","3","3400","10200","10200"
"10494","2026-09-29T05:00:00.000Z","SKU0464","4","1900","7600","7600"
"10519","2026-09-29T05:00:00.000Z","SKU0465","5","2400","12000","12000"
"10543","2026-09-29T05:00:00.000Z","SKU0466","6","4900","29400","29400"
"10568","2026-09-29T05:00:00.000Z","SKU0467","7","2900","20300","20300"
"10592","2026-09-29T05:00:00.000Z","SKU0469","1","900","900","900"
"10617","2026-09-29T05:00:00.000Z","SKU0470","2","3200","6400","6400"
"10641","2026-09-29T05:00:00.000Z","SKU0471","3","1200","3600","3600"
"10665","2026-09-29T05:00:00.000Z","SKU0472","4","1400","5600","5600"
"10690","2026-09-29T05:00:00.000Z","SKU0473","5","3400","17000","17000"
"10714","2026-09-29T05:00:00.000Z","SKU0474","6","1900","11400","11400"
"10739","2026-09-29T05:00:00.000Z","SKU0475","7","2400","16800","16800"
"10788","2026-09-29T05:00:00.000Z","SKU0477","1","2900","2900","2900"
"10813","2026-09-29T05:00:00.000Z","SKU0478","2","3900","7800","7800"
"10837","2026-09-29T05:00:00.000Z","SKU0479","3","900","2700","2700"
"10861","2026-09-29T05:00:00.000Z","SKU0480","4","3200","12800","12800"
"10885","2026-09-29T05:00:00.000Z","SKU0482","6","1400","8400","8400"
"10910","2026-09-29T05:00:00.000Z","SKU0483","7","3400","23800","23800"
"10959","2026-09-29T05:00:00.000Z","SKU0485","1","2400","2400","2400"
"10984","2026-09-29T05:00:00.000Z","SKU0486","2","4900","9800","9800"
"11008","2026-09-29T05:00:00.000Z","SKU0487","3","2900","8700","8700"
"11032","2026-09-29T05:00:00.000Z","SKU0488","4","3900","15600","15600"
"11057","2026-09-29T05:00:00.000Z","SKU0489","5","900","4500","4500"
"11081","2026-09-29T05:00:00.000Z","SKU0490","6","3200","19200","19200"
"11106","2026-09-29T05:00:00.000Z","SKU0491","7","1200","8400","8400"
"11155","2026-09-29T05:00:00.000Z","SKU0493","1","3400","3400","3400"
"11179","2026-09-29T05:00:00.000Z","SKU0495","3","2400","7200","7200"
"11203","2026-09-29T05:00:00.000Z","SKU0496","4","4900","19600","19600"
"11228","2026-09-29T05:00:00.000Z","SKU0497","5","2900","14500","14500"
"11252","2026-09-29T05:00:00.000Z","SKU0498","6","3900","23400","23400"
"11277","2026-09-29T05:00:00.000Z","SKU0499","7","900","6300","6300"
"22","2026-09-30T05:00:00.000Z","SKU0001","4","800","3200","3200"
"50","2026-09-30T05:00:00.000Z","SKU0002","8","1000","8000","8000"
"81","2026-09-30T05:00:00.000Z","SKU0004","3","1500","4500","4500"
"106","2026-09-30T05:00:00.000Z","SKU0005","4","2000","8000","8000"
"131","2026-09-30T05:00:00.000Z","SKU0006","5","4500","22500","22500"
"155","2026-09-30T05:00:00.000Z","SKU0007","6","2500","15000","15000"
"179","2026-09-30T05:00:00.000Z","SKU0008","7","3500","24500","24500"
"228","2026-09-30T05:00:00.000Z","SKU0010","1","2800","2800","2800"
"253","2026-09-30T05:00:00.000Z","SKU0011","2","800","1600","1600"
"277","2026-09-30T05:00:00.000Z","SKU0012","3","1000","3000","3000"
"303","2026-09-30T05:00:00.000Z","SKU0014","5","1500","7500","7500"
"327","2026-09-30T05:00:00.000Z","SKU0015","6","2000","12000","12000"
"351","2026-09-30T05:00:00.000Z","SKU0016","7","4500","31500","31500"
"400","2026-09-30T05:00:00.000Z","SKU0018","1","3500","3500","3500"
"425","2026-09-30T05:00:00.000Z","SKU0019","2","500","1000","1000"
"449","2026-09-30T05:00:00.000Z","SKU0020","3","2800","8400","8400"
"474","2026-09-30T05:00:00.000Z","SKU0021","4","800","3200","3200"
"499","2026-09-30T05:00:00.000Z","SKU0022","5","1000","5000","5000"
"523","2026-09-30T05:00:00.000Z","SKU0023","6","3000","18000","18000"
"547","2026-09-30T05:00:00.000Z","SKU0024","7","1500","10500","10500"
"597","2026-09-30T05:00:00.000Z","SKU0027","2","2500","5000","5000"
"621","2026-09-30T05:00:00.000Z","SKU0028","3","3500","10500","10500"
"646","2026-09-30T05:00:00.000Z","SKU0029","4","500","2000","2000"
"671","2026-09-30T05:00:00.000Z","SKU0030","5","2800","14000","14000"
"695","2026-09-30T05:00:00.000Z","SKU0031","6","800","4800","4800"
"719","2026-09-30T05:00:00.000Z","SKU0032","7","1000","7000","7000"
"768","2026-09-30T05:00:00.000Z","SKU0034","1","1500","1500","1500"
"793","2026-09-30T05:00:00.000Z","SKU0035","2","2000","4000","4000"
"817","2026-09-30T05:00:00.000Z","SKU0036","3","4500","13500","13500"
"842","2026-09-30T05:00:00.000Z","SKU0037","4","2500","10000","10000"
"867","2026-09-30T05:00:00.000Z","SKU0038","5","3500","17500","17500"
"891","2026-09-30T05:00:00.000Z","SKU0040","7","2800","19600","19600"
"940","2026-09-30T05:00:00.000Z","SKU0042","1","1000","1000","1000"
"965","2026-09-30T05:00:00.000Z","SKU0043","2","3000","6000","6000"
"989","2026-09-30T05:00:00.000Z","SKU0044","3","1500","4500","4500"
"1014","2026-09-30T05:00:00.000Z","SKU0045","4","2000","8000","8000"
"1039","2026-09-30T05:00:00.000Z","SKU0046","5","4500","22500","22500"
"1063","2026-09-30T05:00:00.000Z","SKU0047","6","2500","15000","15000"
"1087","2026-09-30T05:00:00.000Z","SKU0048","7","3500","24500","24500"
"1136","2026-09-30T05:00:00.000Z","SKU0050","1","2800","2800","2800"
"1161","2026-09-30T05:00:00.000Z","SKU0051","2","800","1600","1600"
"1185","2026-09-30T05:00:00.000Z","SKU0053","4","3000","12000","12000"
"1210","2026-09-30T05:00:00.000Z","SKU0054","5","1500","7500","7500"
"1234","2026-09-30T05:00:00.000Z","SKU0055","6","2000","12000","12000"
"1258","2026-09-30T05:00:00.000Z","SKU0056","7","4500","31500","31500"
"1307","2026-09-30T05:00:00.000Z","SKU0058","1","3500","3500","3500"
"1332","2026-09-30T05:00:00.000Z","SKU0059","2","500","1000","1000"
"1356","2026-09-30T05:00:00.000Z","SKU0060","3","2800","8400","8400"
"1381","2026-09-30T05:00:00.000Z","SKU0061","4","800","3200","3200"
"1406","2026-09-30T05:00:00.000Z","SKU0062","5","1000","5000","5000"
"1430","2026-09-30T05:00:00.000Z","SKU0063","6","3000","18000","18000"
"1454","2026-09-30T05:00:00.000Z","SKU0064","7","1500","10500","10500"
"1478","2026-09-30T05:00:00.000Z","SKU0066","1","4500","4500","4500"
"1503","2026-09-30T05:00:00.000Z","SKU0067","2","2500","5000","5000"
"1527","2026-09-30T05:00:00.000Z","SKU0068","3","3500","10500","10500"
"1552","2026-09-30T05:00:00.000Z","SKU0069","4","500","2000","2000"
"1577","2026-09-30T05:00:00.000Z","SKU0070","5","2800","14000","14000"
"1601","2026-09-30T05:00:00.000Z","SKU0071","6","800","4800","4800"
"1625","2026-09-30T05:00:00.000Z","SKU0072","7","1000","7000","7000"
"1674","2026-09-30T05:00:00.000Z","SKU0074","1","1500","1500","1500"
"1699","2026-09-30T05:00:00.000Z","SKU0075","2","2000","4000","4000"
"1723","2026-09-30T05:00:00.000Z","SKU0076","3","4500","13500","13500"
"1748","2026-09-30T05:00:00.000Z","SKU0077","4","2500","10000","10000"
"1772","2026-09-30T05:00:00.000Z","SKU0079","6","500","3000","3000"
"1796","2026-09-30T05:00:00.000Z","SKU0080","7","2800","19600","19600"
"1845","2026-09-30T05:00:00.000Z","SKU0082","1","1000","1000","1000"
"1870","2026-09-30T05:00:00.000Z","SKU0083","2","3000","6000","6000"
"1894","2026-09-30T05:00:00.000Z","SKU0084","3","1500","4500","4500"
"1919","2026-09-30T05:00:00.000Z","SKU0085","4","2000","8000","8000"
"1944","2026-09-30T05:00:00.000Z","SKU0086","5","4500","22500","22500"
"1968","2026-09-30T05:00:00.000Z","SKU0087","6","2500","15000","15000"
"1992","2026-09-30T05:00:00.000Z","SKU0088","7","3500","24500","24500"
"2041","2026-09-30T05:00:00.000Z","SKU0090","1","2800","2800","2800"
"2065","2026-09-30T05:00:00.000Z","SKU0092","3","1000","3000","3000"
"2090","2026-09-30T05:00:00.000Z","SKU0093","4","3000","12000","12000"
"2115","2026-09-30T05:00:00.000Z","SKU0094","5","1500","7500","7500"
"2139","2026-09-30T05:00:00.000Z","SKU0095","6","2000","12000","12000"
"2163","2026-09-30T05:00:00.000Z","SKU0096","7","4500","31500","31500"
"2212","2026-09-30T05:00:00.000Z","SKU0098","1","3500","3500","3500"
"2237","2026-09-30T05:00:00.000Z","SKU0099","2","500","1000","1000"
"2261","2026-09-30T05:00:00.000Z","SKU0100","3","2900","8700","8700"
"2286","2026-09-30T05:00:00.000Z","SKU0101","4","900","3600","3600"
"2311","2026-09-30T05:00:00.000Z","SKU0102","5","1100","5500","5500"
"2335","2026-09-30T05:00:00.000Z","SKU0103","6","3100","18600","18600"
"2384","2026-09-30T05:00:00.000Z","SKU0106","1","4600","4600","4600"
"2409","2026-09-30T05:00:00.000Z","SKU0107","2","2600","5200","5200"
"2433","2026-09-30T05:00:00.000Z","SKU0108","3","3600","10800","10800"
"2458","2026-09-30T05:00:00.000Z","SKU0109","4","600","2400","2400"
"2483","2026-09-30T05:00:00.000Z","SKU0110","5","2900","14500","14500"
"2507","2026-09-30T05:00:00.000Z","SKU0111","6","900","5400","5400"
"2531","2026-09-30T05:00:00.000Z","SKU0112","7","1100","7700","7700"
"2580","2026-09-30T05:00:00.000Z","SKU0114","1","1600","1600","1600"
"2605","2026-09-30T05:00:00.000Z","SKU0115","2","2100","4200","4200"
"2629","2026-09-30T05:00:00.000Z","SKU0116","3","4600","13800","13800"
"2655","2026-09-30T05:00:00.000Z","SKU0118","5","3600","18000","18000"
"2679","2026-09-30T05:00:00.000Z","SKU0119","6","600","3600","3600"
"2703","2026-09-30T05:00:00.000Z","SKU0120","7","2900","20300","20300"
"2752","2026-09-30T05:00:00.000Z","SKU0122","1","1100","1100","1100"
"2777","2026-09-30T05:00:00.000Z","SKU0123","2","3100","6200","6200"
"2801","2026-09-30T05:00:00.000Z","SKU0124","3","1600","4800","4800"
"2826","2026-09-30T05:00:00.000Z","SKU0125","4","2100","8400","8400"
"2851","2026-09-30T05:00:00.000Z","SKU0126","5","4600","23000","23000"
"2875","2026-09-30T05:00:00.000Z","SKU0127","6","2600","15600","15600"
"2899","2026-09-30T05:00:00.000Z","SKU0128","7","3600","25200","25200"
"2949","2026-09-30T05:00:00.000Z","SKU0131","2","900","1800","1800"
"2973","2026-09-30T05:00:00.000Z","SKU0132","3","1100","3300","3300"
"2998","2026-09-30T05:00:00.000Z","SKU0133","4","3100","12400","12400"
"3023","2026-09-30T05:00:00.000Z","SKU0134","5","1600","8000","8000"
"3047","2026-09-30T05:00:00.000Z","SKU0135","6","2100","12600","12600"
"3071","2026-09-30T05:00:00.000Z","SKU0136","7","4600","32200","32200"
"3120","2026-09-30T05:00:00.000Z","SKU0138","1","3600","3600","3600"
"3145","2026-09-30T05:00:00.000Z","SKU0139","2","600","1200","1200"
"3169","2026-09-30T05:00:00.000Z","SKU0140","3","2900","8700","8700"
"3194","2026-09-30T05:00:00.000Z","SKU0141","4","900","3600","3600"
"3219","2026-09-30T05:00:00.000Z","SKU0142","5","1100","5500","5500"
"3243","2026-09-30T05:00:00.000Z","SKU0144","7","1600","11200","11200"
"3292","2026-09-30T05:00:00.000Z","SKU0146","1","4600","4600","4600"
"3317","2026-09-30T05:00:00.000Z","SKU0147","2","2600","5200","5200"
"3341","2026-09-30T05:00:00.000Z","SKU0148","3","3600","10800","10800"
"3366","2026-09-30T05:00:00.000Z","SKU0149","4","600","2400","2400"
"3391","2026-09-30T05:00:00.000Z","SKU0150","5","2900","14500","14500"
"3415","2026-09-30T05:00:00.000Z","SKU0151","6","900","5400","5400"
"3439","2026-09-30T05:00:00.000Z","SKU0152","7","1100","7700","7700"
"3488","2026-09-30T05:00:00.000Z","SKU0154","1","1600","1600","1600"
"3513","2026-09-30T05:00:00.000Z","SKU0155","2","2100","4200","4200"
"3537","2026-09-30T05:00:00.000Z","SKU0157","4","2600","10400","10400"
"3562","2026-09-30T05:00:00.000Z","SKU0158","5","3600","18000","18000"
"3586","2026-09-30T05:00:00.000Z","SKU0159","6","600","3600","3600"
"3610","2026-09-30T05:00:00.000Z","SKU0160","7","2900","20300","20300"
"3659","2026-09-30T05:00:00.000Z","SKU0162","1","1100","1100","1100"
"3684","2026-09-30T05:00:00.000Z","SKU0163","2","3100","6200","6200"
"3708","2026-09-30T05:00:00.000Z","SKU0164","3","1600","4800","4800"
"3733","2026-09-30T05:00:00.000Z","SKU0165","4","2100","8400","8400"
"3758","2026-09-30T05:00:00.000Z","SKU0166","5","4600","23000","23000"
"3782","2026-09-30T05:00:00.000Z","SKU0167","6","2600","15600","15600"
"3806","2026-09-30T05:00:00.000Z","SKU0168","7","3600","25200","25200"
"3830","2026-09-30T05:00:00.000Z","SKU0170","1","2900","2900","2900"
"3855","2026-09-30T05:00:00.000Z","SKU0171","2","900","1800","1800"
"3879","2026-09-30T05:00:00.000Z","SKU0172","3","1100","3300","3300"
"3904","2026-09-30T05:00:00.000Z","SKU0173","4","3100","12400","12400"
"3929","2026-09-30T05:00:00.000Z","SKU0174","5","1600","8000","8000"
"3953","2026-09-30T05:00:00.000Z","SKU0175","6","2100","12600","12600"
"3977","2026-09-30T05:00:00.000Z","SKU0176","7","4600","32200","32200"
"4026","2026-09-30T05:00:00.000Z","SKU0178","1","3600","3600","3600"
"4051","2026-09-30T05:00:00.000Z","SKU0179","2","600","1200","1200"
"4075","2026-09-30T05:00:00.000Z","SKU0180","3","2900","8700","8700"
"4100","2026-09-30T05:00:00.000Z","SKU0181","4","900","3600","3600"
"4124","2026-09-30T05:00:00.000Z","SKU0183","6","3100","18600","18600"
"4148","2026-09-30T05:00:00.000Z","SKU0184","7","1600","11200","11200"
"4197","2026-09-30T05:00:00.000Z","SKU0186","1","4600","4600","4600"
"4222","2026-09-30T05:00:00.000Z","SKU0187","2","2600","5200","5200"
"4246","2026-09-30T05:00:00.000Z","SKU0188","3","3600","10800","10800"
"4271","2026-09-30T05:00:00.000Z","SKU0189","4","600","2400","2400"
"4296","2026-09-30T05:00:00.000Z","SKU0190","5","2900","14500","14500"
"4320","2026-09-30T05:00:00.000Z","SKU0191","6","900","5400","5400"
"4344","2026-09-30T05:00:00.000Z","SKU0192","7","1100","7700","7700"
"4393","2026-09-30T05:00:00.000Z","SKU0194","1","1600","1600","1600"
"4417","2026-09-30T05:00:00.000Z","SKU0196","3","4600","13800","13800"
"4442","2026-09-30T05:00:00.000Z","SKU0197","4","2600","10400","10400"
"4467","2026-09-30T05:00:00.000Z","SKU0198","5","3600","18000","18000"
"4491","2026-09-30T05:00:00.000Z","SKU0199","6","600","3600","3600"
"4515","2026-09-30T05:00:00.000Z","SKU0200","7","3000","21000","21000"
"4564","2026-09-30T05:00:00.000Z","SKU0202","1","1200","1200","1200"
"4589","2026-09-30T05:00:00.000Z","SKU0203","2","3200","6400","6400"
"4613","2026-09-30T05:00:00.000Z","SKU0204","3","1700","5100","5100"
"4638","2026-09-30T05:00:00.000Z","SKU0205","4","2200","8800","8800"
"4663","2026-09-30T05:00:00.000Z","SKU0206","5","4700","23500","23500"
"4687","2026-09-30T05:00:00.000Z","SKU0207","6","2700","16200","16200"
"4736","2026-09-30T05:00:00.000Z","SKU0210","1","3000","3000","3000"
"4761","2026-09-30T05:00:00.000Z","SKU0211","2","1000","2000","2000"
"4785","2026-09-30T05:00:00.000Z","SKU0212","3","1200","3600","3600"
"4810","2026-09-30T05:00:00.000Z","SKU0213","4","3200","12800","12800"
"4835","2026-09-30T05:00:00.000Z","SKU0214","5","1700","8500","8500"
"4859","2026-09-30T05:00:00.000Z","SKU0215","6","2200","13200","13200"
"4883","2026-09-30T05:00:00.000Z","SKU0216","7","4700","32900","32900"
"4932","2026-09-30T05:00:00.000Z","SKU0218","1","3700","3700","3700"
"4957","2026-09-30T05:00:00.000Z","SKU0219","2","700","1400","1400"
"4981","2026-09-30T05:00:00.000Z","SKU0220","3","3000","9000","9000"
"5007","2026-09-30T05:00:00.000Z","SKU0222","5","1200","6000","6000"
"5031","2026-09-30T05:00:00.000Z","SKU0223","6","3200","19200","19200"
"5055","2026-09-30T05:00:00.000Z","SKU0224","7","1700","11900","11900"
"5104","2026-09-30T05:00:00.000Z","SKU0226","1","4700","4700","4700"
"5129","2026-09-30T05:00:00.000Z","SKU0227","2","2700","5400","5400"
"5153","2026-09-30T05:00:00.000Z","SKU0228","3","3700","11100","11100"
"5178","2026-09-30T05:00:00.000Z","SKU0229","4","700","2800","2800"
"5203","2026-09-30T05:00:00.000Z","SKU0230","5","3000","15000","15000"
"5227","2026-09-30T05:00:00.000Z","SKU0231","6","1000","6000","6000"
"5251","2026-09-30T05:00:00.000Z","SKU0232","7","1200","8400","8400"
"5301","2026-09-30T05:00:00.000Z","SKU0235","2","2200","4400","4400"
"5325","2026-09-30T05:00:00.000Z","SKU0236","3","4700","14100","14100"
"5350","2026-09-30T05:00:00.000Z","SKU0237","4","2700","10800","10800"
"5375","2026-09-30T05:00:00.000Z","SKU0238","5","3700","18500","18500"
"5399","2026-09-30T05:00:00.000Z","SKU0239","6","700","4200","4200"
"5423","2026-09-30T05:00:00.000Z","SKU0240","7","3000","21000","21000"
"5472","2026-09-30T05:00:00.000Z","SKU0242","1","1200","1200","1200"
"5497","2026-09-30T05:00:00.000Z","SKU0243","2","3200","6400","6400"
"5521","2026-09-30T05:00:00.000Z","SKU0244","3","1700","5100","5100"
"5546","2026-09-30T05:00:00.000Z","SKU0245","4","2200","8800","8800"
"5571","2026-09-30T05:00:00.000Z","SKU0246","5","4700","23500","23500"
"5595","2026-09-30T05:00:00.000Z","SKU0248","7","3700","25900","25900"
"5644","2026-09-30T05:00:00.000Z","SKU0250","1","3000","3000","3000"
"5669","2026-09-30T05:00:00.000Z","SKU0251","2","1000","2000","2000"
"5693","2026-09-30T05:00:00.000Z","SKU0252","3","1200","3600","3600"
"5718","2026-09-30T05:00:00.000Z","SKU0253","4","3200","12800","12800"
"5743","2026-09-30T05:00:00.000Z","SKU0254","5","1700","8500","8500"
"5767","2026-09-30T05:00:00.000Z","SKU0255","6","2200","13200","13200"
"5791","2026-09-30T05:00:00.000Z","SKU0256","7","4700","32900","32900"
"5840","2026-09-30T05:00:00.000Z","SKU0258","1","3700","3700","3700"
"5865","2026-09-30T05:00:00.000Z","SKU0259","2","700","1400","1400"
"5889","2026-09-30T05:00:00.000Z","SKU0261","4","1000","4000","4000"
"5914","2026-09-30T05:00:00.000Z","SKU0262","5","1200","6000","6000"
"5938","2026-09-30T05:00:00.000Z","SKU0263","6","3200","19200","19200"
"5962","2026-09-30T05:00:00.000Z","SKU0264","7","1700","11900","11900"
"6011","2026-09-30T05:00:00.000Z","SKU0266","1","4700","4700","4700"
"6036","2026-09-30T05:00:00.000Z","SKU0267","2","2700","5400","5400"
"6060","2026-09-30T05:00:00.000Z","SKU0268","3","3700","11100","11100"
"6085","2026-09-30T05:00:00.000Z","SKU0269","4","700","2800","2800"
"6110","2026-09-30T05:00:00.000Z","SKU0270","5","3000","15000","15000"
"6134","2026-09-30T05:00:00.000Z","SKU0271","6","1000","6000","6000"
"6158","2026-09-30T05:00:00.000Z","SKU0272","7","1200","8400","8400"
"6182","2026-09-30T05:00:00.000Z","SKU0274","1","1700","1700","1700"
"6207","2026-09-30T05:00:00.000Z","SKU0275","2","2200","4400","4400"
"6231","2026-09-30T05:00:00.000Z","SKU0276","3","4700","14100","14100"
"6256","2026-09-30T05:00:00.000Z","SKU0277","4","2700","10800","10800"
"6281","2026-09-30T05:00:00.000Z","SKU0278","5","3700","18500","18500"
"6305","2026-09-30T05:00:00.000Z","SKU0279","6","700","4200","4200"
"6329","2026-09-30T05:00:00.000Z","SKU0280","7","3000","21000","21000"
"6378","2026-09-30T05:00:00.000Z","SKU0282","1","1200","1200","1200"
"6403","2026-09-30T05:00:00.000Z","SKU0283","2","3200","6400","6400"
"6427","2026-09-30T05:00:00.000Z","SKU0284","3","1700","5100","5100"
"6452","2026-09-30T05:00:00.000Z","SKU0285","4","2200","8800","8800"
"6476","2026-09-30T05:00:00.000Z","SKU0287","6","2700","16200","16200"
"6500","2026-09-30T05:00:00.000Z","SKU0288","7","3700","25900","25900"
"6549","2026-09-30T05:00:00.000Z","SKU0290","1","3000","3000","3000"
"6574","2026-09-30T05:00:00.000Z","SKU0291","2","1000","2000","2000"
"6598","2026-09-30T05:00:00.000Z","SKU0292","3","1200","3600","3600"
"6623","2026-09-30T05:00:00.000Z","SKU0293","4","3200","12800","12800"
"6648","2026-09-30T05:00:00.000Z","SKU0294","5","1700","8500","8500"
"6672","2026-09-30T05:00:00.000Z","SKU0295","6","2200","13200","13200"
"6696","2026-09-30T05:00:00.000Z","SKU0296","7","4700","32900","32900"
"6745","2026-09-30T05:00:00.000Z","SKU0298","1","3700","3700","3700"
"6769","2026-09-30T05:00:00.000Z","SKU0300","3","3100","9300","9300"
"6794","2026-09-30T05:00:00.000Z","SKU0301","4","1100","4400","4400"
"6819","2026-09-30T05:00:00.000Z","SKU0302","5","1300","6500","6500"
"6843","2026-09-30T05:00:00.000Z","SKU0303","6","3300","19800","19800"
"6867","2026-09-30T05:00:00.000Z","SKU0304","7","1800","12600","12600"
"6916","2026-09-30T05:00:00.000Z","SKU0306","1","4800","4800","4800"
"6941","2026-09-30T05:00:00.000Z","SKU0307","2","2800","5600","5600"
"6965","2026-09-30T05:00:00.000Z","SKU0308","3","3800","11400","11400"
"6990","2026-09-30T05:00:00.000Z","SKU0309","4","800","3200","3200"
"7015","2026-09-30T05:00:00.000Z","SKU0310","5","3100","15500","15500"
"7039","2026-09-30T05:00:00.000Z","SKU0311","6","1100","6600","6600"
"7088","2026-09-30T05:00:00.000Z","SKU0314","1","1800","1800","1800"
"7113","2026-09-30T05:00:00.000Z","SKU0315","2","2300","4600","4600"
"7137","2026-09-30T05:00:00.000Z","SKU0316","3","4800","14400","14400"
"7162","2026-09-30T05:00:00.000Z","SKU0317","4","2800","11200","11200"
"7187","2026-09-30T05:00:00.000Z","SKU0318","5","3800","19000","19000"
"7211","2026-09-30T05:00:00.000Z","SKU0319","6","800","4800","4800"
"7235","2026-09-30T05:00:00.000Z","SKU0320","7","3100","21700","21700"
"7284","2026-09-30T05:00:00.000Z","SKU0322","1","1300","1300","1300"
"7309","2026-09-30T05:00:00.000Z","SKU0323","2","3300","6600","6600"
"7333","2026-09-30T05:00:00.000Z","SKU0324","3","1800","5400","5400"
"7359","2026-09-30T05:00:00.000Z","SKU0326","5","4800","24000","24000"
"7383","2026-09-30T05:00:00.000Z","SKU0327","6","2800","16800","16800"
"7407","2026-09-30T05:00:00.000Z","SKU0328","7","3800","26600","26600"
"7456","2026-09-30T05:00:00.000Z","SKU0330","1","3100","3100","3100"
"7481","2026-09-30T05:00:00.000Z","SKU0331","2","1100","2200","2200"
"7505","2026-09-30T05:00:00.000Z","SKU0332","3","1300","3900","3900"
"7530","2026-09-30T05:00:00.000Z","SKU0333","4","3300","13200","13200"
"7555","2026-09-30T05:00:00.000Z","SKU0334","5","1800","9000","9000"
"7579","2026-09-30T05:00:00.000Z","SKU0335","6","2300","13800","13800"
"7603","2026-09-30T05:00:00.000Z","SKU0336","7","4800","33600","33600"
"7653","2026-09-30T05:00:00.000Z","SKU0339","2","800","1600","1600"
"7677","2026-09-30T05:00:00.000Z","SKU0340","3","3100","9300","9300"
"7702","2026-09-30T05:00:00.000Z","SKU0341","4","1100","4400","4400"
"7727","2026-09-30T05:00:00.000Z","SKU0342","5","1300","6500","6500"
"7751","2026-09-30T05:00:00.000Z","SKU0343","6","3300","19800","19800"
"7775","2026-09-30T05:00:00.000Z","SKU0344","7","1800","12600","12600"
"7824","2026-09-30T05:00:00.000Z","SKU0346","1","4800","4800","4800"
"7849","2026-09-30T05:00:00.000Z","SKU0347","2","2800","5600","5600"
"7873","2026-09-30T05:00:00.000Z","SKU0348","3","3800","11400","11400"
"7898","2026-09-30T05:00:00.000Z","SKU0349","4","800","3200","3200"
"7923","2026-09-30T05:00:00.000Z","SKU0350","5","3100","15500","15500"
"7947","2026-09-30T05:00:00.000Z","SKU0352","7","1300","9100","9100"
"7996","2026-09-30T05:00:00.000Z","SKU0354","1","1800","1800","1800"
"8021","2026-09-30T05:00:00.000Z","SKU0355","2","2300","4600","4600"
"8045","2026-09-30T05:00:00.000Z","SKU0356","3","4800","14400","14400"
"8070","2026-09-30T05:00:00.000Z","SKU0357","4","2800","11200","11200"
"8095","2026-09-30T05:00:00.000Z","SKU0358","5","3800","19000","19000"
"8119","2026-09-30T05:00:00.000Z","SKU0359","6","800","4800","4800"
"8143","2026-09-30T05:00:00.000Z","SKU0360","7","3100","21700","21700"
"8192","2026-09-30T05:00:00.000Z","SKU0362","1","1300","1300","1300"
"8217","2026-09-30T05:00:00.000Z","SKU0363","2","3300","6600","6600"
"8241","2026-09-30T05:00:00.000Z","SKU0365","4","2300","9200","9200"
"8266","2026-09-30T05:00:00.000Z","SKU0366","5","4800","24000","24000"
"8290","2026-09-30T05:00:00.000Z","SKU0367","6","2800","16800","16800"
"8314","2026-09-30T05:00:00.000Z","SKU0368","7","3800","26600","26600"
"8363","2026-09-30T05:00:00.000Z","SKU0370","1","3100","3100","3100"
"8388","2026-09-30T05:00:00.000Z","SKU0371","2","1100","2200","2200"
"8412","2026-09-30T05:00:00.000Z","SKU0372","3","1300","3900","3900"
"8437","2026-09-30T05:00:00.000Z","SKU0373","4","3300","13200","13200"
"8462","2026-09-30T05:00:00.000Z","SKU0374","5","1800","9000","9000"
"8486","2026-09-30T05:00:00.000Z","SKU0375","6","2300","13800","13800"
"8510","2026-09-30T05:00:00.000Z","SKU0376","7","4800","33600","33600"
"8534","2026-09-30T05:00:00.000Z","SKU0378","1","3800","3800","3800"
"8559","2026-09-30T05:00:00.000Z","SKU0379","2","800","1600","1600"
"8583","2026-09-30T05:00:00.000Z","SKU0380","3","3100","9300","9300"
"8608","2026-09-30T05:00:00.000Z","SKU0381","4","1100","4400","4400"
"8633","2026-09-30T05:00:00.000Z","SKU0382","5","1300","6500","6500"
"8657","2026-09-30T05:00:00.000Z","SKU0383","6","3300","19800","19800"
"8681","2026-09-30T05:00:00.000Z","SKU0384","7","1800","12600","12600"
"8730","2026-09-30T05:00:00.000Z","SKU0386","1","4800","4800","4800"
"8755","2026-09-30T05:00:00.000Z","SKU0387","2","2800","5600","5600"
"8779","2026-09-30T05:00:00.000Z","SKU0388","3","3800","11400","11400"
"8804","2026-09-30T05:00:00.000Z","SKU0389","4","800","3200","3200"
"8828","2026-09-30T05:00:00.000Z","SKU0391","6","1100","6600","6600"
"8852","2026-09-30T05:00:00.000Z","SKU0392","7","1300","9100","9100"
"8901","2026-09-30T05:00:00.000Z","SKU0394","1","1800","1800","1800"
"8926","2026-09-30T05:00:00.000Z","SKU0395","2","2300","4600","4600"
"8950","2026-09-30T05:00:00.000Z","SKU0396","3","4800","14400","14400"
"8975","2026-09-30T05:00:00.000Z","SKU0397","4","2800","11200","11200"
"9000","2026-09-30T05:00:00.000Z","SKU0398","5","3800","19000","19000"
"9024","2026-09-30T05:00:00.000Z","SKU0399","6","800","4800","4800"
"9048","2026-09-30T05:00:00.000Z","SKU0400","7","3200","22400","22400"
"9097","2026-09-30T05:00:00.000Z","SKU0402","1","1400","1400","1400"
"9121","2026-09-30T05:00:00.000Z","SKU0404","3","1900","5700","5700"
"9146","2026-09-30T05:00:00.000Z","SKU0405","4","2400","9600","9600"
"9171","2026-09-30T05:00:00.000Z","SKU0406","5","4900","24500","24500"
"9195","2026-09-30T05:00:00.000Z","SKU0407","6","2900","17400","17400"
"9219","2026-09-30T05:00:00.000Z","SKU0408","7","3900","27300","27300"
"9268","2026-09-30T05:00:00.000Z","SKU0410","1","3200","3200","3200"
"9293","2026-09-30T05:00:00.000Z","SKU0411","2","1200","2400","2400"
"9317","2026-09-30T05:00:00.000Z","SKU0412","3","1400","4200","4200"
"9342","2026-09-30T05:00:00.000Z","SKU0413","4","3400","13600","13600"
"9367","2026-09-30T05:00:00.000Z","SKU0414","5","1900","9500","9500"
"9391","2026-09-30T05:00:00.000Z","SKU0415","6","2400","14400","14400"
"9440","2026-09-30T05:00:00.000Z","SKU0418","1","3900","3900","3900"
"9465","2026-09-30T05:00:00.000Z","SKU0419","2","900","1800","1800"
"9489","2026-09-30T05:00:00.000Z","SKU0420","3","3200","9600","9600"
"9514","2026-09-30T05:00:00.000Z","SKU0421","4","1200","4800","4800"
"9539","2026-09-30T05:00:00.000Z","SKU0422","5","1400","7000","7000"
"9563","2026-09-30T05:00:00.000Z","SKU0423","6","3400","20400","20400"
"9587","2026-09-30T05:00:00.000Z","SKU0424","7","1900","13300","13300"
"9636","2026-09-30T05:00:00.000Z","SKU0426","1","4900","4900","4900"
"9661","2026-09-30T05:00:00.000Z","SKU0427","2","2900","5800","5800"
"9685","2026-09-30T05:00:00.000Z","SKU0428","3","3900","11700","11700"
"9711","2026-09-30T05:00:00.000Z","SKU0430","5","3200","16000","16000"
"9735","2026-09-30T05:00:00.000Z","SKU0431","6","1200","7200","7200"
"9759","2026-09-30T05:00:00.000Z","SKU0432","7","1400","9800","9800"
"9808","2026-09-30T05:00:00.000Z","SKU0434","1","1900","1900","1900"
"9833","2026-09-30T05:00:00.000Z","SKU0435","2","2400","4800","4800"
"9857","2026-09-30T05:00:00.000Z","SKU0436","3","4900","14700","14700"
"9882","2026-09-30T05:00:00.000Z","SKU0437","4","2900","11600","11600"
"9907","2026-09-30T05:00:00.000Z","SKU0438","5","3900","19500","19500"
"9931","2026-09-30T05:00:00.000Z","SKU0439","6","900","5400","5400"
"9955","2026-09-30T05:00:00.000Z","SKU0440","7","3200","22400","22400"
"10005","2026-09-30T05:00:00.000Z","SKU0443","2","3400","6800","6800"
"10029","2026-09-30T05:00:00.000Z","SKU0444","3","1900","5700","5700"
"10054","2026-09-30T05:00:00.000Z","SKU0445","4","2400","9600","9600"
"10079","2026-09-30T05:00:00.000Z","SKU0446","5","4900","24500","24500"
"10103","2026-09-30T05:00:00.000Z","SKU0447","6","2900","17400","17400"
"10127","2026-09-30T05:00:00.000Z","SKU0448","7","3900","27300","27300"
"10176","2026-09-30T05:00:00.000Z","SKU0450","1","3200","3200","3200"
"10201","2026-09-30T05:00:00.000Z","SKU0451","2","1200","2400","2400"
"10225","2026-09-30T05:00:00.000Z","SKU0452","3","1400","4200","4200"
"10250","2026-09-30T05:00:00.000Z","SKU0453","4","3400","13600","13600"
"10275","2026-09-30T05:00:00.000Z","SKU0454","5","1900","9500","9500"
"10299","2026-09-30T05:00:00.000Z","SKU0456","7","4900","34300","34300"
"10348","2026-09-30T05:00:00.000Z","SKU0458","1","3900","3900","3900"
"10373","2026-09-30T05:00:00.000Z","SKU0459","2","900","1800","1800"
"10397","2026-09-30T05:00:00.000Z","SKU0460","3","3200","9600","9600"
"10422","2026-09-30T05:00:00.000Z","SKU0461","4","1200","4800","4800"
"10447","2026-09-30T05:00:00.000Z","SKU0462","5","1400","7000","7000"
"10471","2026-09-30T05:00:00.000Z","SKU0463","6","3400","20400","20400"
"10495","2026-09-30T05:00:00.000Z","SKU0464","7","1900","13300","13300"
"10544","2026-09-30T05:00:00.000Z","SKU0466","1","4900","4900","4900"
"10569","2026-09-30T05:00:00.000Z","SKU0467","2","2900","5800","5800"
"10593","2026-09-30T05:00:00.000Z","SKU0469","4","900","3600","3600"
"10618","2026-09-30T05:00:00.000Z","SKU0470","5","3200","16000","16000"
"10642","2026-09-30T05:00:00.000Z","SKU0471","6","1200","7200","7200"
"10666","2026-09-30T05:00:00.000Z","SKU0472","7","1400","9800","9800"
"10715","2026-09-30T05:00:00.000Z","SKU0474","1","1900","1900","1900"
"10740","2026-09-30T05:00:00.000Z","SKU0475","2","2400","4800","4800"
"10764","2026-09-30T05:00:00.000Z","SKU0476","3","4900","14700","14700"
"10789","2026-09-30T05:00:00.000Z","SKU0477","4","2900","11600","11600"
"10814","2026-09-30T05:00:00.000Z","SKU0478","5","3900","19500","19500"
"10838","2026-09-30T05:00:00.000Z","SKU0479","6","900","5400","5400"
"10862","2026-09-30T05:00:00.000Z","SKU0480","7","3200","22400","22400"
"10886","2026-09-30T05:00:00.000Z","SKU0482","1","1400","1400","1400"
"10911","2026-09-30T05:00:00.000Z","SKU0483","2","3400","6800","6800"
"10935","2026-09-30T05:00:00.000Z","SKU0484","3","1900","5700","5700"
"10960","2026-09-30T05:00:00.000Z","SKU0485","4","2400","9600","9600"
"10985","2026-09-30T05:00:00.000Z","SKU0486","5","4900","24500","24500"
"11009","2026-09-30T05:00:00.000Z","SKU0487","6","2900","17400","17400"
"11033","2026-09-30T05:00:00.000Z","SKU0488","7","3900","27300","27300"
"11082","2026-09-30T05:00:00.000Z","SKU0490","1","3200","3200","3200"
"11107","2026-09-30T05:00:00.000Z","SKU0491","2","1200","2400","2400"
"11131","2026-09-30T05:00:00.000Z","SKU0492","3","1400","4200","4200"
"11156","2026-09-30T05:00:00.000Z","SKU0493","4","3400","13600","13600"
"11180","2026-09-30T05:00:00.000Z","SKU0495","6","2400","14400","14400"
"11204","2026-09-30T05:00:00.000Z","SKU0496","7","4900","34300","34300"
"11253","2026-09-30T05:00:00.000Z","SKU0498","1","3900","3900","3900"
"11278","2026-09-30T05:00:00.000Z","SKU0499","2","900","1800","1800"
"23","2026-10-01T05:00:00.000Z","SKU0001","4","800","3200","3200"
"51","2026-10-01T05:00:00.000Z","SKU0002","8","1000","8000","8000"
"82","2026-10-01T05:00:00.000Z","SKU0004","6","1500","9000","9000"
"107","2026-10-01T05:00:00.000Z","SKU0005","7","2000","14000","14000"
"156","2026-10-01T05:00:00.000Z","SKU0007","1","2500","2500","2500"
"180","2026-10-01T05:00:00.000Z","SKU0008","2","3500","7000","7000"
"204","2026-10-01T05:00:00.000Z","SKU0009","3","500","1500","1500"
"229","2026-10-01T05:00:00.000Z","SKU0010","4","2800","11200","11200"
"254","2026-10-01T05:00:00.000Z","SKU0011","5","800","4000","4000"
"278","2026-10-01T05:00:00.000Z","SKU0012","6","1000","6000","6000"
"328","2026-10-01T05:00:00.000Z","SKU0015","1","2000","2000","2000"
"352","2026-10-01T05:00:00.000Z","SKU0016","2","4500","9000","9000"
"376","2026-10-01T05:00:00.000Z","SKU0017","3","2500","7500","7500"
"401","2026-10-01T05:00:00.000Z","SKU0018","4","3500","14000","14000"
"426","2026-10-01T05:00:00.000Z","SKU0019","5","500","2500","2500"
"450","2026-10-01T05:00:00.000Z","SKU0020","6","2800","16800","16800"
"475","2026-10-01T05:00:00.000Z","SKU0021","7","800","5600","5600"
"524","2026-10-01T05:00:00.000Z","SKU0023","1","3000","3000","3000"
"548","2026-10-01T05:00:00.000Z","SKU0024","2","1500","3000","3000"
"572","2026-10-01T05:00:00.000Z","SKU0025","3","2000","6000","6000"
"598","2026-10-01T05:00:00.000Z","SKU0027","5","2500","12500","12500"
"622","2026-10-01T05:00:00.000Z","SKU0028","6","3500","21000","21000"
"647","2026-10-01T05:00:00.000Z","SKU0029","7","500","3500","3500"
"696","2026-10-01T05:00:00.000Z","SKU0031","1","800","800","800"
"720","2026-10-01T05:00:00.000Z","SKU0032","2","1000","2000","2000"
"744","2026-10-01T05:00:00.000Z","SKU0033","3","3000","9000","9000"
"769","2026-10-01T05:00:00.000Z","SKU0034","4","1500","6000","6000"
"794","2026-10-01T05:00:00.000Z","SKU0035","5","2000","10000","10000"
"818","2026-10-01T05:00:00.000Z","SKU0036","6","4500","27000","27000"
"843","2026-10-01T05:00:00.000Z","SKU0037","7","2500","17500","17500"
"892","2026-10-01T05:00:00.000Z","SKU0040","2","2800","5600","5600"
"916","2026-10-01T05:00:00.000Z","SKU0041","3","800","2400","2400"
"941","2026-10-01T05:00:00.000Z","SKU0042","4","1000","4000","4000"
"966","2026-10-01T05:00:00.000Z","SKU0043","5","3000","15000","15000"
"990","2026-10-01T05:00:00.000Z","SKU0044","6","1500","9000","9000"
"1015","2026-10-01T05:00:00.000Z","SKU0045","7","2000","14000","14000"
"1064","2026-10-01T05:00:00.000Z","SKU0047","1","2500","2500","2500"
"1088","2026-10-01T05:00:00.000Z","SKU0048","2","3500","7000","7000"
"1112","2026-10-01T05:00:00.000Z","SKU0049","3","500","1500","1500"
"1137","2026-10-01T05:00:00.000Z","SKU0050","4","2800","11200","11200"
"1162","2026-10-01T05:00:00.000Z","SKU0051","5","800","4000","4000"
"1186","2026-10-01T05:00:00.000Z","SKU0053","7","3000","21000","21000"
"1235","2026-10-01T05:00:00.000Z","SKU0055","1","2000","2000","2000"
"1259","2026-10-01T05:00:00.000Z","SKU0056","2","4500","9000","9000"
"1283","2026-10-01T05:00:00.000Z","SKU0057","3","2500","7500","7500"
"1308","2026-10-01T05:00:00.000Z","SKU0058","4","3500","14000","14000"
"1333","2026-10-01T05:00:00.000Z","SKU0059","5","500","2500","2500"
"1357","2026-10-01T05:00:00.000Z","SKU0060","6","2800","16800","16800"
"1382","2026-10-01T05:00:00.000Z","SKU0061","7","800","5600","5600"
"1431","2026-10-01T05:00:00.000Z","SKU0063","1","3000","3000","3000"
"1455","2026-10-01T05:00:00.000Z","SKU0064","2","1500","3000","3000"
"1479","2026-10-01T05:00:00.000Z","SKU0066","4","4500","18000","18000"
"1504","2026-10-01T05:00:00.000Z","SKU0067","5","2500","12500","12500"
"1528","2026-10-01T05:00:00.000Z","SKU0068","6","3500","21000","21000"
"1553","2026-10-01T05:00:00.000Z","SKU0069","7","500","3500","3500"
"1602","2026-10-01T05:00:00.000Z","SKU0071","1","800","800","800"
"1626","2026-10-01T05:00:00.000Z","SKU0072","2","1000","2000","2000"
"1650","2026-10-01T05:00:00.000Z","SKU0073","3","3000","9000","9000"
"1675","2026-10-01T05:00:00.000Z","SKU0074","4","1500","6000","6000"
"1700","2026-10-01T05:00:00.000Z","SKU0075","5","2000","10000","10000"
"1724","2026-10-01T05:00:00.000Z","SKU0076","6","4500","27000","27000"
"1749","2026-10-01T05:00:00.000Z","SKU0077","7","2500","17500","17500"
"1773","2026-10-01T05:00:00.000Z","SKU0079","1","500","500","500"
"1797","2026-10-01T05:00:00.000Z","SKU0080","2","2800","5600","5600"
"1821","2026-10-01T05:00:00.000Z","SKU0081","3","800","2400","2400"
"1846","2026-10-01T05:00:00.000Z","SKU0082","4","1000","4000","4000"
"1871","2026-10-01T05:00:00.000Z","SKU0083","5","3000","15000","15000"
"1895","2026-10-01T05:00:00.000Z","SKU0084","6","1500","9000","9000"
"1920","2026-10-01T05:00:00.000Z","SKU0085","7","2000","14000","14000"
"1969","2026-10-01T05:00:00.000Z","SKU0087","1","2500","2500","2500"
"1993","2026-10-01T05:00:00.000Z","SKU0088","2","3500","7000","7000"
"2017","2026-10-01T05:00:00.000Z","SKU0089","3","500","1500","1500"
"2042","2026-10-01T05:00:00.000Z","SKU0090","4","2800","11200","11200"
"2066","2026-10-01T05:00:00.000Z","SKU0092","6","1000","6000","6000"
"2091","2026-10-01T05:00:00.000Z","SKU0093","7","3000","21000","21000"
"2140","2026-10-01T05:00:00.000Z","SKU0095","1","2000","2000","2000"
"2164","2026-10-01T05:00:00.000Z","SKU0096","2","4500","9000","9000"
"2188","2026-10-01T05:00:00.000Z","SKU0097","3","2500","7500","7500"
"2213","2026-10-01T05:00:00.000Z","SKU0098","4","3500","14000","14000"
"2238","2026-10-01T05:00:00.000Z","SKU0099","5","500","2500","2500"
"2262","2026-10-01T05:00:00.000Z","SKU0100","6","2900","17400","17400"
"2287","2026-10-01T05:00:00.000Z","SKU0101","7","900","6300","6300"
"2336","2026-10-01T05:00:00.000Z","SKU0103","1","3100","3100","3100"
"2360","2026-10-01T05:00:00.000Z","SKU0105","3","2100","6300","6300"
"2385","2026-10-01T05:00:00.000Z","SKU0106","4","4600","18400","18400"
"2410","2026-10-01T05:00:00.000Z","SKU0107","5","2600","13000","13000"
"2434","2026-10-01T05:00:00.000Z","SKU0108","6","3600","21600","21600"
"2459","2026-10-01T05:00:00.000Z","SKU0109","7","600","4200","4200"
"2508","2026-10-01T05:00:00.000Z","SKU0111","1","900","900","900"
"2532","2026-10-01T05:00:00.000Z","SKU0112","2","1100","2200","2200"
"2556","2026-10-01T05:00:00.000Z","SKU0113","3","3100","9300","9300"
"2581","2026-10-01T05:00:00.000Z","SKU0114","4","1600","6400","6400"
"2606","2026-10-01T05:00:00.000Z","SKU0115","5","2100","10500","10500"
"2630","2026-10-01T05:00:00.000Z","SKU0116","6","4600","27600","27600"
"2680","2026-10-01T05:00:00.000Z","SKU0119","1","600","600","600"
"2704","2026-10-01T05:00:00.000Z","SKU0120","2","2900","5800","5800"
"2728","2026-10-01T05:00:00.000Z","SKU0121","3","900","2700","2700"
"2753","2026-10-01T05:00:00.000Z","SKU0122","4","1100","4400","4400"
"2778","2026-10-01T05:00:00.000Z","SKU0123","5","3100","15500","15500"
"2802","2026-10-01T05:00:00.000Z","SKU0124","6","1600","9600","9600"
"2827","2026-10-01T05:00:00.000Z","SKU0125","7","2100","14700","14700"
"2876","2026-10-01T05:00:00.000Z","SKU0127","1","2600","2600","2600"
"2900","2026-10-01T05:00:00.000Z","SKU0128","2","3600","7200","7200"
"2924","2026-10-01T05:00:00.000Z","SKU0129","3","600","1800","1800"
"2950","2026-10-01T05:00:00.000Z","SKU0131","5","900","4500","4500"
"2974","2026-10-01T05:00:00.000Z","SKU0132","6","1100","6600","6600"
"2999","2026-10-01T05:00:00.000Z","SKU0133","7","3100","21700","21700"
"3048","2026-10-01T05:00:00.000Z","SKU0135","1","2100","2100","2100"
"3072","2026-10-01T05:00:00.000Z","SKU0136","2","4600","9200","9200"
"3096","2026-10-01T05:00:00.000Z","SKU0137","3","2600","7800","7800"
"3121","2026-10-01T05:00:00.000Z","SKU0138","4","3600","14400","14400"
"3146","2026-10-01T05:00:00.000Z","SKU0139","5","600","3000","3000"
"3170","2026-10-01T05:00:00.000Z","SKU0140","6","2900","17400","17400"
"3195","2026-10-01T05:00:00.000Z","SKU0141","7","900","6300","6300"
"3244","2026-10-01T05:00:00.000Z","SKU0144","2","1600","3200","3200"
"3268","2026-10-01T05:00:00.000Z","SKU0145","3","2100","6300","6300"
"3293","2026-10-01T05:00:00.000Z","SKU0146","4","4600","18400","18400"
"3318","2026-10-01T05:00:00.000Z","SKU0147","5","2600","13000","13000"
"3342","2026-10-01T05:00:00.000Z","SKU0148","6","3600","21600","21600"
"3367","2026-10-01T05:00:00.000Z","SKU0149","7","600","4200","4200"
"3416","2026-10-01T05:00:00.000Z","SKU0151","1","900","900","900"
"3440","2026-10-01T05:00:00.000Z","SKU0152","2","1100","2200","2200"
"3464","2026-10-01T05:00:00.000Z","SKU0153","3","3100","9300","9300"
"3489","2026-10-01T05:00:00.000Z","SKU0154","4","1600","6400","6400"
"3514","2026-10-01T05:00:00.000Z","SKU0155","5","2100","10500","10500"
"3538","2026-10-01T05:00:00.000Z","SKU0157","7","2600","18200","18200"
"3587","2026-10-01T05:00:00.000Z","SKU0159","1","600","600","600"
"3611","2026-10-01T05:00:00.000Z","SKU0160","2","2900","5800","5800"
"3635","2026-10-01T05:00:00.000Z","SKU0161","3","900","2700","2700"
"3660","2026-10-01T05:00:00.000Z","SKU0162","4","1100","4400","4400"
"3685","2026-10-01T05:00:00.000Z","SKU0163","5","3100","15500","15500"
"3709","2026-10-01T05:00:00.000Z","SKU0164","6","1600","9600","9600"
"3734","2026-10-01T05:00:00.000Z","SKU0165","7","2100","14700","14700"
"3783","2026-10-01T05:00:00.000Z","SKU0167","1","2600","2600","2600"
"3807","2026-10-01T05:00:00.000Z","SKU0168","2","3600","7200","7200"
"3831","2026-10-01T05:00:00.000Z","SKU0170","4","2900","11600","11600"
"3856","2026-10-01T05:00:00.000Z","SKU0171","5","900","4500","4500"
"3880","2026-10-01T05:00:00.000Z","SKU0172","6","1100","6600","6600"
"3905","2026-10-01T05:00:00.000Z","SKU0173","7","3100","21700","21700"
"3954","2026-10-01T05:00:00.000Z","SKU0175","1","2100","2100","2100"
"3978","2026-10-01T05:00:00.000Z","SKU0176","2","4600","9200","9200"
"4002","2026-10-01T05:00:00.000Z","SKU0177","3","2600","7800","7800"
"4027","2026-10-01T05:00:00.000Z","SKU0178","4","3600","14400","14400"
"4052","2026-10-01T05:00:00.000Z","SKU0179","5","600","3000","3000"
"4076","2026-10-01T05:00:00.000Z","SKU0180","6","2900","17400","17400"
"4101","2026-10-01T05:00:00.000Z","SKU0181","7","900","6300","6300"
"4125","2026-10-01T05:00:00.000Z","SKU0183","1","3100","3100","3100"
"4149","2026-10-01T05:00:00.000Z","SKU0184","2","1600","3200","3200"
"4173","2026-10-01T05:00:00.000Z","SKU0185","3","2100","6300","6300"
"4198","2026-10-01T05:00:00.000Z","SKU0186","4","4600","18400","18400"
"4223","2026-10-01T05:00:00.000Z","SKU0187","5","2600","13000","13000"
"4247","2026-10-01T05:00:00.000Z","SKU0188","6","3600","21600","21600"
"4272","2026-10-01T05:00:00.000Z","SKU0189","7","600","4200","4200"
"4321","2026-10-01T05:00:00.000Z","SKU0191","1","900","900","900"
"4345","2026-10-01T05:00:00.000Z","SKU0192","2","1100","2200","2200"
"4369","2026-10-01T05:00:00.000Z","SKU0193","3","3100","9300","9300"
"4394","2026-10-01T05:00:00.000Z","SKU0194","4","1600","6400","6400"
"4418","2026-10-01T05:00:00.000Z","SKU0196","6","4600","27600","27600"
"4443","2026-10-01T05:00:00.000Z","SKU0197","7","2600","18200","18200"
"4492","2026-10-01T05:00:00.000Z","SKU0199","1","600","600","600"
"4516","2026-10-01T05:00:00.000Z","SKU0200","2","3000","6000","6000"
"4540","2026-10-01T05:00:00.000Z","SKU0201","3","1000","3000","3000"
"4565","2026-10-01T05:00:00.000Z","SKU0202","4","1200","4800","4800"
"4590","2026-10-01T05:00:00.000Z","SKU0203","5","3200","16000","16000"
"4614","2026-10-01T05:00:00.000Z","SKU0204","6","1700","10200","10200"
"4639","2026-10-01T05:00:00.000Z","SKU0205","7","2200","15400","15400"
"4688","2026-10-01T05:00:00.000Z","SKU0207","1","2700","2700","2700"
"4712","2026-10-01T05:00:00.000Z","SKU0209","3","700","2100","2100"
"4737","2026-10-01T05:00:00.000Z","SKU0210","4","3000","12000","12000"
"4762","2026-10-01T05:00:00.000Z","SKU0211","5","1000","5000","5000"
"4786","2026-10-01T05:00:00.000Z","SKU0212","6","1200","7200","7200"
"4811","2026-10-01T05:00:00.000Z","SKU0213","7","3200","22400","22400"
"4860","2026-10-01T05:00:00.000Z","SKU0215","1","2200","2200","2200"
"4884","2026-10-01T05:00:00.000Z","SKU0216","2","4700","9400","9400"
"4908","2026-10-01T05:00:00.000Z","SKU0217","3","2700","8100","8100"
"4933","2026-10-01T05:00:00.000Z","SKU0218","4","3700","14800","14800"
"4958","2026-10-01T05:00:00.000Z","SKU0219","5","700","3500","3500"
"4982","2026-10-01T05:00:00.000Z","SKU0220","6","3000","18000","18000"
"5032","2026-10-01T05:00:00.000Z","SKU0223","1","3200","3200","3200"
"5056","2026-10-01T05:00:00.000Z","SKU0224","2","1700","3400","3400"
"5080","2026-10-01T05:00:00.000Z","SKU0225","3","2200","6600","6600"
"5105","2026-10-01T05:00:00.000Z","SKU0226","4","4700","18800","18800"
"5130","2026-10-01T05:00:00.000Z","SKU0227","5","2700","13500","13500"
"5154","2026-10-01T05:00:00.000Z","SKU0228","6","3700","22200","22200"
"5179","2026-10-01T05:00:00.000Z","SKU0229","7","700","4900","4900"
"5228","2026-10-01T05:00:00.000Z","SKU0231","1","1000","1000","1000"
"5252","2026-10-01T05:00:00.000Z","SKU0232","2","1200","2400","2400"
"5276","2026-10-01T05:00:00.000Z","SKU0233","3","3200","9600","9600"
"5302","2026-10-01T05:00:00.000Z","SKU0235","5","2200","11000","11000"
"5326","2026-10-01T05:00:00.000Z","SKU0236","6","4700","28200","28200"
"5351","2026-10-01T05:00:00.000Z","SKU0237","7","2700","18900","18900"
"5400","2026-10-01T05:00:00.000Z","SKU0239","1","700","700","700"
"5424","2026-10-01T05:00:00.000Z","SKU0240","2","3000","6000","6000"
"5448","2026-10-01T05:00:00.000Z","SKU0241","3","1000","3000","3000"
"5473","2026-10-01T05:00:00.000Z","SKU0242","4","1200","4800","4800"
"5498","2026-10-01T05:00:00.000Z","SKU0243","5","3200","16000","16000"
"5522","2026-10-01T05:00:00.000Z","SKU0244","6","1700","10200","10200"
"5547","2026-10-01T05:00:00.000Z","SKU0245","7","2200","15400","15400"
"5596","2026-10-01T05:00:00.000Z","SKU0248","2","3700","7400","7400"
"5620","2026-10-01T05:00:00.000Z","SKU0249","3","700","2100","2100"
"5645","2026-10-01T05:00:00.000Z","SKU0250","4","3000","12000","12000"
"5670","2026-10-01T05:00:00.000Z","SKU0251","5","1000","5000","5000"
"5694","2026-10-01T05:00:00.000Z","SKU0252","6","1200","7200","7200"
"5719","2026-10-01T05:00:00.000Z","SKU0253","7","3200","22400","22400"
"5768","2026-10-01T05:00:00.000Z","SKU0255","1","2200","2200","2200"
"5792","2026-10-01T05:00:00.000Z","SKU0256","2","4700","9400","9400"
"5816","2026-10-01T05:00:00.000Z","SKU0257","3","2700","8100","8100"
"5841","2026-10-01T05:00:00.000Z","SKU0258","4","3700","14800","14800"
"5866","2026-10-01T05:00:00.000Z","SKU0259","5","700","3500","3500"
"5890","2026-10-01T05:00:00.000Z","SKU0261","7","1000","7000","7000"
"5939","2026-10-01T05:00:00.000Z","SKU0263","1","3200","3200","3200"
"5963","2026-10-01T05:00:00.000Z","SKU0264","2","1700","3400","3400"
"5987","2026-10-01T05:00:00.000Z","SKU0265","3","2200","6600","6600"
"6012","2026-10-01T05:00:00.000Z","SKU0266","4","4700","18800","18800"
"6037","2026-10-01T05:00:00.000Z","SKU0267","5","2700","13500","13500"
"6061","2026-10-01T05:00:00.000Z","SKU0268","6","3700","22200","22200"
"6086","2026-10-01T05:00:00.000Z","SKU0269","7","700","4900","4900"
"6135","2026-10-01T05:00:00.000Z","SKU0271","1","1000","1000","1000"
"6159","2026-10-01T05:00:00.000Z","SKU0272","2","1200","2400","2400"
"6183","2026-10-01T05:00:00.000Z","SKU0274","4","1700","6800","6800"
"6208","2026-10-01T05:00:00.000Z","SKU0275","5","2200","11000","11000"
"6232","2026-10-01T05:00:00.000Z","SKU0276","6","4700","28200","28200"
"6257","2026-10-01T05:00:00.000Z","SKU0277","7","2700","18900","18900"
"6306","2026-10-01T05:00:00.000Z","SKU0279","1","700","700","700"
"6330","2026-10-01T05:00:00.000Z","SKU0280","2","3000","6000","6000"
"6354","2026-10-01T05:00:00.000Z","SKU0281","3","1000","3000","3000"
"6379","2026-10-01T05:00:00.000Z","SKU0282","4","1200","4800","4800"
"6404","2026-10-01T05:00:00.000Z","SKU0283","5","3200","16000","16000"
"6428","2026-10-01T05:00:00.000Z","SKU0284","6","1700","10200","10200"
"6453","2026-10-01T05:00:00.000Z","SKU0285","7","2200","15400","15400"
"6477","2026-10-01T05:00:00.000Z","SKU0287","1","2700","2700","2700"
"6501","2026-10-01T05:00:00.000Z","SKU0288","2","3700","7400","7400"
"6525","2026-10-01T05:00:00.000Z","SKU0289","3","700","2100","2100"
"6550","2026-10-01T05:00:00.000Z","SKU0290","4","3000","12000","12000"
"6575","2026-10-01T05:00:00.000Z","SKU0291","5","1000","5000","5000"
"6599","2026-10-01T05:00:00.000Z","SKU0292","6","1200","7200","7200"
"6624","2026-10-01T05:00:00.000Z","SKU0293","7","3200","22400","22400"
"6673","2026-10-01T05:00:00.000Z","SKU0295","1","2200","2200","2200"
"6697","2026-10-01T05:00:00.000Z","SKU0296","2","4700","9400","9400"
"6721","2026-10-01T05:00:00.000Z","SKU0297","3","2700","8100","8100"
"6746","2026-10-01T05:00:00.000Z","SKU0298","4","3700","14800","14800"
"6770","2026-10-01T05:00:00.000Z","SKU0300","6","3100","18600","18600"
"6795","2026-10-01T05:00:00.000Z","SKU0301","7","1100","7700","7700"
"6844","2026-10-01T05:00:00.000Z","SKU0303","1","3300","3300","3300"
"6868","2026-10-01T05:00:00.000Z","SKU0304","2","1800","3600","3600"
"6892","2026-10-01T05:00:00.000Z","SKU0305","3","2300","6900","6900"
"6917","2026-10-01T05:00:00.000Z","SKU0306","4","4800","19200","19200"
"6942","2026-10-01T05:00:00.000Z","SKU0307","5","2800","14000","14000"
"6966","2026-10-01T05:00:00.000Z","SKU0308","6","3800","22800","22800"
"6991","2026-10-01T05:00:00.000Z","SKU0309","7","800","5600","5600"
"7040","2026-10-01T05:00:00.000Z","SKU0311","1","1100","1100","1100"
"7064","2026-10-01T05:00:00.000Z","SKU0313","3","3300","9900","9900"
"7089","2026-10-01T05:00:00.000Z","SKU0314","4","1800","7200","7200"
"7114","2026-10-01T05:00:00.000Z","SKU0315","5","2300","11500","11500"
"7138","2026-10-01T05:00:00.000Z","SKU0316","6","4800","28800","28800"
"7163","2026-10-01T05:00:00.000Z","SKU0317","7","2800","19600","19600"
"7212","2026-10-01T05:00:00.000Z","SKU0319","1","800","800","800"
"7236","2026-10-01T05:00:00.000Z","SKU0320","2","3100","6200","6200"
"7260","2026-10-01T05:00:00.000Z","SKU0321","3","1100","3300","3300"
"7285","2026-10-01T05:00:00.000Z","SKU0322","4","1300","5200","5200"
"7310","2026-10-01T05:00:00.000Z","SKU0323","5","3300","16500","16500"
"7334","2026-10-01T05:00:00.000Z","SKU0324","6","1800","10800","10800"
"7384","2026-10-01T05:00:00.000Z","SKU0327","1","2800","2800","2800"
"7408","2026-10-01T05:00:00.000Z","SKU0328","2","3800","7600","7600"
"7432","2026-10-01T05:00:00.000Z","SKU0329","3","800","2400","2400"
"7457","2026-10-01T05:00:00.000Z","SKU0330","4","3100","12400","12400"
"7482","2026-10-01T05:00:00.000Z","SKU0331","5","1100","5500","5500"
"7506","2026-10-01T05:00:00.000Z","SKU0332","6","1300","7800","7800"
"7531","2026-10-01T05:00:00.000Z","SKU0333","7","3300","23100","23100"
"7580","2026-10-01T05:00:00.000Z","SKU0335","1","2300","2300","2300"
"7604","2026-10-01T05:00:00.000Z","SKU0336","2","4800","9600","9600"
"7628","2026-10-01T05:00:00.000Z","SKU0337","3","2800","8400","8400"
"7654","2026-10-01T05:00:00.000Z","SKU0339","5","800","4000","4000"
"7678","2026-10-01T05:00:00.000Z","SKU0340","6","3100","18600","18600"
"7703","2026-10-01T05:00:00.000Z","SKU0341","7","1100","7700","7700"
"7752","2026-10-01T05:00:00.000Z","SKU0343","1","3300","3300","3300"
"7776","2026-10-01T05:00:00.000Z","SKU0344","2","1800","3600","3600"
"7800","2026-10-01T05:00:00.000Z","SKU0345","3","2300","6900","6900"
"7825","2026-10-01T05:00:00.000Z","SKU0346","4","4800","19200","19200"
"7850","2026-10-01T05:00:00.000Z","SKU0347","5","2800","14000","14000"
"7874","2026-10-01T05:00:00.000Z","SKU0348","6","3800","22800","22800"
"7899","2026-10-01T05:00:00.000Z","SKU0349","7","800","5600","5600"
"7948","2026-10-01T05:00:00.000Z","SKU0352","2","1300","2600","2600"
"7972","2026-10-01T05:00:00.000Z","SKU0353","3","3300","9900","9900"
"7997","2026-10-01T05:00:00.000Z","SKU0354","4","1800","7200","7200"
"8022","2026-10-01T05:00:00.000Z","SKU0355","5","2300","11500","11500"
"8046","2026-10-01T05:00:00.000Z","SKU0356","6","4800","28800","28800"
"8071","2026-10-01T05:00:00.000Z","SKU0357","7","2800","19600","19600"
"8120","2026-10-01T05:00:00.000Z","SKU0359","1","800","800","800"
"8144","2026-10-01T05:00:00.000Z","SKU0360","2","3100","6200","6200"
"8168","2026-10-01T05:00:00.000Z","SKU0361","3","1100","3300","3300"
"8193","2026-10-01T05:00:00.000Z","SKU0362","4","1300","5200","5200"
"8218","2026-10-01T05:00:00.000Z","SKU0363","5","3300","16500","16500"
"8242","2026-10-01T05:00:00.000Z","SKU0365","7","2300","16100","16100"
"8291","2026-10-01T05:00:00.000Z","SKU0367","1","2800","2800","2800"
"8315","2026-10-01T05:00:00.000Z","SKU0368","2","3800","7600","7600"
"8339","2026-10-01T05:00:00.000Z","SKU0369","3","800","2400","2400"
"8364","2026-10-01T05:00:00.000Z","SKU0370","4","3100","12400","12400"
"8389","2026-10-01T05:00:00.000Z","SKU0371","5","1100","5500","5500"
"8413","2026-10-01T05:00:00.000Z","SKU0372","6","1300","7800","7800"
"8438","2026-10-01T05:00:00.000Z","SKU0373","7","3300","23100","23100"
"8487","2026-10-01T05:00:00.000Z","SKU0375","1","2300","2300","2300"
"8511","2026-10-01T05:00:00.000Z","SKU0376","2","4800","9600","9600"
"8535","2026-10-01T05:00:00.000Z","SKU0378","4","3800","15200","15200"
"8560","2026-10-01T05:00:00.000Z","SKU0379","5","800","4000","4000"
"8584","2026-10-01T05:00:00.000Z","SKU0380","6","3100","18600","18600"
"8609","2026-10-01T05:00:00.000Z","SKU0381","7","1100","7700","7700"
"8658","2026-10-01T05:00:00.000Z","SKU0383","1","3300","3300","3300"
"8682","2026-10-01T05:00:00.000Z","SKU0384","2","1800","3600","3600"
"8706","2026-10-01T05:00:00.000Z","SKU0385","3","2300","6900","6900"
"8731","2026-10-01T05:00:00.000Z","SKU0386","4","4800","19200","19200"
"8756","2026-10-01T05:00:00.000Z","SKU0387","5","2800","14000","14000"
"8780","2026-10-01T05:00:00.000Z","SKU0388","6","3800","22800","22800"
"8805","2026-10-01T05:00:00.000Z","SKU0389","7","800","5600","5600"
"8829","2026-10-01T05:00:00.000Z","SKU0391","1","1100","1100","1100"
"8853","2026-10-01T05:00:00.000Z","SKU0392","2","1300","2600","2600"
"8877","2026-10-01T05:00:00.000Z","SKU0393","3","3300","9900","9900"
"8902","2026-10-01T05:00:00.000Z","SKU0394","4","1800","7200","7200"
"8927","2026-10-01T05:00:00.000Z","SKU0395","5","2300","11500","11500"
"8951","2026-10-01T05:00:00.000Z","SKU0396","6","4800","28800","28800"
"8976","2026-10-01T05:00:00.000Z","SKU0397","7","2800","19600","19600"
"9025","2026-10-01T05:00:00.000Z","SKU0399","1","800","800","800"
"9049","2026-10-01T05:00:00.000Z","SKU0400","2","3200","6400","6400"
"9073","2026-10-01T05:00:00.000Z","SKU0401","3","1200","3600","3600"
"9098","2026-10-01T05:00:00.000Z","SKU0402","4","1400","5600","5600"
"9122","2026-10-01T05:00:00.000Z","SKU0404","6","1900","11400","11400"
"9147","2026-10-01T05:00:00.000Z","SKU0405","7","2400","16800","16800"
"9196","2026-10-01T05:00:00.000Z","SKU0407","1","2900","2900","2900"
"9220","2026-10-01T05:00:00.000Z","SKU0408","2","3900","7800","7800"
"9244","2026-10-01T05:00:00.000Z","SKU0409","3","900","2700","2700"
"9269","2026-10-01T05:00:00.000Z","SKU0410","4","3200","12800","12800"
"9294","2026-10-01T05:00:00.000Z","SKU0411","5","1200","6000","6000"
"9318","2026-10-01T05:00:00.000Z","SKU0412","6","1400","8400","8400"
"9343","2026-10-01T05:00:00.000Z","SKU0413","7","3400","23800","23800"
"9392","2026-10-01T05:00:00.000Z","SKU0415","1","2400","2400","2400"
"9416","2026-10-01T05:00:00.000Z","SKU0417","3","2900","8700","8700"
"9441","2026-10-01T05:00:00.000Z","SKU0418","4","3900","15600","15600"
"9466","2026-10-01T05:00:00.000Z","SKU0419","5","900","4500","4500"
"9490","2026-10-01T05:00:00.000Z","SKU0420","6","3200","19200","19200"
"9515","2026-10-01T05:00:00.000Z","SKU0421","7","1200","8400","8400"
"9564","2026-10-01T05:00:00.000Z","SKU0423","1","3400","3400","3400"
"9588","2026-10-01T05:00:00.000Z","SKU0424","2","1900","3800","3800"
"9612","2026-10-01T05:00:00.000Z","SKU0425","3","2400","7200","7200"
"9637","2026-10-01T05:00:00.000Z","SKU0426","4","4900","19600","19600"
"9662","2026-10-01T05:00:00.000Z","SKU0427","5","2900","14500","14500"
"9686","2026-10-01T05:00:00.000Z","SKU0428","6","3900","23400","23400"
"9736","2026-10-01T05:00:00.000Z","SKU0431","1","1200","1200","1200"
"9760","2026-10-01T05:00:00.000Z","SKU0432","2","1400","2800","2800"
"9784","2026-10-01T05:00:00.000Z","SKU0433","3","3400","10200","10200"
"9809","2026-10-01T05:00:00.000Z","SKU0434","4","1900","7600","7600"
"9834","2026-10-01T05:00:00.000Z","SKU0435","5","2400","12000","12000"
"9858","2026-10-01T05:00:00.000Z","SKU0436","6","4900","29400","29400"
"9883","2026-10-01T05:00:00.000Z","SKU0437","7","2900","20300","20300"
"9932","2026-10-01T05:00:00.000Z","SKU0439","1","900","900","900"
"9956","2026-10-01T05:00:00.000Z","SKU0440","2","3200","6400","6400"
"9980","2026-10-01T05:00:00.000Z","SKU0441","3","1200","3600","3600"
"10006","2026-10-01T05:00:00.000Z","SKU0443","5","3400","17000","17000"
"10030","2026-10-01T05:00:00.000Z","SKU0444","6","1900","11400","11400"
"10055","2026-10-01T05:00:00.000Z","SKU0445","7","2400","16800","16800"
"10104","2026-10-01T05:00:00.000Z","SKU0447","1","2900","2900","2900"
"10128","2026-10-01T05:00:00.000Z","SKU0448","2","3900","7800","7800"
"10152","2026-10-01T05:00:00.000Z","SKU0449","3","900","2700","2700"
"10177","2026-10-01T05:00:00.000Z","SKU0450","4","3200","12800","12800"
"10202","2026-10-01T05:00:00.000Z","SKU0451","5","1200","6000","6000"
"10226","2026-10-01T05:00:00.000Z","SKU0452","6","1400","8400","8400"
"10251","2026-10-01T05:00:00.000Z","SKU0453","7","3400","23800","23800"
"10300","2026-10-01T05:00:00.000Z","SKU0456","2","4900","9800","9800"
"10324","2026-10-01T05:00:00.000Z","SKU0457","3","2900","8700","8700"
"10349","2026-10-01T05:00:00.000Z","SKU0458","4","3900","15600","15600"
"10374","2026-10-01T05:00:00.000Z","SKU0459","5","900","4500","4500"
"10398","2026-10-01T05:00:00.000Z","SKU0460","6","3200","19200","19200"
"10423","2026-10-01T05:00:00.000Z","SKU0461","7","1200","8400","8400"
"10472","2026-10-01T05:00:00.000Z","SKU0463","1","3400","3400","3400"
"10496","2026-10-01T05:00:00.000Z","SKU0464","2","1900","3800","3800"
"10520","2026-10-01T05:00:00.000Z","SKU0465","3","2400","7200","7200"
"10545","2026-10-01T05:00:00.000Z","SKU0466","4","4900","19600","19600"
"10570","2026-10-01T05:00:00.000Z","SKU0467","5","2900","14500","14500"
"10594","2026-10-01T05:00:00.000Z","SKU0469","7","900","6300","6300"
"10643","2026-10-01T05:00:00.000Z","SKU0471","1","1200","1200","1200"
"10667","2026-10-01T05:00:00.000Z","SKU0472","2","1400","2800","2800"
"10691","2026-10-01T05:00:00.000Z","SKU0473","3","3400","10200","10200"
"10716","2026-10-01T05:00:00.000Z","SKU0474","4","1900","7600","7600"
"10741","2026-10-01T05:00:00.000Z","SKU0475","5","2400","12000","12000"
"10765","2026-10-01T05:00:00.000Z","SKU0476","6","4900","29400","29400"
"10790","2026-10-01T05:00:00.000Z","SKU0477","7","2900","20300","20300"
"10839","2026-10-01T05:00:00.000Z","SKU0479","1","900","900","900"
"10863","2026-10-01T05:00:00.000Z","SKU0480","2","3200","6400","6400"
"10887","2026-10-01T05:00:00.000Z","SKU0482","4","1400","5600","5600"
"10912","2026-10-01T05:00:00.000Z","SKU0483","5","3400","17000","17000"
"10936","2026-10-01T05:00:00.000Z","SKU0484","6","1900","11400","11400"
"10961","2026-10-01T05:00:00.000Z","SKU0485","7","2400","16800","16800"
"11010","2026-10-01T05:00:00.000Z","SKU0487","1","2900","2900","2900"
"11034","2026-10-01T05:00:00.000Z","SKU0488","2","3900","7800","7800"
"11058","2026-10-01T05:00:00.000Z","SKU0489","3","900","2700","2700"
"11083","2026-10-01T05:00:00.000Z","SKU0490","4","3200","12800","12800"
"11108","2026-10-01T05:00:00.000Z","SKU0491","5","1200","6000","6000"
"11132","2026-10-01T05:00:00.000Z","SKU0492","6","1400","8400","8400"
"11157","2026-10-01T05:00:00.000Z","SKU0493","7","3400","23800","23800"
"11181","2026-10-01T05:00:00.000Z","SKU0495","1","2400","2400","2400"
"11205","2026-10-01T05:00:00.000Z","SKU0496","2","4900","9800","9800"
"11229","2026-10-01T05:00:00.000Z","SKU0497","3","2900","8700","8700"
"11254","2026-10-01T05:00:00.000Z","SKU0498","4","3900","15600","15600"
"11279","2026-10-01T05:00:00.000Z","SKU0499","5","900","4500","4500"
"24","2026-10-02T05:00:00.000Z","SKU0001","4","800","3200","3200"
"52","2026-10-02T05:00:00.000Z","SKU0002","8","1000","8000","8000"
"83","2026-10-02T05:00:00.000Z","SKU0004","1","1500","1500","1500"
"108","2026-10-02T05:00:00.000Z","SKU0005","2","2000","4000","4000"
"132","2026-10-02T05:00:00.000Z","SKU0006","3","4500","13500","13500"
"157","2026-10-02T05:00:00.000Z","SKU0007","4","2500","10000","10000"
"181","2026-10-02T05:00:00.000Z","SKU0008","5","3500","17500","17500"
"205","2026-10-02T05:00:00.000Z","SKU0009","6","500","3000","3000"
"230","2026-10-02T05:00:00.000Z","SKU0010","7","2800","19600","19600"
"279","2026-10-02T05:00:00.000Z","SKU0012","1","1000","1000","1000"
"304","2026-10-02T05:00:00.000Z","SKU0014","3","1500","4500","4500"
"329","2026-10-02T05:00:00.000Z","SKU0015","4","2000","8000","8000"
"353","2026-10-02T05:00:00.000Z","SKU0016","5","4500","22500","22500"
"377","2026-10-02T05:00:00.000Z","SKU0017","6","2500","15000","15000"
"402","2026-10-02T05:00:00.000Z","SKU0018","7","3500","24500","24500"
"451","2026-10-02T05:00:00.000Z","SKU0020","1","2800","2800","2800"
"476","2026-10-02T05:00:00.000Z","SKU0021","2","800","1600","1600"
"500","2026-10-02T05:00:00.000Z","SKU0022","3","1000","3000","3000"
"525","2026-10-02T05:00:00.000Z","SKU0023","4","3000","12000","12000"
"549","2026-10-02T05:00:00.000Z","SKU0024","5","1500","7500","7500"
"573","2026-10-02T05:00:00.000Z","SKU0025","6","2000","12000","12000"
"623","2026-10-02T05:00:00.000Z","SKU0028","1","3500","3500","3500"
"648","2026-10-02T05:00:00.000Z","SKU0029","2","500","1000","1000"
"672","2026-10-02T05:00:00.000Z","SKU0030","3","2800","8400","8400"
"697","2026-10-02T05:00:00.000Z","SKU0031","4","800","3200","3200"
"721","2026-10-02T05:00:00.000Z","SKU0032","5","1000","5000","5000"
"745","2026-10-02T05:00:00.000Z","SKU0033","6","3000","18000","18000"
"770","2026-10-02T05:00:00.000Z","SKU0034","7","1500","10500","10500"
"819","2026-10-02T05:00:00.000Z","SKU0036","1","4500","4500","4500"
"844","2026-10-02T05:00:00.000Z","SKU0037","2","2500","5000","5000"
"868","2026-10-02T05:00:00.000Z","SKU0038","3","3500","10500","10500"
"893","2026-10-02T05:00:00.000Z","SKU0040","5","2800","14000","14000"
"917","2026-10-02T05:00:00.000Z","SKU0041","6","800","4800","4800"
"942","2026-10-02T05:00:00.000Z","SKU0042","7","1000","7000","7000"
"991","2026-10-02T05:00:00.000Z","SKU0044","1","1500","1500","1500"
"1016","2026-10-02T05:00:00.000Z","SKU0045","2","2000","4000","4000"
"1040","2026-10-02T05:00:00.000Z","SKU0046","3","4500","13500","13500"
"1065","2026-10-02T05:00:00.000Z","SKU0047","4","2500","10000","10000"
"1089","2026-10-02T05:00:00.000Z","SKU0048","5","3500","17500","17500"
"1113","2026-10-02T05:00:00.000Z","SKU0049","6","500","3000","3000"
"1138","2026-10-02T05:00:00.000Z","SKU0050","7","2800","19600","19600"
"1187","2026-10-02T05:00:00.000Z","SKU0053","2","3000","6000","6000"
"1211","2026-10-02T05:00:00.000Z","SKU0054","3","1500","4500","4500"
"1236","2026-10-02T05:00:00.000Z","SKU0055","4","2000","8000","8000"
"1260","2026-10-02T05:00:00.000Z","SKU0056","5","4500","22500","22500"
"1284","2026-10-02T05:00:00.000Z","SKU0057","6","2500","15000","15000"
"1309","2026-10-02T05:00:00.000Z","SKU0058","7","3500","24500","24500"
"1358","2026-10-02T05:00:00.000Z","SKU0060","1","2800","2800","2800"
"1383","2026-10-02T05:00:00.000Z","SKU0061","2","800","1600","1600"
"1407","2026-10-02T05:00:00.000Z","SKU0062","3","1000","3000","3000"
"1432","2026-10-02T05:00:00.000Z","SKU0063","4","3000","12000","12000"
"1456","2026-10-02T05:00:00.000Z","SKU0064","5","1500","7500","7500"
"1480","2026-10-02T05:00:00.000Z","SKU0066","7","4500","31500","31500"
"1529","2026-10-02T05:00:00.000Z","SKU0068","1","3500","3500","3500"
"1554","2026-10-02T05:00:00.000Z","SKU0069","2","500","1000","1000"
"1578","2026-10-02T05:00:00.000Z","SKU0070","3","2800","8400","8400"
"1603","2026-10-02T05:00:00.000Z","SKU0071","4","800","3200","3200"
"1627","2026-10-02T05:00:00.000Z","SKU0072","5","1000","5000","5000"
"1651","2026-10-02T05:00:00.000Z","SKU0073","6","3000","18000","18000"
"1676","2026-10-02T05:00:00.000Z","SKU0074","7","1500","10500","10500"
"1725","2026-10-02T05:00:00.000Z","SKU0076","1","4500","4500","4500"
"1750","2026-10-02T05:00:00.000Z","SKU0077","2","2500","5000","5000"
"1774","2026-10-02T05:00:00.000Z","SKU0079","4","500","2000","2000"
"1798","2026-10-02T05:00:00.000Z","SKU0080","5","2800","14000","14000"
"1822","2026-10-02T05:00:00.000Z","SKU0081","6","800","4800","4800"
"1847","2026-10-02T05:00:00.000Z","SKU0082","7","1000","7000","7000"
"1896","2026-10-02T05:00:00.000Z","SKU0084","1","1500","1500","1500"
"1921","2026-10-02T05:00:00.000Z","SKU0085","2","2000","4000","4000"
"1945","2026-10-02T05:00:00.000Z","SKU0086","3","4500","13500","13500"
"1970","2026-10-02T05:00:00.000Z","SKU0087","4","2500","10000","10000"
"1994","2026-10-02T05:00:00.000Z","SKU0088","5","3500","17500","17500"
"2018","2026-10-02T05:00:00.000Z","SKU0089","6","500","3000","3000"
"2043","2026-10-02T05:00:00.000Z","SKU0090","7","2800","19600","19600"
"2067","2026-10-02T05:00:00.000Z","SKU0092","1","1000","1000","1000"
"2092","2026-10-02T05:00:00.000Z","SKU0093","2","3000","6000","6000"
"2116","2026-10-02T05:00:00.000Z","SKU0094","3","1500","4500","4500"
"2141","2026-10-02T05:00:00.000Z","SKU0095","4","2000","8000","8000"
"2165","2026-10-02T05:00:00.000Z","SKU0096","5","4500","22500","22500"
"2189","2026-10-02T05:00:00.000Z","SKU0097","6","2500","15000","15000"
"2214","2026-10-02T05:00:00.000Z","SKU0098","7","3500","24500","24500"
"2263","2026-10-02T05:00:00.000Z","SKU0100","1","2900","2900","2900"
"2288","2026-10-02T05:00:00.000Z","SKU0101","2","900","1800","1800"
"2312","2026-10-02T05:00:00.000Z","SKU0102","3","1100","3300","3300"
"2337","2026-10-02T05:00:00.000Z","SKU0103","4","3100","12400","12400"
"2361","2026-10-02T05:00:00.000Z","SKU0105","6","2100","12600","12600"
"2386","2026-10-02T05:00:00.000Z","SKU0106","7","4600","32200","32200"
"2435","2026-10-02T05:00:00.000Z","SKU0108","1","3600","3600","3600"
"2460","2026-10-02T05:00:00.000Z","SKU0109","2","600","1200","1200"
"2484","2026-10-02T05:00:00.000Z","SKU0110","3","2900","8700","8700"
"2509","2026-10-02T05:00:00.000Z","SKU0111","4","900","3600","3600"
"2533","2026-10-02T05:00:00.000Z","SKU0112","5","1100","5500","5500"
"2557","2026-10-02T05:00:00.000Z","SKU0113","6","3100","18600","18600"
"2582","2026-10-02T05:00:00.000Z","SKU0114","7","1600","11200","11200"
"2631","2026-10-02T05:00:00.000Z","SKU0116","1","4600","4600","4600"
"2656","2026-10-02T05:00:00.000Z","SKU0118","3","3600","10800","10800"
"2681","2026-10-02T05:00:00.000Z","SKU0119","4","600","2400","2400"
"2705","2026-10-02T05:00:00.000Z","SKU0120","5","2900","14500","14500"
"2729","2026-10-02T05:00:00.000Z","SKU0121","6","900","5400","5400"
"2754","2026-10-02T05:00:00.000Z","SKU0122","7","1100","7700","7700"
"2803","2026-10-02T05:00:00.000Z","SKU0124","1","1600","1600","1600"
"2828","2026-10-02T05:00:00.000Z","SKU0125","2","2100","4200","4200"
"2852","2026-10-02T05:00:00.000Z","SKU0126","3","4600","13800","13800"
"2877","2026-10-02T05:00:00.000Z","SKU0127","4","2600","10400","10400"
"2901","2026-10-02T05:00:00.000Z","SKU0128","5","3600","18000","18000"
"2925","2026-10-02T05:00:00.000Z","SKU0129","6","600","3600","3600"
"2975","2026-10-02T05:00:00.000Z","SKU0132","1","1100","1100","1100"
"3000","2026-10-02T05:00:00.000Z","SKU0133","2","3100","6200","6200"
"3024","2026-10-02T05:00:00.000Z","SKU0134","3","1600","4800","4800"
"3049","2026-10-02T05:00:00.000Z","SKU0135","4","2100","8400","8400"
"3073","2026-10-02T05:00:00.000Z","SKU0136","5","4600","23000","23000"
"3097","2026-10-02T05:00:00.000Z","SKU0137","6","2600","15600","15600"
"3122","2026-10-02T05:00:00.000Z","SKU0138","7","3600","25200","25200"
"3171","2026-10-02T05:00:00.000Z","SKU0140","1","2900","2900","2900"
"3196","2026-10-02T05:00:00.000Z","SKU0141","2","900","1800","1800"
"3220","2026-10-02T05:00:00.000Z","SKU0142","3","1100","3300","3300"
"3245","2026-10-02T05:00:00.000Z","SKU0144","5","1600","8000","8000"
"3269","2026-10-02T05:00:00.000Z","SKU0145","6","2100","12600","12600"
"3294","2026-10-02T05:00:00.000Z","SKU0146","7","4600","32200","32200"
"3343","2026-10-02T05:00:00.000Z","SKU0148","1","3600","3600","3600"
"3368","2026-10-02T05:00:00.000Z","SKU0149","2","600","1200","1200"
"3392","2026-10-02T05:00:00.000Z","SKU0150","3","2900","8700","8700"
"3417","2026-10-02T05:00:00.000Z","SKU0151","4","900","3600","3600"
"3441","2026-10-02T05:00:00.000Z","SKU0152","5","1100","5500","5500"
"3465","2026-10-02T05:00:00.000Z","SKU0153","6","3100","18600","18600"
"3490","2026-10-02T05:00:00.000Z","SKU0154","7","1600","11200","11200"
"3539","2026-10-02T05:00:00.000Z","SKU0157","2","2600","5200","5200"
"3563","2026-10-02T05:00:00.000Z","SKU0158","3","3600","10800","10800"
"3588","2026-10-02T05:00:00.000Z","SKU0159","4","600","2400","2400"
"3612","2026-10-02T05:00:00.000Z","SKU0160","5","2900","14500","14500"
"3636","2026-10-02T05:00:00.000Z","SKU0161","6","900","5400","5400"
"3661","2026-10-02T05:00:00.000Z","SKU0162","7","1100","7700","7700"
"3710","2026-10-02T05:00:00.000Z","SKU0164","1","1600","1600","1600"
"3735","2026-10-02T05:00:00.000Z","SKU0165","2","2100","4200","4200"
"3759","2026-10-02T05:00:00.000Z","SKU0166","3","4600","13800","13800"
"3784","2026-10-02T05:00:00.000Z","SKU0167","4","2600","10400","10400"
"3808","2026-10-02T05:00:00.000Z","SKU0168","5","3600","18000","18000"
"3832","2026-10-02T05:00:00.000Z","SKU0170","7","2900","20300","20300"
"3881","2026-10-02T05:00:00.000Z","SKU0172","1","1100","1100","1100"
"3906","2026-10-02T05:00:00.000Z","SKU0173","2","3100","6200","6200"
"3930","2026-10-02T05:00:00.000Z","SKU0174","3","1600","4800","4800"
"3955","2026-10-02T05:00:00.000Z","SKU0175","4","2100","8400","8400"
"3979","2026-10-02T05:00:00.000Z","SKU0176","5","4600","23000","23000"
"4003","2026-10-02T05:00:00.000Z","SKU0177","6","2600","15600","15600"
"4028","2026-10-02T05:00:00.000Z","SKU0178","7","3600","25200","25200"
"4077","2026-10-02T05:00:00.000Z","SKU0180","1","2900","2900","2900"
"4102","2026-10-02T05:00:00.000Z","SKU0181","2","900","1800","1800"
"4126","2026-10-02T05:00:00.000Z","SKU0183","4","3100","12400","12400"
"4150","2026-10-02T05:00:00.000Z","SKU0184","5","1600","8000","8000"
"4174","2026-10-02T05:00:00.000Z","SKU0185","6","2100","12600","12600"
"4199","2026-10-02T05:00:00.000Z","SKU0186","7","4600","32200","32200"
"4248","2026-10-02T05:00:00.000Z","SKU0188","1","3600","3600","3600"
"4273","2026-10-02T05:00:00.000Z","SKU0189","2","600","1200","1200"
"4297","2026-10-02T05:00:00.000Z","SKU0190","3","2900","8700","8700"
"4322","2026-10-02T05:00:00.000Z","SKU0191","4","900","3600","3600"
"4346","2026-10-02T05:00:00.000Z","SKU0192","5","1100","5500","5500"
"4370","2026-10-02T05:00:00.000Z","SKU0193","6","3100","18600","18600"
"4395","2026-10-02T05:00:00.000Z","SKU0194","7","1600","11200","11200"
"4419","2026-10-02T05:00:00.000Z","SKU0196","1","4600","4600","4600"
"4444","2026-10-02T05:00:00.000Z","SKU0197","2","2600","5200","5200"
"4468","2026-10-02T05:00:00.000Z","SKU0198","3","3600","10800","10800"
"4493","2026-10-02T05:00:00.000Z","SKU0199","4","600","2400","2400"
"4517","2026-10-02T05:00:00.000Z","SKU0200","5","3000","15000","15000"
"4541","2026-10-02T05:00:00.000Z","SKU0201","6","1000","6000","6000"
"4566","2026-10-02T05:00:00.000Z","SKU0202","7","1200","8400","8400"
"4615","2026-10-02T05:00:00.000Z","SKU0204","1","1700","1700","1700"
"4640","2026-10-02T05:00:00.000Z","SKU0205","2","2200","4400","4400"
"4664","2026-10-02T05:00:00.000Z","SKU0206","3","4700","14100","14100"
"4689","2026-10-02T05:00:00.000Z","SKU0207","4","2700","10800","10800"
"4713","2026-10-02T05:00:00.000Z","SKU0209","6","700","4200","4200"
"4738","2026-10-02T05:00:00.000Z","SKU0210","7","3000","21000","21000"
"4787","2026-10-02T05:00:00.000Z","SKU0212","1","1200","1200","1200"
"4812","2026-10-02T05:00:00.000Z","SKU0213","2","3200","6400","6400"
"4836","2026-10-02T05:00:00.000Z","SKU0214","3","1700","5100","5100"
"4861","2026-10-02T05:00:00.000Z","SKU0215","4","2200","8800","8800"
"4885","2026-10-02T05:00:00.000Z","SKU0216","5","4700","23500","23500"
"4909","2026-10-02T05:00:00.000Z","SKU0217","6","2700","16200","16200"
"4934","2026-10-02T05:00:00.000Z","SKU0218","7","3700","25900","25900"
"4983","2026-10-02T05:00:00.000Z","SKU0220","1","3000","3000","3000"
"5008","2026-10-02T05:00:00.000Z","SKU0222","3","1200","3600","3600"
"5033","2026-10-02T05:00:00.000Z","SKU0223","4","3200","12800","12800"
"5057","2026-10-02T05:00:00.000Z","SKU0224","5","1700","8500","8500"
"5081","2026-10-02T05:00:00.000Z","SKU0225","6","2200","13200","13200"
"5106","2026-10-02T05:00:00.000Z","SKU0226","7","4700","32900","32900"
"5155","2026-10-02T05:00:00.000Z","SKU0228","1","3700","3700","3700"
"5180","2026-10-02T05:00:00.000Z","SKU0229","2","700","1400","1400"
"5204","2026-10-02T05:00:00.000Z","SKU0230","3","3000","9000","9000"
"5229","2026-10-02T05:00:00.000Z","SKU0231","4","1000","4000","4000"
"5253","2026-10-02T05:00:00.000Z","SKU0232","5","1200","6000","6000"
"5277","2026-10-02T05:00:00.000Z","SKU0233","6","3200","19200","19200"
"5327","2026-10-02T05:00:00.000Z","SKU0236","1","4700","4700","4700"
"5352","2026-10-02T05:00:00.000Z","SKU0237","2","2700","5400","5400"
"5376","2026-10-02T05:00:00.000Z","SKU0238","3","3700","11100","11100"
"5401","2026-10-02T05:00:00.000Z","SKU0239","4","700","2800","2800"
"5425","2026-10-02T05:00:00.000Z","SKU0240","5","3000","15000","15000"
"5449","2026-10-02T05:00:00.000Z","SKU0241","6","1000","6000","6000"
"5474","2026-10-02T05:00:00.000Z","SKU0242","7","1200","8400","8400"
"5523","2026-10-02T05:00:00.000Z","SKU0244","1","1700","1700","1700"
"5548","2026-10-02T05:00:00.000Z","SKU0245","2","2200","4400","4400"
"5572","2026-10-02T05:00:00.000Z","SKU0246","3","4700","14100","14100"
"5597","2026-10-02T05:00:00.000Z","SKU0248","5","3700","18500","18500"
"5621","2026-10-02T05:00:00.000Z","SKU0249","6","700","4200","4200"
"5646","2026-10-02T05:00:00.000Z","SKU0250","7","3000","21000","21000"
"5695","2026-10-02T05:00:00.000Z","SKU0252","1","1200","1200","1200"
"5720","2026-10-02T05:00:00.000Z","SKU0253","2","3200","6400","6400"
"5744","2026-10-02T05:00:00.000Z","SKU0254","3","1700","5100","5100"
"5769","2026-10-02T05:00:00.000Z","SKU0255","4","2200","8800","8800"
"5793","2026-10-02T05:00:00.000Z","SKU0256","5","4700","23500","23500"
"5817","2026-10-02T05:00:00.000Z","SKU0257","6","2700","16200","16200"
"5842","2026-10-02T05:00:00.000Z","SKU0258","7","3700","25900","25900"
"5891","2026-10-02T05:00:00.000Z","SKU0261","2","1000","2000","2000"
"5915","2026-10-02T05:00:00.000Z","SKU0262","3","1200","3600","3600"
"5940","2026-10-02T05:00:00.000Z","SKU0263","4","3200","12800","12800"
"5964","2026-10-02T05:00:00.000Z","SKU0264","5","1700","8500","8500"
"5988","2026-10-02T05:00:00.000Z","SKU0265","6","2200","13200","13200"
"6013","2026-10-02T05:00:00.000Z","SKU0266","7","4700","32900","32900"
"6062","2026-10-02T05:00:00.000Z","SKU0268","1","3700","3700","3700"
"6087","2026-10-02T05:00:00.000Z","SKU0269","2","700","1400","1400"
"6111","2026-10-02T05:00:00.000Z","SKU0270","3","3000","9000","9000"
"6136","2026-10-02T05:00:00.000Z","SKU0271","4","1000","4000","4000"
"6160","2026-10-02T05:00:00.000Z","SKU0272","5","1200","6000","6000"
"6184","2026-10-02T05:00:00.000Z","SKU0274","7","1700","11900","11900"
"6233","2026-10-02T05:00:00.000Z","SKU0276","1","4700","4700","4700"
"6258","2026-10-02T05:00:00.000Z","SKU0277","2","2700","5400","5400"
"6282","2026-10-02T05:00:00.000Z","SKU0278","3","3700","11100","11100"
"6307","2026-10-02T05:00:00.000Z","SKU0279","4","700","2800","2800"
"6331","2026-10-02T05:00:00.000Z","SKU0280","5","3000","15000","15000"
"6355","2026-10-02T05:00:00.000Z","SKU0281","6","1000","6000","6000"
"6380","2026-10-02T05:00:00.000Z","SKU0282","7","1200","8400","8400"
"6429","2026-10-02T05:00:00.000Z","SKU0284","1","1700","1700","1700"
"6454","2026-10-02T05:00:00.000Z","SKU0285","2","2200","4400","4400"
"6478","2026-10-02T05:00:00.000Z","SKU0287","4","2700","10800","10800"
"6502","2026-10-02T05:00:00.000Z","SKU0288","5","3700","18500","18500"
"6526","2026-10-02T05:00:00.000Z","SKU0289","6","700","4200","4200"
"6551","2026-10-02T05:00:00.000Z","SKU0290","7","3000","21000","21000"
"6600","2026-10-02T05:00:00.000Z","SKU0292","1","1200","1200","1200"
"6625","2026-10-02T05:00:00.000Z","SKU0293","2","3200","6400","6400"
"6649","2026-10-02T05:00:00.000Z","SKU0294","3","1700","5100","5100"
"6674","2026-10-02T05:00:00.000Z","SKU0295","4","2200","8800","8800"
"6698","2026-10-02T05:00:00.000Z","SKU0296","5","4700","23500","23500"
"6722","2026-10-02T05:00:00.000Z","SKU0297","6","2700","16200","16200"
"6747","2026-10-02T05:00:00.000Z","SKU0298","7","3700","25900","25900"
"6771","2026-10-02T05:00:00.000Z","SKU0300","1","3100","3100","3100"
"6796","2026-10-02T05:00:00.000Z","SKU0301","2","1100","2200","2200"
"6820","2026-10-02T05:00:00.000Z","SKU0302","3","1300","3900","3900"
"6845","2026-10-02T05:00:00.000Z","SKU0303","4","3300","13200","13200"
"6869","2026-10-02T05:00:00.000Z","SKU0304","5","1800","9000","9000"
"6893","2026-10-02T05:00:00.000Z","SKU0305","6","2300","13800","13800"
"6918","2026-10-02T05:00:00.000Z","SKU0306","7","4800","33600","33600"
"6967","2026-10-02T05:00:00.000Z","SKU0308","1","3800","3800","3800"
"6992","2026-10-02T05:00:00.000Z","SKU0309","2","800","1600","1600"
"7016","2026-10-02T05:00:00.000Z","SKU0310","3","3100","9300","9300"
"7041","2026-10-02T05:00:00.000Z","SKU0311","4","1100","4400","4400"
"7065","2026-10-02T05:00:00.000Z","SKU0313","6","3300","19800","19800"
"7090","2026-10-02T05:00:00.000Z","SKU0314","7","1800","12600","12600"
"7139","2026-10-02T05:00:00.000Z","SKU0316","1","4800","4800","4800"
"7164","2026-10-02T05:00:00.000Z","SKU0317","2","2800","5600","5600"
"7188","2026-10-02T05:00:00.000Z","SKU0318","3","3800","11400","11400"
"7213","2026-10-02T05:00:00.000Z","SKU0319","4","800","3200","3200"
"7237","2026-10-02T05:00:00.000Z","SKU0320","5","3100","15500","15500"
"7261","2026-10-02T05:00:00.000Z","SKU0321","6","1100","6600","6600"
"7286","2026-10-02T05:00:00.000Z","SKU0322","7","1300","9100","9100"
"7335","2026-10-02T05:00:00.000Z","SKU0324","1","1800","1800","1800"
"7360","2026-10-02T05:00:00.000Z","SKU0326","3","4800","14400","14400"
"7385","2026-10-02T05:00:00.000Z","SKU0327","4","2800","11200","11200"
"7409","2026-10-02T05:00:00.000Z","SKU0328","5","3800","19000","19000"
"7433","2026-10-02T05:00:00.000Z","SKU0329","6","800","4800","4800"
"7458","2026-10-02T05:00:00.000Z","SKU0330","7","3100","21700","21700"
"7507","2026-10-02T05:00:00.000Z","SKU0332","1","1300","1300","1300"
"7532","2026-10-02T05:00:00.000Z","SKU0333","2","3300","6600","6600"
"7556","2026-10-02T05:00:00.000Z","SKU0334","3","1800","5400","5400"
"7581","2026-10-02T05:00:00.000Z","SKU0335","4","2300","9200","9200"
"7605","2026-10-02T05:00:00.000Z","SKU0336","5","4800","24000","24000"
"7629","2026-10-02T05:00:00.000Z","SKU0337","6","2800","16800","16800"
"7679","2026-10-02T05:00:00.000Z","SKU0340","1","3100","3100","3100"
"7704","2026-10-02T05:00:00.000Z","SKU0341","2","1100","2200","2200"
"7728","2026-10-02T05:00:00.000Z","SKU0342","3","1300","3900","3900"
"7753","2026-10-02T05:00:00.000Z","SKU0343","4","3300","13200","13200"
"7777","2026-10-02T05:00:00.000Z","SKU0344","5","1800","9000","9000"
"7801","2026-10-02T05:00:00.000Z","SKU0345","6","2300","13800","13800"
"7826","2026-10-02T05:00:00.000Z","SKU0346","7","4800","33600","33600"
"7875","2026-10-02T05:00:00.000Z","SKU0348","1","3800","3800","3800"
"7900","2026-10-02T05:00:00.000Z","SKU0349","2","800","1600","1600"
"7924","2026-10-02T05:00:00.000Z","SKU0350","3","3100","9300","9300"
"7949","2026-10-02T05:00:00.000Z","SKU0352","5","1300","6500","6500"
"7973","2026-10-02T05:00:00.000Z","SKU0353","6","3300","19800","19800"
"7998","2026-10-02T05:00:00.000Z","SKU0354","7","1800","12600","12600"
"8047","2026-10-02T05:00:00.000Z","SKU0356","1","4800","4800","4800"
"8072","2026-10-02T05:00:00.000Z","SKU0357","2","2800","5600","5600"
"8096","2026-10-02T05:00:00.000Z","SKU0358","3","3800","11400","11400"
"8121","2026-10-02T05:00:00.000Z","SKU0359","4","800","3200","3200"
"8145","2026-10-02T05:00:00.000Z","SKU0360","5","3100","15500","15500"
"8169","2026-10-02T05:00:00.000Z","SKU0361","6","1100","6600","6600"
"8194","2026-10-02T05:00:00.000Z","SKU0362","7","1300","9100","9100"
"8243","2026-10-02T05:00:00.000Z","SKU0365","2","2300","4600","4600"
"8267","2026-10-02T05:00:00.000Z","SKU0366","3","4800","14400","14400"
"8292","2026-10-02T05:00:00.000Z","SKU0367","4","2800","11200","11200"
"8316","2026-10-02T05:00:00.000Z","SKU0368","5","3800","19000","19000"
"8340","2026-10-02T05:00:00.000Z","SKU0369","6","800","4800","4800"
"8365","2026-10-02T05:00:00.000Z","SKU0370","7","3100","21700","21700"
"8414","2026-10-02T05:00:00.000Z","SKU0372","1","1300","1300","1300"
"8439","2026-10-02T05:00:00.000Z","SKU0373","2","3300","6600","6600"
"8463","2026-10-02T05:00:00.000Z","SKU0374","3","1800","5400","5400"
"8488","2026-10-02T05:00:00.000Z","SKU0375","4","2300","9200","9200"
"8512","2026-10-02T05:00:00.000Z","SKU0376","5","4800","24000","24000"
"8536","2026-10-02T05:00:00.000Z","SKU0378","7","3800","26600","26600"
"8585","2026-10-02T05:00:00.000Z","SKU0380","1","3100","3100","3100"
"8610","2026-10-02T05:00:00.000Z","SKU0381","2","1100","2200","2200"
"8634","2026-10-02T05:00:00.000Z","SKU0382","3","1300","3900","3900"
"8659","2026-10-02T05:00:00.000Z","SKU0383","4","3300","13200","13200"
"8683","2026-10-02T05:00:00.000Z","SKU0384","5","1800","9000","9000"
"8707","2026-10-02T05:00:00.000Z","SKU0385","6","2300","13800","13800"
"8732","2026-10-02T05:00:00.000Z","SKU0386","7","4800","33600","33600"
"8781","2026-10-02T05:00:00.000Z","SKU0388","1","3800","3800","3800"
"8806","2026-10-02T05:00:00.000Z","SKU0389","2","800","1600","1600"
"8830","2026-10-02T05:00:00.000Z","SKU0391","4","1100","4400","4400"
"8854","2026-10-02T05:00:00.000Z","SKU0392","5","1300","6500","6500"
"8878","2026-10-02T05:00:00.000Z","SKU0393","6","3300","19800","19800"
"8903","2026-10-02T05:00:00.000Z","SKU0394","7","1800","12600","12600"
"8952","2026-10-02T05:00:00.000Z","SKU0396","1","4800","4800","4800"
"8977","2026-10-02T05:00:00.000Z","SKU0397","2","2800","5600","5600"
"9001","2026-10-02T05:00:00.000Z","SKU0398","3","3800","11400","11400"
"9026","2026-10-02T05:00:00.000Z","SKU0399","4","800","3200","3200"
"9050","2026-10-02T05:00:00.000Z","SKU0400","5","3200","16000","16000"
"9074","2026-10-02T05:00:00.000Z","SKU0401","6","1200","7200","7200"
"9099","2026-10-02T05:00:00.000Z","SKU0402","7","1400","9800","9800"
"9123","2026-10-02T05:00:00.000Z","SKU0404","1","1900","1900","1900"
"9148","2026-10-02T05:00:00.000Z","SKU0405","2","2400","4800","4800"
"9172","2026-10-02T05:00:00.000Z","SKU0406","3","4900","14700","14700"
"9197","2026-10-02T05:00:00.000Z","SKU0407","4","2900","11600","11600"
"9221","2026-10-02T05:00:00.000Z","SKU0408","5","3900","19500","19500"
"9245","2026-10-02T05:00:00.000Z","SKU0409","6","900","5400","5400"
"9270","2026-10-02T05:00:00.000Z","SKU0410","7","3200","22400","22400"
"9319","2026-10-02T05:00:00.000Z","SKU0412","1","1400","1400","1400"
"9344","2026-10-02T05:00:00.000Z","SKU0413","2","3400","6800","6800"
"9368","2026-10-02T05:00:00.000Z","SKU0414","3","1900","5700","5700"
"9393","2026-10-02T05:00:00.000Z","SKU0415","4","2400","9600","9600"
"9417","2026-10-02T05:00:00.000Z","SKU0417","6","2900","17400","17400"
"9442","2026-10-02T05:00:00.000Z","SKU0418","7","3900","27300","27300"
"9491","2026-10-02T05:00:00.000Z","SKU0420","1","3200","3200","3200"
"9516","2026-10-02T05:00:00.000Z","SKU0421","2","1200","2400","2400"
"9540","2026-10-02T05:00:00.000Z","SKU0422","3","1400","4200","4200"
"9565","2026-10-02T05:00:00.000Z","SKU0423","4","3400","13600","13600"
"9589","2026-10-02T05:00:00.000Z","SKU0424","5","1900","9500","9500"
"9613","2026-10-02T05:00:00.000Z","SKU0425","6","2400","14400","14400"
"9638","2026-10-02T05:00:00.000Z","SKU0426","7","4900","34300","34300"
"9687","2026-10-02T05:00:00.000Z","SKU0428","1","3900","3900","3900"
"9712","2026-10-02T05:00:00.000Z","SKU0430","3","3200","9600","9600"
"9737","2026-10-02T05:00:00.000Z","SKU0431","4","1200","4800","4800"
"9761","2026-10-02T05:00:00.000Z","SKU0432","5","1400","7000","7000"
"9785","2026-10-02T05:00:00.000Z","SKU0433","6","3400","20400","20400"
"9810","2026-10-02T05:00:00.000Z","SKU0434","7","1900","13300","13300"
"9859","2026-10-02T05:00:00.000Z","SKU0436","1","4900","4900","4900"
"9884","2026-10-02T05:00:00.000Z","SKU0437","2","2900","5800","5800"
"9908","2026-10-02T05:00:00.000Z","SKU0438","3","3900","11700","11700"
"9933","2026-10-02T05:00:00.000Z","SKU0439","4","900","3600","3600"
"9957","2026-10-02T05:00:00.000Z","SKU0440","5","3200","16000","16000"
"9981","2026-10-02T05:00:00.000Z","SKU0441","6","1200","7200","7200"
"10031","2026-10-02T05:00:00.000Z","SKU0444","1","1900","1900","1900"
"10056","2026-10-02T05:00:00.000Z","SKU0445","2","2400","4800","4800"
"10080","2026-10-02T05:00:00.000Z","SKU0446","3","4900","14700","14700"
"10105","2026-10-02T05:00:00.000Z","SKU0447","4","2900","11600","11600"
"10129","2026-10-02T05:00:00.000Z","SKU0448","5","3900","19500","19500"
"10153","2026-10-02T05:00:00.000Z","SKU0449","6","900","5400","5400"
"10178","2026-10-02T05:00:00.000Z","SKU0450","7","3200","22400","22400"
"10227","2026-10-02T05:00:00.000Z","SKU0452","1","1400","1400","1400"
"10252","2026-10-02T05:00:00.000Z","SKU0453","2","3400","6800","6800"
"10276","2026-10-02T05:00:00.000Z","SKU0454","3","1900","5700","5700"
"10301","2026-10-02T05:00:00.000Z","SKU0456","5","4900","24500","24500"
"10325","2026-10-02T05:00:00.000Z","SKU0457","6","2900","17400","17400"
"10350","2026-10-02T05:00:00.000Z","SKU0458","7","3900","27300","27300"
"10399","2026-10-02T05:00:00.000Z","SKU0460","1","3200","3200","3200"
"10424","2026-10-02T05:00:00.000Z","SKU0461","2","1200","2400","2400"
"10448","2026-10-02T05:00:00.000Z","SKU0462","3","1400","4200","4200"
"10473","2026-10-02T05:00:00.000Z","SKU0463","4","3400","13600","13600"
"10497","2026-10-02T05:00:00.000Z","SKU0464","5","1900","9500","9500"
"10521","2026-10-02T05:00:00.000Z","SKU0465","6","2400","14400","14400"
"10546","2026-10-02T05:00:00.000Z","SKU0466","7","4900","34300","34300"
"10595","2026-10-02T05:00:00.000Z","SKU0469","2","900","1800","1800"
"10619","2026-10-02T05:00:00.000Z","SKU0470","3","3200","9600","9600"
"10644","2026-10-02T05:00:00.000Z","SKU0471","4","1200","4800","4800"
"10668","2026-10-02T05:00:00.000Z","SKU0472","5","1400","7000","7000"
"10692","2026-10-02T05:00:00.000Z","SKU0473","6","3400","20400","20400"
"10717","2026-10-02T05:00:00.000Z","SKU0474","7","1900","13300","13300"
"10766","2026-10-02T05:00:00.000Z","SKU0476","1","4900","4900","4900"
"10791","2026-10-02T05:00:00.000Z","SKU0477","2","2900","5800","5800"
"10815","2026-10-02T05:00:00.000Z","SKU0478","3","3900","11700","11700"
"10840","2026-10-02T05:00:00.000Z","SKU0479","4","900","3600","3600"
"10864","2026-10-02T05:00:00.000Z","SKU0480","5","3200","16000","16000"
"10888","2026-10-02T05:00:00.000Z","SKU0482","7","1400","9800","9800"
"10937","2026-10-02T05:00:00.000Z","SKU0484","1","1900","1900","1900"
"10962","2026-10-02T05:00:00.000Z","SKU0485","2","2400","4800","4800"
"10986","2026-10-02T05:00:00.000Z","SKU0486","3","4900","14700","14700"
"11011","2026-10-02T05:00:00.000Z","SKU0487","4","2900","11600","11600"
"11035","2026-10-02T05:00:00.000Z","SKU0488","5","3900","19500","19500"
"11059","2026-10-02T05:00:00.000Z","SKU0489","6","900","5400","5400"
"11084","2026-10-02T05:00:00.000Z","SKU0490","7","3200","22400","22400"
"11133","2026-10-02T05:00:00.000Z","SKU0492","1","1400","1400","1400"
"11158","2026-10-02T05:00:00.000Z","SKU0493","2","3400","6800","6800"
"11182","2026-10-02T05:00:00.000Z","SKU0495","4","2400","9600","9600"
"11206","2026-10-02T05:00:00.000Z","SKU0496","5","4900","24500","24500"
"11230","2026-10-02T05:00:00.000Z","SKU0497","6","2900","17400","17400"
"11255","2026-10-02T05:00:00.000Z","SKU0498","7","3900","27300","27300"
"25","2026-10-03T05:00:00.000Z","SKU0001","4","800","3200","3200"
"53","2026-10-03T05:00:00.000Z","SKU0002","8","1000","8000","8000"
"84","2026-10-03T05:00:00.000Z","SKU0004","4","1500","6000","6000"
"109","2026-10-03T05:00:00.000Z","SKU0005","5","2000","10000","10000"
"133","2026-10-03T05:00:00.000Z","SKU0006","6","4500","27000","27000"
"158","2026-10-03T05:00:00.000Z","SKU0007","7","2500","17500","17500"
"206","2026-10-03T05:00:00.000Z","SKU0009","1","500","500","500"
"231","2026-10-03T05:00:00.000Z","SKU0010","2","2800","5600","5600"
"255","2026-10-03T05:00:00.000Z","SKU0011","3","800","2400","2400"
"280","2026-10-03T05:00:00.000Z","SKU0012","4","1000","4000","4000"
"305","2026-10-03T05:00:00.000Z","SKU0014","6","1500","9000","9000"
"330","2026-10-03T05:00:00.000Z","SKU0015","7","2000","14000","14000"
"378","2026-10-03T05:00:00.000Z","SKU0017","1","2500","2500","2500"
"403","2026-10-03T05:00:00.000Z","SKU0018","2","3500","7000","7000"
"427","2026-10-03T05:00:00.000Z","SKU0019","3","500","1500","1500"
"452","2026-10-03T05:00:00.000Z","SKU0020","4","2800","11200","11200"
"477","2026-10-03T05:00:00.000Z","SKU0021","5","800","4000","4000"
"501","2026-10-03T05:00:00.000Z","SKU0022","6","1000","6000","6000"
"526","2026-10-03T05:00:00.000Z","SKU0023","7","3000","21000","21000"
"574","2026-10-03T05:00:00.000Z","SKU0025","1","2000","2000","2000"
"599","2026-10-03T05:00:00.000Z","SKU0027","3","2500","7500","7500"
"624","2026-10-03T05:00:00.000Z","SKU0028","4","3500","14000","14000"
"649","2026-10-03T05:00:00.000Z","SKU0029","5","500","2500","2500"
"673","2026-10-03T05:00:00.000Z","SKU0030","6","2800","16800","16800"
"698","2026-10-03T05:00:00.000Z","SKU0031","7","800","5600","5600"
"746","2026-10-03T05:00:00.000Z","SKU0033","1","3000","3000","3000"
"771","2026-10-03T05:00:00.000Z","SKU0034","2","1500","3000","3000"
"795","2026-10-03T05:00:00.000Z","SKU0035","3","2000","6000","6000"
"820","2026-10-03T05:00:00.000Z","SKU0036","4","4500","18000","18000"
"845","2026-10-03T05:00:00.000Z","SKU0037","5","2500","12500","12500"
"869","2026-10-03T05:00:00.000Z","SKU0038","6","3500","21000","21000"
"918","2026-10-03T05:00:00.000Z","SKU0041","1","800","800","800"
"943","2026-10-03T05:00:00.000Z","SKU0042","2","1000","2000","2000"
"967","2026-10-03T05:00:00.000Z","SKU0043","3","3000","9000","9000"
"992","2026-10-03T05:00:00.000Z","SKU0044","4","1500","6000","6000"
"1017","2026-10-03T05:00:00.000Z","SKU0045","5","2000","10000","10000"
"1041","2026-10-03T05:00:00.000Z","SKU0046","6","4500","27000","27000"
"1066","2026-10-03T05:00:00.000Z","SKU0047","7","2500","17500","17500"
"1114","2026-10-03T05:00:00.000Z","SKU0049","1","500","500","500"
"1139","2026-10-03T05:00:00.000Z","SKU0050","2","2800","5600","5600"
"1163","2026-10-03T05:00:00.000Z","SKU0051","3","800","2400","2400"
"1188","2026-10-03T05:00:00.000Z","SKU0053","5","3000","15000","15000"
"1212","2026-10-03T05:00:00.000Z","SKU0054","6","1500","9000","9000"
"1237","2026-10-03T05:00:00.000Z","SKU0055","7","2000","14000","14000"
"1285","2026-10-03T05:00:00.000Z","SKU0057","1","2500","2500","2500"
"1310","2026-10-03T05:00:00.000Z","SKU0058","2","3500","7000","7000"
"1334","2026-10-03T05:00:00.000Z","SKU0059","3","500","1500","1500"
"1359","2026-10-03T05:00:00.000Z","SKU0060","4","2800","11200","11200"
"1384","2026-10-03T05:00:00.000Z","SKU0061","5","800","4000","4000"
"1408","2026-10-03T05:00:00.000Z","SKU0062","6","1000","6000","6000"
"1433","2026-10-03T05:00:00.000Z","SKU0063","7","3000","21000","21000"
"1481","2026-10-03T05:00:00.000Z","SKU0066","2","4500","9000","9000"
"1505","2026-10-03T05:00:00.000Z","SKU0067","3","2500","7500","7500"
"1530","2026-10-03T05:00:00.000Z","SKU0068","4","3500","14000","14000"
"1555","2026-10-03T05:00:00.000Z","SKU0069","5","500","2500","2500"
"1579","2026-10-03T05:00:00.000Z","SKU0070","6","2800","16800","16800"
"1604","2026-10-03T05:00:00.000Z","SKU0071","7","800","5600","5600"
"1652","2026-10-03T05:00:00.000Z","SKU0073","1","3000","3000","3000"
"1677","2026-10-03T05:00:00.000Z","SKU0074","2","1500","3000","3000"
"1701","2026-10-03T05:00:00.000Z","SKU0075","3","2000","6000","6000"
"1726","2026-10-03T05:00:00.000Z","SKU0076","4","4500","18000","18000"
"1751","2026-10-03T05:00:00.000Z","SKU0077","5","2500","12500","12500"
"1775","2026-10-03T05:00:00.000Z","SKU0079","7","500","3500","3500"
"1823","2026-10-03T05:00:00.000Z","SKU0081","1","800","800","800"
"1848","2026-10-03T05:00:00.000Z","SKU0082","2","1000","2000","2000"
"1872","2026-10-03T05:00:00.000Z","SKU0083","3","3000","9000","9000"
"1897","2026-10-03T05:00:00.000Z","SKU0084","4","1500","6000","6000"
"1922","2026-10-03T05:00:00.000Z","SKU0085","5","2000","10000","10000"
"1946","2026-10-03T05:00:00.000Z","SKU0086","6","4500","27000","27000"
"1971","2026-10-03T05:00:00.000Z","SKU0087","7","2500","17500","17500"
"2019","2026-10-03T05:00:00.000Z","SKU0089","1","500","500","500"
"2044","2026-10-03T05:00:00.000Z","SKU0090","2","2800","5600","5600"
"2068","2026-10-03T05:00:00.000Z","SKU0092","4","1000","4000","4000"
"2093","2026-10-03T05:00:00.000Z","SKU0093","5","3000","15000","15000"
"2117","2026-10-03T05:00:00.000Z","SKU0094","6","1500","9000","9000"
"2142","2026-10-03T05:00:00.000Z","SKU0095","7","2000","14000","14000"
"2190","2026-10-03T05:00:00.000Z","SKU0097","1","2500","2500","2500"
"2215","2026-10-03T05:00:00.000Z","SKU0098","2","3500","7000","7000"
"2239","2026-10-03T05:00:00.000Z","SKU0099","3","500","1500","1500"
"2264","2026-10-03T05:00:00.000Z","SKU0100","4","2900","11600","11600"
"2289","2026-10-03T05:00:00.000Z","SKU0101","5","900","4500","4500"
"2313","2026-10-03T05:00:00.000Z","SKU0102","6","1100","6600","6600"
"2338","2026-10-03T05:00:00.000Z","SKU0103","7","3100","21700","21700"
"2362","2026-10-03T05:00:00.000Z","SKU0105","1","2100","2100","2100"
"2387","2026-10-03T05:00:00.000Z","SKU0106","2","4600","9200","9200"
"2411","2026-10-03T05:00:00.000Z","SKU0107","3","2600","7800","7800"
"2436","2026-10-03T05:00:00.000Z","SKU0108","4","3600","14400","14400"
"2461","2026-10-03T05:00:00.000Z","SKU0109","5","600","3000","3000"
"2485","2026-10-03T05:00:00.000Z","SKU0110","6","2900","17400","17400"
"2510","2026-10-03T05:00:00.000Z","SKU0111","7","900","6300","6300"
"2558","2026-10-03T05:00:00.000Z","SKU0113","1","3100","3100","3100"
"2583","2026-10-03T05:00:00.000Z","SKU0114","2","1600","3200","3200"
"2607","2026-10-03T05:00:00.000Z","SKU0115","3","2100","6300","6300"
"2632","2026-10-03T05:00:00.000Z","SKU0116","4","4600","18400","18400"
"2657","2026-10-03T05:00:00.000Z","SKU0118","6","3600","21600","21600"
"2682","2026-10-03T05:00:00.000Z","SKU0119","7","600","4200","4200"
"2730","2026-10-03T05:00:00.000Z","SKU0121","1","900","900","900"
"2755","2026-10-03T05:00:00.000Z","SKU0122","2","1100","2200","2200"
"2779","2026-10-03T05:00:00.000Z","SKU0123","3","3100","9300","9300"
"2804","2026-10-03T05:00:00.000Z","SKU0124","4","1600","6400","6400"
"2829","2026-10-03T05:00:00.000Z","SKU0125","5","2100","10500","10500"
"2853","2026-10-03T05:00:00.000Z","SKU0126","6","4600","27600","27600"
"2878","2026-10-03T05:00:00.000Z","SKU0127","7","2600","18200","18200"
"2926","2026-10-03T05:00:00.000Z","SKU0129","1","600","600","600"
"2951","2026-10-03T05:00:00.000Z","SKU0131","3","900","2700","2700"
"2976","2026-10-03T05:00:00.000Z","SKU0132","4","1100","4400","4400"
"3001","2026-10-03T05:00:00.000Z","SKU0133","5","3100","15500","15500"
"3025","2026-10-03T05:00:00.000Z","SKU0134","6","1600","9600","9600"
"3050","2026-10-03T05:00:00.000Z","SKU0135","7","2100","14700","14700"
"3098","2026-10-03T05:00:00.000Z","SKU0137","1","2600","2600","2600"
"3123","2026-10-03T05:00:00.000Z","SKU0138","2","3600","7200","7200"
"3147","2026-10-03T05:00:00.000Z","SKU0139","3","600","1800","1800"
"3172","2026-10-03T05:00:00.000Z","SKU0140","4","2900","11600","11600"
"3197","2026-10-03T05:00:00.000Z","SKU0141","5","900","4500","4500"
"3221","2026-10-03T05:00:00.000Z","SKU0142","6","1100","6600","6600"
"3270","2026-10-03T05:00:00.000Z","SKU0145","1","2100","2100","2100"
"3295","2026-10-03T05:00:00.000Z","SKU0146","2","4600","9200","9200"
"3319","2026-10-03T05:00:00.000Z","SKU0147","3","2600","7800","7800"
"3344","2026-10-03T05:00:00.000Z","SKU0148","4","3600","14400","14400"
"3369","2026-10-03T05:00:00.000Z","SKU0149","5","600","3000","3000"
"3393","2026-10-03T05:00:00.000Z","SKU0150","6","2900","17400","17400"
"3418","2026-10-03T05:00:00.000Z","SKU0151","7","900","6300","6300"
"3466","2026-10-03T05:00:00.000Z","SKU0153","1","3100","3100","3100"
"3491","2026-10-03T05:00:00.000Z","SKU0154","2","1600","3200","3200"
"3515","2026-10-03T05:00:00.000Z","SKU0155","3","2100","6300","6300"
"3540","2026-10-03T05:00:00.000Z","SKU0157","5","2600","13000","13000"
"3564","2026-10-03T05:00:00.000Z","SKU0158","6","3600","21600","21600"
"3589","2026-10-03T05:00:00.000Z","SKU0159","7","600","4200","4200"
"3637","2026-10-03T05:00:00.000Z","SKU0161","1","900","900","900"
"3662","2026-10-03T05:00:00.000Z","SKU0162","2","1100","2200","2200"
"3686","2026-10-03T05:00:00.000Z","SKU0163","3","3100","9300","9300"
"3711","2026-10-03T05:00:00.000Z","SKU0164","4","1600","6400","6400"
"3736","2026-10-03T05:00:00.000Z","SKU0165","5","2100","10500","10500"
"3760","2026-10-03T05:00:00.000Z","SKU0166","6","4600","27600","27600"
"3785","2026-10-03T05:00:00.000Z","SKU0167","7","2600","18200","18200"
"3833","2026-10-03T05:00:00.000Z","SKU0170","2","2900","5800","5800"
"3857","2026-10-03T05:00:00.000Z","SKU0171","3","900","2700","2700"
"3882","2026-10-03T05:00:00.000Z","SKU0172","4","1100","4400","4400"
"3907","2026-10-03T05:00:00.000Z","SKU0173","5","3100","15500","15500"
"3931","2026-10-03T05:00:00.000Z","SKU0174","6","1600","9600","9600"
"3956","2026-10-03T05:00:00.000Z","SKU0175","7","2100","14700","14700"
"4004","2026-10-03T05:00:00.000Z","SKU0177","1","2600","2600","2600"
"4029","2026-10-03T05:00:00.000Z","SKU0178","2","3600","7200","7200"
"4053","2026-10-03T05:00:00.000Z","SKU0179","3","600","1800","1800"
"4078","2026-10-03T05:00:00.000Z","SKU0180","4","2900","11600","11600"
"4103","2026-10-03T05:00:00.000Z","SKU0181","5","900","4500","4500"
"4127","2026-10-03T05:00:00.000Z","SKU0183","7","3100","21700","21700"
"4175","2026-10-03T05:00:00.000Z","SKU0185","1","2100","2100","2100"
"4200","2026-10-03T05:00:00.000Z","SKU0186","2","4600","9200","9200"
"4224","2026-10-03T05:00:00.000Z","SKU0187","3","2600","7800","7800"
"4249","2026-10-03T05:00:00.000Z","SKU0188","4","3600","14400","14400"
"4274","2026-10-03T05:00:00.000Z","SKU0189","5","600","3000","3000"
"4298","2026-10-03T05:00:00.000Z","SKU0190","6","2900","17400","17400"
"4323","2026-10-03T05:00:00.000Z","SKU0191","7","900","6300","6300"
"4371","2026-10-03T05:00:00.000Z","SKU0193","1","3100","3100","3100"
"4396","2026-10-03T05:00:00.000Z","SKU0194","2","1600","3200","3200"
"4420","2026-10-03T05:00:00.000Z","SKU0196","4","4600","18400","18400"
"4445","2026-10-03T05:00:00.000Z","SKU0197","5","2600","13000","13000"
"4469","2026-10-03T05:00:00.000Z","SKU0198","6","3600","21600","21600"
"4494","2026-10-03T05:00:00.000Z","SKU0199","7","600","4200","4200"
"4542","2026-10-03T05:00:00.000Z","SKU0201","1","1000","1000","1000"
"4567","2026-10-03T05:00:00.000Z","SKU0202","2","1200","2400","2400"
"4591","2026-10-03T05:00:00.000Z","SKU0203","3","3200","9600","9600"
"4616","2026-10-03T05:00:00.000Z","SKU0204","4","1700","6800","6800"
"4641","2026-10-03T05:00:00.000Z","SKU0205","5","2200","11000","11000"
"4665","2026-10-03T05:00:00.000Z","SKU0206","6","4700","28200","28200"
"4690","2026-10-03T05:00:00.000Z","SKU0207","7","2700","18900","18900"
"4714","2026-10-03T05:00:00.000Z","SKU0209","1","700","700","700"
"4739","2026-10-03T05:00:00.000Z","SKU0210","2","3000","6000","6000"
"4763","2026-10-03T05:00:00.000Z","SKU0211","3","1000","3000","3000"
"4788","2026-10-03T05:00:00.000Z","SKU0212","4","1200","4800","4800"
"4813","2026-10-03T05:00:00.000Z","SKU0213","5","3200","16000","16000"
"4837","2026-10-03T05:00:00.000Z","SKU0214","6","1700","10200","10200"
"4862","2026-10-03T05:00:00.000Z","SKU0215","7","2200","15400","15400"
"4910","2026-10-03T05:00:00.000Z","SKU0217","1","2700","2700","2700"
"4935","2026-10-03T05:00:00.000Z","SKU0218","2","3700","7400","7400"
"4959","2026-10-03T05:00:00.000Z","SKU0219","3","700","2100","2100"
"4984","2026-10-03T05:00:00.000Z","SKU0220","4","3000","12000","12000"
"5009","2026-10-03T05:00:00.000Z","SKU0222","6","1200","7200","7200"
"5034","2026-10-03T05:00:00.000Z","SKU0223","7","3200","22400","22400"
"5082","2026-10-03T05:00:00.000Z","SKU0225","1","2200","2200","2200"
"5107","2026-10-03T05:00:00.000Z","SKU0226","2","4700","9400","9400"
"5131","2026-10-03T05:00:00.000Z","SKU0227","3","2700","8100","8100"
"5156","2026-10-03T05:00:00.000Z","SKU0228","4","3700","14800","14800"
"5181","2026-10-03T05:00:00.000Z","SKU0229","5","700","3500","3500"
"5205","2026-10-03T05:00:00.000Z","SKU0230","6","3000","18000","18000"
"5230","2026-10-03T05:00:00.000Z","SKU0231","7","1000","7000","7000"
"5278","2026-10-03T05:00:00.000Z","SKU0233","1","3200","3200","3200"
"5303","2026-10-03T05:00:00.000Z","SKU0235","3","2200","6600","6600"
"5328","2026-10-03T05:00:00.000Z","SKU0236","4","4700","18800","18800"
"5353","2026-10-03T05:00:00.000Z","SKU0237","5","2700","13500","13500"
"5377","2026-10-03T05:00:00.000Z","SKU0238","6","3700","22200","22200"
"5402","2026-10-03T05:00:00.000Z","SKU0239","7","700","4900","4900"
"5450","2026-10-03T05:00:00.000Z","SKU0241","1","1000","1000","1000"
"5475","2026-10-03T05:00:00.000Z","SKU0242","2","1200","2400","2400"
"5499","2026-10-03T05:00:00.000Z","SKU0243","3","3200","9600","9600"
"5524","2026-10-03T05:00:00.000Z","SKU0244","4","1700","6800","6800"
"5549","2026-10-03T05:00:00.000Z","SKU0245","5","2200","11000","11000"
"5573","2026-10-03T05:00:00.000Z","SKU0246","6","4700","28200","28200"
"5622","2026-10-03T05:00:00.000Z","SKU0249","1","700","700","700"
"5647","2026-10-03T05:00:00.000Z","SKU0250","2","3000","6000","6000"
"5671","2026-10-03T05:00:00.000Z","SKU0251","3","1000","3000","3000"
"5696","2026-10-03T05:00:00.000Z","SKU0252","4","1200","4800","4800"
"5721","2026-10-03T05:00:00.000Z","SKU0253","5","3200","16000","16000"
"5745","2026-10-03T05:00:00.000Z","SKU0254","6","1700","10200","10200"
"5770","2026-10-03T05:00:00.000Z","SKU0255","7","2200","15400","15400"
"5818","2026-10-03T05:00:00.000Z","SKU0257","1","2700","2700","2700"
"5843","2026-10-03T05:00:00.000Z","SKU0258","2","3700","7400","7400"
"5867","2026-10-03T05:00:00.000Z","SKU0259","3","700","2100","2100"
"5892","2026-10-03T05:00:00.000Z","SKU0261","5","1000","5000","5000"
"5916","2026-10-03T05:00:00.000Z","SKU0262","6","1200","7200","7200"
"5941","2026-10-03T05:00:00.000Z","SKU0263","7","3200","22400","22400"
"5989","2026-10-03T05:00:00.000Z","SKU0265","1","2200","2200","2200"
"6014","2026-10-03T05:00:00.000Z","SKU0266","2","4700","9400","9400"
"6038","2026-10-03T05:00:00.000Z","SKU0267","3","2700","8100","8100"
"6063","2026-10-03T05:00:00.000Z","SKU0268","4","3700","14800","14800"
"6088","2026-10-03T05:00:00.000Z","SKU0269","5","700","3500","3500"
"6112","2026-10-03T05:00:00.000Z","SKU0270","6","3000","18000","18000"
"6137","2026-10-03T05:00:00.000Z","SKU0271","7","1000","7000","7000"
"6185","2026-10-03T05:00:00.000Z","SKU0274","2","1700","3400","3400"
"6209","2026-10-03T05:00:00.000Z","SKU0275","3","2200","6600","6600"
"6234","2026-10-03T05:00:00.000Z","SKU0276","4","4700","18800","18800"
"6259","2026-10-03T05:00:00.000Z","SKU0277","5","2700","13500","13500"
"6283","2026-10-03T05:00:00.000Z","SKU0278","6","3700","22200","22200"
"6308","2026-10-03T05:00:00.000Z","SKU0279","7","700","4900","4900"
"6356","2026-10-03T05:00:00.000Z","SKU0281","1","1000","1000","1000"
"6381","2026-10-03T05:00:00.000Z","SKU0282","2","1200","2400","2400"
"6405","2026-10-03T05:00:00.000Z","SKU0283","3","3200","9600","9600"
"6430","2026-10-03T05:00:00.000Z","SKU0284","4","1700","6800","6800"
"6455","2026-10-03T05:00:00.000Z","SKU0285","5","2200","11000","11000"
"6479","2026-10-03T05:00:00.000Z","SKU0287","7","2700","18900","18900"
"6527","2026-10-03T05:00:00.000Z","SKU0289","1","700","700","700"
"6552","2026-10-03T05:00:00.000Z","SKU0290","2","3000","6000","6000"
"6576","2026-10-03T05:00:00.000Z","SKU0291","3","1000","3000","3000"
"6601","2026-10-03T05:00:00.000Z","SKU0292","4","1200","4800","4800"
"6626","2026-10-03T05:00:00.000Z","SKU0293","5","3200","16000","16000"
"6650","2026-10-03T05:00:00.000Z","SKU0294","6","1700","10200","10200"
"6675","2026-10-03T05:00:00.000Z","SKU0295","7","2200","15400","15400"
"6723","2026-10-03T05:00:00.000Z","SKU0297","1","2700","2700","2700"
"6748","2026-10-03T05:00:00.000Z","SKU0298","2","3700","7400","7400"
"6772","2026-10-03T05:00:00.000Z","SKU0300","4","3100","12400","12400"
"6797","2026-10-03T05:00:00.000Z","SKU0301","5","1100","5500","5500"
"6821","2026-10-03T05:00:00.000Z","SKU0302","6","1300","7800","7800"
"6846","2026-10-03T05:00:00.000Z","SKU0303","7","3300","23100","23100"
"6894","2026-10-03T05:00:00.000Z","SKU0305","1","2300","2300","2300"
"6919","2026-10-03T05:00:00.000Z","SKU0306","2","4800","9600","9600"
"6943","2026-10-03T05:00:00.000Z","SKU0307","3","2800","8400","8400"
"6968","2026-10-03T05:00:00.000Z","SKU0308","4","3800","15200","15200"
"6993","2026-10-03T05:00:00.000Z","SKU0309","5","800","4000","4000"
"7017","2026-10-03T05:00:00.000Z","SKU0310","6","3100","18600","18600"
"7042","2026-10-03T05:00:00.000Z","SKU0311","7","1100","7700","7700"
"7066","2026-10-03T05:00:00.000Z","SKU0313","1","3300","3300","3300"
"7091","2026-10-03T05:00:00.000Z","SKU0314","2","1800","3600","3600"
"7115","2026-10-03T05:00:00.000Z","SKU0315","3","2300","6900","6900"
"7140","2026-10-03T05:00:00.000Z","SKU0316","4","4800","19200","19200"
"7165","2026-10-03T05:00:00.000Z","SKU0317","5","2800","14000","14000"
"7189","2026-10-03T05:00:00.000Z","SKU0318","6","3800","22800","22800"
"7214","2026-10-03T05:00:00.000Z","SKU0319","7","800","5600","5600"
"7262","2026-10-03T05:00:00.000Z","SKU0321","1","1100","1100","1100"
"7287","2026-10-03T05:00:00.000Z","SKU0322","2","1300","2600","2600"
"7311","2026-10-03T05:00:00.000Z","SKU0323","3","3300","9900","9900"
"7336","2026-10-03T05:00:00.000Z","SKU0324","4","1800","7200","7200"
"7361","2026-10-03T05:00:00.000Z","SKU0326","6","4800","28800","28800"
"7386","2026-10-03T05:00:00.000Z","SKU0327","7","2800","19600","19600"
"7434","2026-10-03T05:00:00.000Z","SKU0329","1","800","800","800"
"7459","2026-10-03T05:00:00.000Z","SKU0330","2","3100","6200","6200"
"7483","2026-10-03T05:00:00.000Z","SKU0331","3","1100","3300","3300"
"7508","2026-10-03T05:00:00.000Z","SKU0332","4","1300","5200","5200"
"7533","2026-10-03T05:00:00.000Z","SKU0333","5","3300","16500","16500"
"7557","2026-10-03T05:00:00.000Z","SKU0334","6","1800","10800","10800"
"7582","2026-10-03T05:00:00.000Z","SKU0335","7","2300","16100","16100"
"7630","2026-10-03T05:00:00.000Z","SKU0337","1","2800","2800","2800"
"7655","2026-10-03T05:00:00.000Z","SKU0339","3","800","2400","2400"
"7680","2026-10-03T05:00:00.000Z","SKU0340","4","3100","12400","12400"
"7705","2026-10-03T05:00:00.000Z","SKU0341","5","1100","5500","5500"
"7729","2026-10-03T05:00:00.000Z","SKU0342","6","1300","7800","7800"
"7754","2026-10-03T05:00:00.000Z","SKU0343","7","3300","23100","23100"
"7802","2026-10-03T05:00:00.000Z","SKU0345","1","2300","2300","2300"
"7827","2026-10-03T05:00:00.000Z","SKU0346","2","4800","9600","9600"
"7851","2026-10-03T05:00:00.000Z","SKU0347","3","2800","8400","8400"
"7876","2026-10-03T05:00:00.000Z","SKU0348","4","3800","15200","15200"
"7901","2026-10-03T05:00:00.000Z","SKU0349","5","800","4000","4000"
"7925","2026-10-03T05:00:00.000Z","SKU0350","6","3100","18600","18600"
"7974","2026-10-03T05:00:00.000Z","SKU0353","1","3300","3300","3300"
"7999","2026-10-03T05:00:00.000Z","SKU0354","2","1800","3600","3600"
"8023","2026-10-03T05:00:00.000Z","SKU0355","3","2300","6900","6900"
"8048","2026-10-03T05:00:00.000Z","SKU0356","4","4800","19200","19200"
"8073","2026-10-03T05:00:00.000Z","SKU0357","5","2800","14000","14000"
"8097","2026-10-03T05:00:00.000Z","SKU0358","6","3800","22800","22800"
"8122","2026-10-03T05:00:00.000Z","SKU0359","7","800","5600","5600"
"8170","2026-10-03T05:00:00.000Z","SKU0361","1","1100","1100","1100"
"8195","2026-10-03T05:00:00.000Z","SKU0362","2","1300","2600","2600"
"8219","2026-10-03T05:00:00.000Z","SKU0363","3","3300","9900","9900"
"8244","2026-10-03T05:00:00.000Z","SKU0365","5","2300","11500","11500"
"8268","2026-10-03T05:00:00.000Z","SKU0366","6","4800","28800","28800"
"8293","2026-10-03T05:00:00.000Z","SKU0367","7","2800","19600","19600"
"8341","2026-10-03T05:00:00.000Z","SKU0369","1","800","800","800"
"8366","2026-10-03T05:00:00.000Z","SKU0370","2","3100","6200","6200"
"8390","2026-10-03T05:00:00.000Z","SKU0371","3","1100","3300","3300"
"8415","2026-10-03T05:00:00.000Z","SKU0372","4","1300","5200","5200"
"8440","2026-10-03T05:00:00.000Z","SKU0373","5","3300","16500","16500"
"8464","2026-10-03T05:00:00.000Z","SKU0374","6","1800","10800","10800"
"8489","2026-10-03T05:00:00.000Z","SKU0375","7","2300","16100","16100"
"8537","2026-10-03T05:00:00.000Z","SKU0378","2","3800","7600","7600"
"8561","2026-10-03T05:00:00.000Z","SKU0379","3","800","2400","2400"
"8586","2026-10-03T05:00:00.000Z","SKU0380","4","3100","12400","12400"
"8611","2026-10-03T05:00:00.000Z","SKU0381","5","1100","5500","5500"
"8635","2026-10-03T05:00:00.000Z","SKU0382","6","1300","7800","7800"
"8660","2026-10-03T05:00:00.000Z","SKU0383","7","3300","23100","23100"
"8708","2026-10-03T05:00:00.000Z","SKU0385","1","2300","2300","2300"
"8733","2026-10-03T05:00:00.000Z","SKU0386","2","4800","9600","9600"
"8757","2026-10-03T05:00:00.000Z","SKU0387","3","2800","8400","8400"
"8782","2026-10-03T05:00:00.000Z","SKU0388","4","3800","15200","15200"
"8807","2026-10-03T05:00:00.000Z","SKU0389","5","800","4000","4000"
"8831","2026-10-03T05:00:00.000Z","SKU0391","7","1100","7700","7700"
"8879","2026-10-03T05:00:00.000Z","SKU0393","1","3300","3300","3300"
"8904","2026-10-03T05:00:00.000Z","SKU0394","2","1800","3600","3600"
"8928","2026-10-03T05:00:00.000Z","SKU0395","3","2300","6900","6900"
"8953","2026-10-03T05:00:00.000Z","SKU0396","4","4800","19200","19200"
"8978","2026-10-03T05:00:00.000Z","SKU0397","5","2800","14000","14000"
"9002","2026-10-03T05:00:00.000Z","SKU0398","6","3800","22800","22800"
"9027","2026-10-03T05:00:00.000Z","SKU0399","7","800","5600","5600"
"9075","2026-10-03T05:00:00.000Z","SKU0401","1","1200","1200","1200"
"9100","2026-10-03T05:00:00.000Z","SKU0402","2","1400","2800","2800"
"9124","2026-10-03T05:00:00.000Z","SKU0404","4","1900","7600","7600"
"9149","2026-10-03T05:00:00.000Z","SKU0405","5","2400","12000","12000"
"9173","2026-10-03T05:00:00.000Z","SKU0406","6","4900","29400","29400"
"9198","2026-10-03T05:00:00.000Z","SKU0407","7","2900","20300","20300"
"9246","2026-10-03T05:00:00.000Z","SKU0409","1","900","900","900"
"9271","2026-10-03T05:00:00.000Z","SKU0410","2","3200","6400","6400"
"9295","2026-10-03T05:00:00.000Z","SKU0411","3","1200","3600","3600"
"9320","2026-10-03T05:00:00.000Z","SKU0412","4","1400","5600","5600"
"9345","2026-10-03T05:00:00.000Z","SKU0413","5","3400","17000","17000"
"9369","2026-10-03T05:00:00.000Z","SKU0414","6","1900","11400","11400"
"9394","2026-10-03T05:00:00.000Z","SKU0415","7","2400","16800","16800"
"9418","2026-10-03T05:00:00.000Z","SKU0417","1","2900","2900","2900"
"9443","2026-10-03T05:00:00.000Z","SKU0418","2","3900","7800","7800"
"9467","2026-10-03T05:00:00.000Z","SKU0419","3","900","2700","2700"
"9492","2026-10-03T05:00:00.000Z","SKU0420","4","3200","12800","12800"
"9517","2026-10-03T05:00:00.000Z","SKU0421","5","1200","6000","6000"
"9541","2026-10-03T05:00:00.000Z","SKU0422","6","1400","8400","8400"
"9566","2026-10-03T05:00:00.000Z","SKU0423","7","3400","23800","23800"
"9614","2026-10-03T05:00:00.000Z","SKU0425","1","2400","2400","2400"
"9639","2026-10-03T05:00:00.000Z","SKU0426","2","4900","9800","9800"
"9663","2026-10-03T05:00:00.000Z","SKU0427","3","2900","8700","8700"
"9688","2026-10-03T05:00:00.000Z","SKU0428","4","3900","15600","15600"
"9713","2026-10-03T05:00:00.000Z","SKU0430","6","3200","19200","19200"
"9738","2026-10-03T05:00:00.000Z","SKU0431","7","1200","8400","8400"
"9786","2026-10-03T05:00:00.000Z","SKU0433","1","3400","3400","3400"
"9811","2026-10-03T05:00:00.000Z","SKU0434","2","1900","3800","3800"
"9835","2026-10-03T05:00:00.000Z","SKU0435","3","2400","7200","7200"
"9860","2026-10-03T05:00:00.000Z","SKU0436","4","4900","19600","19600"
"9885","2026-10-03T05:00:00.000Z","SKU0437","5","2900","14500","14500"
"9909","2026-10-03T05:00:00.000Z","SKU0438","6","3900","23400","23400"
"9934","2026-10-03T05:00:00.000Z","SKU0439","7","900","6300","6300"
"9982","2026-10-03T05:00:00.000Z","SKU0441","1","1200","1200","1200"
"10007","2026-10-03T05:00:00.000Z","SKU0443","3","3400","10200","10200"
"10032","2026-10-03T05:00:00.000Z","SKU0444","4","1900","7600","7600"
"10057","2026-10-03T05:00:00.000Z","SKU0445","5","2400","12000","12000"
"10081","2026-10-03T05:00:00.000Z","SKU0446","6","4900","29400","29400"
"10106","2026-10-03T05:00:00.000Z","SKU0447","7","2900","20300","20300"
"10154","2026-10-03T05:00:00.000Z","SKU0449","1","900","900","900"
"10179","2026-10-03T05:00:00.000Z","SKU0450","2","3200","6400","6400"
"10203","2026-10-03T05:00:00.000Z","SKU0451","3","1200","3600","3600"
"10228","2026-10-03T05:00:00.000Z","SKU0452","4","1400","5600","5600"
"10253","2026-10-03T05:00:00.000Z","SKU0453","5","3400","17000","17000"
"10277","2026-10-03T05:00:00.000Z","SKU0454","6","1900","11400","11400"
"10326","2026-10-03T05:00:00.000Z","SKU0457","1","2900","2900","2900"
"10351","2026-10-03T05:00:00.000Z","SKU0458","2","3900","7800","7800"
"10375","2026-10-03T05:00:00.000Z","SKU0459","3","900","2700","2700"
"10400","2026-10-03T05:00:00.000Z","SKU0460","4","3200","12800","12800"
"10425","2026-10-03T05:00:00.000Z","SKU0461","5","1200","6000","6000"
"10449","2026-10-03T05:00:00.000Z","SKU0462","6","1400","8400","8400"
"10474","2026-10-03T05:00:00.000Z","SKU0463","7","3400","23800","23800"
"10522","2026-10-03T05:00:00.000Z","SKU0465","1","2400","2400","2400"
"10547","2026-10-03T05:00:00.000Z","SKU0466","2","4900","9800","9800"
"10571","2026-10-03T05:00:00.000Z","SKU0467","3","2900","8700","8700"
"10596","2026-10-03T05:00:00.000Z","SKU0469","5","900","4500","4500"
"10620","2026-10-03T05:00:00.000Z","SKU0470","6","3200","19200","19200"
"10645","2026-10-03T05:00:00.000Z","SKU0471","7","1200","8400","8400"
"10693","2026-10-03T05:00:00.000Z","SKU0473","1","3400","3400","3400"
"10718","2026-10-03T05:00:00.000Z","SKU0474","2","1900","3800","3800"
"10742","2026-10-03T05:00:00.000Z","SKU0475","3","2400","7200","7200"
"10767","2026-10-03T05:00:00.000Z","SKU0476","4","4900","19600","19600"
"10792","2026-10-03T05:00:00.000Z","SKU0477","5","2900","14500","14500"
"10816","2026-10-03T05:00:00.000Z","SKU0478","6","3900","23400","23400"
"10841","2026-10-03T05:00:00.000Z","SKU0479","7","900","6300","6300"
"10889","2026-10-03T05:00:00.000Z","SKU0482","2","1400","2800","2800"
"10913","2026-10-03T05:00:00.000Z","SKU0483","3","3400","10200","10200"
"10938","2026-10-03T05:00:00.000Z","SKU0484","4","1900","7600","7600"
"10963","2026-10-03T05:00:00.000Z","SKU0485","5","2400","12000","12000"
"10987","2026-10-03T05:00:00.000Z","SKU0486","6","4900","29400","29400"
"11012","2026-10-03T05:00:00.000Z","SKU0487","7","2900","20300","20300"
"11060","2026-10-03T05:00:00.000Z","SKU0489","1","900","900","900"
"11085","2026-10-03T05:00:00.000Z","SKU0490","2","3200","6400","6400"
"11109","2026-10-03T05:00:00.000Z","SKU0491","3","1200","3600","3600"
"11134","2026-10-03T05:00:00.000Z","SKU0492","4","1400","5600","5600"
"11159","2026-10-03T05:00:00.000Z","SKU0493","5","3400","17000","17000"
"11183","2026-10-03T05:00:00.000Z","SKU0495","7","2400","16800","16800"
"11231","2026-10-03T05:00:00.000Z","SKU0497","1","2900","2900","2900"
"11256","2026-10-03T05:00:00.000Z","SKU0498","2","3900","7800","7800"
"11280","2026-10-03T05:00:00.000Z","SKU0499","3","900","2700","2700"
"26","2026-10-04T05:00:00.000Z","SKU0001","4","800","3200","3200"
"54","2026-10-04T05:00:00.000Z","SKU0002","8","1000","8000","8000"
"62","2026-10-04T05:00:00.000Z","SKU0003","1","3000","3000","3000"
"85","2026-10-04T05:00:00.000Z","SKU0004","7","1500","10500","10500"
"134","2026-10-04T05:00:00.000Z","SKU0006","1","4500","4500","4500"
"159","2026-10-04T05:00:00.000Z","SKU0007","2","2500","5000","5000"
"182","2026-10-04T05:00:00.000Z","SKU0008","3","3500","10500","10500"
"207","2026-10-04T05:00:00.000Z","SKU0009","4","500","2000","2000"
"232","2026-10-04T05:00:00.000Z","SKU0010","5","2800","14000","14000"
"256","2026-10-04T05:00:00.000Z","SKU0011","6","800","4800","4800"
"281","2026-10-04T05:00:00.000Z","SKU0012","7","1000","7000","7000"
"306","2026-10-04T05:00:00.000Z","SKU0014","1","1500","1500","1500"
"331","2026-10-04T05:00:00.000Z","SKU0015","2","2000","4000","4000"
"354","2026-10-04T05:00:00.000Z","SKU0016","3","4500","13500","13500"
"379","2026-10-04T05:00:00.000Z","SKU0017","4","2500","10000","10000"
"404","2026-10-04T05:00:00.000Z","SKU0018","5","3500","17500","17500"
"428","2026-10-04T05:00:00.000Z","SKU0019","6","500","3000","3000"
"453","2026-10-04T05:00:00.000Z","SKU0020","7","2800","19600","19600"
"502","2026-10-04T05:00:00.000Z","SKU0022","1","1000","1000","1000"
"527","2026-10-04T05:00:00.000Z","SKU0023","2","3000","6000","6000"
"550","2026-10-04T05:00:00.000Z","SKU0024","3","1500","4500","4500"
"575","2026-10-04T05:00:00.000Z","SKU0025","4","2000","8000","8000"
"600","2026-10-04T05:00:00.000Z","SKU0027","6","2500","15000","15000"
"625","2026-10-04T05:00:00.000Z","SKU0028","7","3500","24500","24500"
"674","2026-10-04T05:00:00.000Z","SKU0030","1","2800","2800","2800"
"699","2026-10-04T05:00:00.000Z","SKU0031","2","800","1600","1600"
"722","2026-10-04T05:00:00.000Z","SKU0032","3","1000","3000","3000"
"747","2026-10-04T05:00:00.000Z","SKU0033","4","3000","12000","12000"
"772","2026-10-04T05:00:00.000Z","SKU0034","5","1500","7500","7500"
"796","2026-10-04T05:00:00.000Z","SKU0035","6","2000","12000","12000"
"821","2026-10-04T05:00:00.000Z","SKU0036","7","4500","31500","31500"
"870","2026-10-04T05:00:00.000Z","SKU0038","1","3500","3500","3500"
"894","2026-10-04T05:00:00.000Z","SKU0040","3","2800","8400","8400"
"919","2026-10-04T05:00:00.000Z","SKU0041","4","800","3200","3200"
"944","2026-10-04T05:00:00.000Z","SKU0042","5","1000","5000","5000"
"968","2026-10-04T05:00:00.000Z","SKU0043","6","3000","18000","18000"
"993","2026-10-04T05:00:00.000Z","SKU0044","7","1500","10500","10500"
"1042","2026-10-04T05:00:00.000Z","SKU0046","1","4500","4500","4500"
"1067","2026-10-04T05:00:00.000Z","SKU0047","2","2500","5000","5000"
"1090","2026-10-04T05:00:00.000Z","SKU0048","3","3500","10500","10500"
"1115","2026-10-04T05:00:00.000Z","SKU0049","4","500","2000","2000"
"1140","2026-10-04T05:00:00.000Z","SKU0050","5","2800","14000","14000"
"1164","2026-10-04T05:00:00.000Z","SKU0051","6","800","4800","4800"
"1213","2026-10-04T05:00:00.000Z","SKU0054","1","1500","1500","1500"
"1238","2026-10-04T05:00:00.000Z","SKU0055","2","2000","4000","4000"
"1261","2026-10-04T05:00:00.000Z","SKU0056","3","4500","13500","13500"
"1286","2026-10-04T05:00:00.000Z","SKU0057","4","2500","10000","10000"
"1311","2026-10-04T05:00:00.000Z","SKU0058","5","3500","17500","17500"
"1335","2026-10-04T05:00:00.000Z","SKU0059","6","500","3000","3000"
"1360","2026-10-04T05:00:00.000Z","SKU0060","7","2800","19600","19600"
"1409","2026-10-04T05:00:00.000Z","SKU0062","1","1000","1000","1000"
"1434","2026-10-04T05:00:00.000Z","SKU0063","2","3000","6000","6000"
"1457","2026-10-04T05:00:00.000Z","SKU0064","3","1500","4500","4500"
"1482","2026-10-04T05:00:00.000Z","SKU0066","5","4500","22500","22500"
"1506","2026-10-04T05:00:00.000Z","SKU0067","6","2500","15000","15000"
"1531","2026-10-04T05:00:00.000Z","SKU0068","7","3500","24500","24500"
"1580","2026-10-04T05:00:00.000Z","SKU0070","1","2800","2800","2800"
"1605","2026-10-04T05:00:00.000Z","SKU0071","2","800","1600","1600"
"1628","2026-10-04T05:00:00.000Z","SKU0072","3","1000","3000","3000"
"1653","2026-10-04T05:00:00.000Z","SKU0073","4","3000","12000","12000"
"1678","2026-10-04T05:00:00.000Z","SKU0074","5","1500","7500","7500"
"1702","2026-10-04T05:00:00.000Z","SKU0075","6","2000","12000","12000"
"1727","2026-10-04T05:00:00.000Z","SKU0076","7","4500","31500","31500"
"1776","2026-10-04T05:00:00.000Z","SKU0079","2","500","1000","1000"
"1799","2026-10-04T05:00:00.000Z","SKU0080","3","2800","8400","8400"
"1824","2026-10-04T05:00:00.000Z","SKU0081","4","800","3200","3200"
"1849","2026-10-04T05:00:00.000Z","SKU0082","5","1000","5000","5000"
"1873","2026-10-04T05:00:00.000Z","SKU0083","6","3000","18000","18000"
"1898","2026-10-04T05:00:00.000Z","SKU0084","7","1500","10500","10500"
"1947","2026-10-04T05:00:00.000Z","SKU0086","1","4500","4500","4500"
"1972","2026-10-04T05:00:00.000Z","SKU0087","2","2500","5000","5000"
"1995","2026-10-04T05:00:00.000Z","SKU0088","3","3500","10500","10500"
"2020","2026-10-04T05:00:00.000Z","SKU0089","4","500","2000","2000"
"2045","2026-10-04T05:00:00.000Z","SKU0090","5","2800","14000","14000"
"2069","2026-10-04T05:00:00.000Z","SKU0092","7","1000","7000","7000"
"2118","2026-10-04T05:00:00.000Z","SKU0094","1","1500","1500","1500"
"2143","2026-10-04T05:00:00.000Z","SKU0095","2","2000","4000","4000"
"2166","2026-10-04T05:00:00.000Z","SKU0096","3","4500","13500","13500"
"2191","2026-10-04T05:00:00.000Z","SKU0097","4","2500","10000","10000"
"2216","2026-10-04T05:00:00.000Z","SKU0098","5","3500","17500","17500"
"2240","2026-10-04T05:00:00.000Z","SKU0099","6","500","3000","3000"
"2265","2026-10-04T05:00:00.000Z","SKU0100","7","2900","20300","20300"
"2314","2026-10-04T05:00:00.000Z","SKU0102","1","1100","1100","1100"
"2339","2026-10-04T05:00:00.000Z","SKU0103","2","3100","6200","6200"
"2363","2026-10-04T05:00:00.000Z","SKU0105","4","2100","8400","8400"
"2388","2026-10-04T05:00:00.000Z","SKU0106","5","4600","23000","23000"
"2412","2026-10-04T05:00:00.000Z","SKU0107","6","2600","15600","15600"
"2437","2026-10-04T05:00:00.000Z","SKU0108","7","3600","25200","25200"
"2486","2026-10-04T05:00:00.000Z","SKU0110","1","2900","2900","2900"
"2511","2026-10-04T05:00:00.000Z","SKU0111","2","900","1800","1800"
"2534","2026-10-04T05:00:00.000Z","SKU0112","3","1100","3300","3300"
"2559","2026-10-04T05:00:00.000Z","SKU0113","4","3100","12400","12400"
"2584","2026-10-04T05:00:00.000Z","SKU0114","5","1600","8000","8000"
"2608","2026-10-04T05:00:00.000Z","SKU0115","6","2100","12600","12600"
"2633","2026-10-04T05:00:00.000Z","SKU0116","7","4600","32200","32200"
"2658","2026-10-04T05:00:00.000Z","SKU0118","1","3600","3600","3600"
"2683","2026-10-04T05:00:00.000Z","SKU0119","2","600","1200","1200"
"2706","2026-10-04T05:00:00.000Z","SKU0120","3","2900","8700","8700"
"2731","2026-10-04T05:00:00.000Z","SKU0121","4","900","3600","3600"
"2756","2026-10-04T05:00:00.000Z","SKU0122","5","1100","5500","5500"
"2780","2026-10-04T05:00:00.000Z","SKU0123","6","3100","18600","18600"
"2805","2026-10-04T05:00:00.000Z","SKU0124","7","1600","11200","11200"
"2854","2026-10-04T05:00:00.000Z","SKU0126","1","4600","4600","4600"
"2879","2026-10-04T05:00:00.000Z","SKU0127","2","2600","5200","5200"
"2902","2026-10-04T05:00:00.000Z","SKU0128","3","3600","10800","10800"
"2927","2026-10-04T05:00:00.000Z","SKU0129","4","600","2400","2400"
"2952","2026-10-04T05:00:00.000Z","SKU0131","6","900","5400","5400"
"2977","2026-10-04T05:00:00.000Z","SKU0132","7","1100","7700","7700"
"3026","2026-10-04T05:00:00.000Z","SKU0134","1","1600","1600","1600"
"3051","2026-10-04T05:00:00.000Z","SKU0135","2","2100","4200","4200"
"3074","2026-10-04T05:00:00.000Z","SKU0136","3","4600","13800","13800"
"3099","2026-10-04T05:00:00.000Z","SKU0137","4","2600","10400","10400"
"3124","2026-10-04T05:00:00.000Z","SKU0138","5","3600","18000","18000"
"3148","2026-10-04T05:00:00.000Z","SKU0139","6","600","3600","3600"
"3173","2026-10-04T05:00:00.000Z","SKU0140","7","2900","20300","20300"
"3222","2026-10-04T05:00:00.000Z","SKU0142","1","1100","1100","1100"
"3246","2026-10-04T05:00:00.000Z","SKU0144","3","1600","4800","4800"
"3271","2026-10-04T05:00:00.000Z","SKU0145","4","2100","8400","8400"
"3296","2026-10-04T05:00:00.000Z","SKU0146","5","4600","23000","23000"
"3320","2026-10-04T05:00:00.000Z","SKU0147","6","2600","15600","15600"
"3345","2026-10-04T05:00:00.000Z","SKU0148","7","3600","25200","25200"
"3394","2026-10-04T05:00:00.000Z","SKU0150","1","2900","2900","2900"
"3419","2026-10-04T05:00:00.000Z","SKU0151","2","900","1800","1800"
"3442","2026-10-04T05:00:00.000Z","SKU0152","3","1100","3300","3300"
"3467","2026-10-04T05:00:00.000Z","SKU0153","4","3100","12400","12400"
"3492","2026-10-04T05:00:00.000Z","SKU0154","5","1600","8000","8000"
"3516","2026-10-04T05:00:00.000Z","SKU0155","6","2100","12600","12600"
"3565","2026-10-04T05:00:00.000Z","SKU0158","1","3600","3600","3600"
"3590","2026-10-04T05:00:00.000Z","SKU0159","2","600","1200","1200"
"3613","2026-10-04T05:00:00.000Z","SKU0160","3","2900","8700","8700"
"3638","2026-10-04T05:00:00.000Z","SKU0161","4","900","3600","3600"
"3663","2026-10-04T05:00:00.000Z","SKU0162","5","1100","5500","5500"
"3687","2026-10-04T05:00:00.000Z","SKU0163","6","3100","18600","18600"
"3712","2026-10-04T05:00:00.000Z","SKU0164","7","1600","11200","11200"
"3761","2026-10-04T05:00:00.000Z","SKU0166","1","4600","4600","4600"
"3786","2026-10-04T05:00:00.000Z","SKU0167","2","2600","5200","5200"
"3809","2026-10-04T05:00:00.000Z","SKU0168","3","3600","10800","10800"
"3834","2026-10-04T05:00:00.000Z","SKU0170","5","2900","14500","14500"
"3858","2026-10-04T05:00:00.000Z","SKU0171","6","900","5400","5400"
"3883","2026-10-04T05:00:00.000Z","SKU0172","7","1100","7700","7700"
"3932","2026-10-04T05:00:00.000Z","SKU0174","1","1600","1600","1600"
"3957","2026-10-04T05:00:00.000Z","SKU0175","2","2100","4200","4200"
"3980","2026-10-04T05:00:00.000Z","SKU0176","3","4600","13800","13800"
"4005","2026-10-04T05:00:00.000Z","SKU0177","4","2600","10400","10400"
"4030","2026-10-04T05:00:00.000Z","SKU0178","5","3600","18000","18000"
"4054","2026-10-04T05:00:00.000Z","SKU0179","6","600","3600","3600"
"4079","2026-10-04T05:00:00.000Z","SKU0180","7","2900","20300","20300"
"4128","2026-10-04T05:00:00.000Z","SKU0183","2","3100","6200","6200"
"4151","2026-10-04T05:00:00.000Z","SKU0184","3","1600","4800","4800"
"4176","2026-10-04T05:00:00.000Z","SKU0185","4","2100","8400","8400"
"4201","2026-10-04T05:00:00.000Z","SKU0186","5","4600","23000","23000"
"4225","2026-10-04T05:00:00.000Z","SKU0187","6","2600","15600","15600"
"4250","2026-10-04T05:00:00.000Z","SKU0188","7","3600","25200","25200"
"4299","2026-10-04T05:00:00.000Z","SKU0190","1","2900","2900","2900"
"4324","2026-10-04T05:00:00.000Z","SKU0191","2","900","1800","1800"
"4347","2026-10-04T05:00:00.000Z","SKU0192","3","1100","3300","3300"
"4372","2026-10-04T05:00:00.000Z","SKU0193","4","3100","12400","12400"
"4397","2026-10-04T05:00:00.000Z","SKU0194","5","1600","8000","8000"
"4421","2026-10-04T05:00:00.000Z","SKU0196","7","4600","32200","32200"
"4470","2026-10-04T05:00:00.000Z","SKU0198","1","3600","3600","3600"
"4495","2026-10-04T05:00:00.000Z","SKU0199","2","600","1200","1200"
"4518","2026-10-04T05:00:00.000Z","SKU0200","3","3000","9000","9000"
"4543","2026-10-04T05:00:00.000Z","SKU0201","4","1000","4000","4000"
"4568","2026-10-04T05:00:00.000Z","SKU0202","5","1200","6000","6000"
"4592","2026-10-04T05:00:00.000Z","SKU0203","6","3200","19200","19200"
"4617","2026-10-04T05:00:00.000Z","SKU0204","7","1700","11900","11900"
"4666","2026-10-04T05:00:00.000Z","SKU0206","1","4700","4700","4700"
"4691","2026-10-04T05:00:00.000Z","SKU0207","2","2700","5400","5400"
"4715","2026-10-04T05:00:00.000Z","SKU0209","4","700","2800","2800"
"4740","2026-10-04T05:00:00.000Z","SKU0210","5","3000","15000","15000"
"4764","2026-10-04T05:00:00.000Z","SKU0211","6","1000","6000","6000"
"4789","2026-10-04T05:00:00.000Z","SKU0212","7","1200","8400","8400"
"4838","2026-10-04T05:00:00.000Z","SKU0214","1","1700","1700","1700"
"4863","2026-10-04T05:00:00.000Z","SKU0215","2","2200","4400","4400"
"4886","2026-10-04T05:00:00.000Z","SKU0216","3","4700","14100","14100"
"4911","2026-10-04T05:00:00.000Z","SKU0217","4","2700","10800","10800"
"4936","2026-10-04T05:00:00.000Z","SKU0218","5","3700","18500","18500"
"4960","2026-10-04T05:00:00.000Z","SKU0219","6","700","4200","4200"
"4985","2026-10-04T05:00:00.000Z","SKU0220","7","3000","21000","21000"
"5010","2026-10-04T05:00:00.000Z","SKU0222","1","1200","1200","1200"
"5035","2026-10-04T05:00:00.000Z","SKU0223","2","3200","6400","6400"
"5058","2026-10-04T05:00:00.000Z","SKU0224","3","1700","5100","5100"
"5083","2026-10-04T05:00:00.000Z","SKU0225","4","2200","8800","8800"
"5108","2026-10-04T05:00:00.000Z","SKU0226","5","4700","23500","23500"
"5132","2026-10-04T05:00:00.000Z","SKU0227","6","2700","16200","16200"
"5157","2026-10-04T05:00:00.000Z","SKU0228","7","3700","25900","25900"
"5206","2026-10-04T05:00:00.000Z","SKU0230","1","3000","3000","3000"
"5231","2026-10-04T05:00:00.000Z","SKU0231","2","1000","2000","2000"
"5254","2026-10-04T05:00:00.000Z","SKU0232","3","1200","3600","3600"
"5279","2026-10-04T05:00:00.000Z","SKU0233","4","3200","12800","12800"
"5304","2026-10-04T05:00:00.000Z","SKU0235","6","2200","13200","13200"
"5329","2026-10-04T05:00:00.000Z","SKU0236","7","4700","32900","32900"
"5378","2026-10-04T05:00:00.000Z","SKU0238","1","3700","3700","3700"
"5403","2026-10-04T05:00:00.000Z","SKU0239","2","700","1400","1400"
"5426","2026-10-04T05:00:00.000Z","SKU0240","3","3000","9000","9000"
"5451","2026-10-04T05:00:00.000Z","SKU0241","4","1000","4000","4000"
"5476","2026-10-04T05:00:00.000Z","SKU0242","5","1200","6000","6000"
"5500","2026-10-04T05:00:00.000Z","SKU0243","6","3200","19200","19200"
"5525","2026-10-04T05:00:00.000Z","SKU0244","7","1700","11900","11900"
"5574","2026-10-04T05:00:00.000Z","SKU0246","1","4700","4700","4700"
"5598","2026-10-04T05:00:00.000Z","SKU0248","3","3700","11100","11100"
"5623","2026-10-04T05:00:00.000Z","SKU0249","4","700","2800","2800"
"5648","2026-10-04T05:00:00.000Z","SKU0250","5","3000","15000","15000"
"5672","2026-10-04T05:00:00.000Z","SKU0251","6","1000","6000","6000"
"5697","2026-10-04T05:00:00.000Z","SKU0252","7","1200","8400","8400"
"5746","2026-10-04T05:00:00.000Z","SKU0254","1","1700","1700","1700"
"5771","2026-10-04T05:00:00.000Z","SKU0255","2","2200","4400","4400"
"5794","2026-10-04T05:00:00.000Z","SKU0256","3","4700","14100","14100"
"5819","2026-10-04T05:00:00.000Z","SKU0257","4","2700","10800","10800"
"5844","2026-10-04T05:00:00.000Z","SKU0258","5","3700","18500","18500"
"5868","2026-10-04T05:00:00.000Z","SKU0259","6","700","4200","4200"
"5917","2026-10-04T05:00:00.000Z","SKU0262","1","1200","1200","1200"
"5942","2026-10-04T05:00:00.000Z","SKU0263","2","3200","6400","6400"
"5965","2026-10-04T05:00:00.000Z","SKU0264","3","1700","5100","5100"
"5990","2026-10-04T05:00:00.000Z","SKU0265","4","2200","8800","8800"
"6015","2026-10-04T05:00:00.000Z","SKU0266","5","4700","23500","23500"
"6039","2026-10-04T05:00:00.000Z","SKU0267","6","2700","16200","16200"
"6064","2026-10-04T05:00:00.000Z","SKU0268","7","3700","25900","25900"
"6113","2026-10-04T05:00:00.000Z","SKU0270","1","3000","3000","3000"
"6138","2026-10-04T05:00:00.000Z","SKU0271","2","1000","2000","2000"
"6161","2026-10-04T05:00:00.000Z","SKU0272","3","1200","3600","3600"
"6186","2026-10-04T05:00:00.000Z","SKU0274","5","1700","8500","8500"
"6210","2026-10-04T05:00:00.000Z","SKU0275","6","2200","13200","13200"
"6235","2026-10-04T05:00:00.000Z","SKU0276","7","4700","32900","32900"
"6284","2026-10-04T05:00:00.000Z","SKU0278","1","3700","3700","3700"
"6309","2026-10-04T05:00:00.000Z","SKU0279","2","700","1400","1400"
"6332","2026-10-04T05:00:00.000Z","SKU0280","3","3000","9000","9000"
"6357","2026-10-04T05:00:00.000Z","SKU0281","4","1000","4000","4000"
"6382","2026-10-04T05:00:00.000Z","SKU0282","5","1200","6000","6000"
"6406","2026-10-04T05:00:00.000Z","SKU0283","6","3200","19200","19200"
"6431","2026-10-04T05:00:00.000Z","SKU0284","7","1700","11900","11900"
"6480","2026-10-04T05:00:00.000Z","SKU0287","2","2700","5400","5400"
"6503","2026-10-04T05:00:00.000Z","SKU0288","3","3700","11100","11100"
"6528","2026-10-04T05:00:00.000Z","SKU0289","4","700","2800","2800"
"6553","2026-10-04T05:00:00.000Z","SKU0290","5","3000","15000","15000"
"6577","2026-10-04T05:00:00.000Z","SKU0291","6","1000","6000","6000"
"6602","2026-10-04T05:00:00.000Z","SKU0292","7","1200","8400","8400"
"6651","2026-10-04T05:00:00.000Z","SKU0294","1","1700","1700","1700"
"6676","2026-10-04T05:00:00.000Z","SKU0295","2","2200","4400","4400"
"6699","2026-10-04T05:00:00.000Z","SKU0296","3","4700","14100","14100"
"6724","2026-10-04T05:00:00.000Z","SKU0297","4","2700","10800","10800"
"6749","2026-10-04T05:00:00.000Z","SKU0298","5","3700","18500","18500"
"6773","2026-10-04T05:00:00.000Z","SKU0300","7","3100","21700","21700"
"6822","2026-10-04T05:00:00.000Z","SKU0302","1","1300","1300","1300"
"6847","2026-10-04T05:00:00.000Z","SKU0303","2","3300","6600","6600"
"6870","2026-10-04T05:00:00.000Z","SKU0304","3","1800","5400","5400"
"6895","2026-10-04T05:00:00.000Z","SKU0305","4","2300","9200","9200"
"6920","2026-10-04T05:00:00.000Z","SKU0306","5","4800","24000","24000"
"6944","2026-10-04T05:00:00.000Z","SKU0307","6","2800","16800","16800"
"6969","2026-10-04T05:00:00.000Z","SKU0308","7","3800","26600","26600"
"7018","2026-10-04T05:00:00.000Z","SKU0310","1","3100","3100","3100"
"7043","2026-10-04T05:00:00.000Z","SKU0311","2","1100","2200","2200"
"7067","2026-10-04T05:00:00.000Z","SKU0313","4","3300","13200","13200"
"7092","2026-10-04T05:00:00.000Z","SKU0314","5","1800","9000","9000"
"7116","2026-10-04T05:00:00.000Z","SKU0315","6","2300","13800","13800"
"7141","2026-10-04T05:00:00.000Z","SKU0316","7","4800","33600","33600"
"7190","2026-10-04T05:00:00.000Z","SKU0318","1","3800","3800","3800"
"7215","2026-10-04T05:00:00.000Z","SKU0319","2","800","1600","1600"
"7238","2026-10-04T05:00:00.000Z","SKU0320","3","3100","9300","9300"
"7263","2026-10-04T05:00:00.000Z","SKU0321","4","1100","4400","4400"
"7288","2026-10-04T05:00:00.000Z","SKU0322","5","1300","6500","6500"
"7312","2026-10-04T05:00:00.000Z","SKU0323","6","3300","19800","19800"
"7337","2026-10-04T05:00:00.000Z","SKU0324","7","1800","12600","12600"
"7362","2026-10-04T05:00:00.000Z","SKU0326","1","4800","4800","4800"
"7387","2026-10-04T05:00:00.000Z","SKU0327","2","2800","5600","5600"
"7410","2026-10-04T05:00:00.000Z","SKU0328","3","3800","11400","11400"
"7435","2026-10-04T05:00:00.000Z","SKU0329","4","800","3200","3200"
"7460","2026-10-04T05:00:00.000Z","SKU0330","5","3100","15500","15500"
"7484","2026-10-04T05:00:00.000Z","SKU0331","6","1100","6600","6600"
"7509","2026-10-04T05:00:00.000Z","SKU0332","7","1300","9100","9100"
"7558","2026-10-04T05:00:00.000Z","SKU0334","1","1800","1800","1800"
"7583","2026-10-04T05:00:00.000Z","SKU0335","2","2300","4600","4600"
"7606","2026-10-04T05:00:00.000Z","SKU0336","3","4800","14400","14400"
"7631","2026-10-04T05:00:00.000Z","SKU0337","4","2800","11200","11200"
"7656","2026-10-04T05:00:00.000Z","SKU0339","6","800","4800","4800"
"7681","2026-10-04T05:00:00.000Z","SKU0340","7","3100","21700","21700"
"7730","2026-10-04T05:00:00.000Z","SKU0342","1","1300","1300","1300"
"7755","2026-10-04T05:00:00.000Z","SKU0343","2","3300","6600","6600"
"7778","2026-10-04T05:00:00.000Z","SKU0344","3","1800","5400","5400"
"7803","2026-10-04T05:00:00.000Z","SKU0345","4","2300","9200","9200"
"7828","2026-10-04T05:00:00.000Z","SKU0346","5","4800","24000","24000"
"7852","2026-10-04T05:00:00.000Z","SKU0347","6","2800","16800","16800"
"7877","2026-10-04T05:00:00.000Z","SKU0348","7","3800","26600","26600"
"7926","2026-10-04T05:00:00.000Z","SKU0350","1","3100","3100","3100"
"7950","2026-10-04T05:00:00.000Z","SKU0352","3","1300","3900","3900"
"7975","2026-10-04T05:00:00.000Z","SKU0353","4","3300","13200","13200"
"8000","2026-10-04T05:00:00.000Z","SKU0354","5","1800","9000","9000"
"8024","2026-10-04T05:00:00.000Z","SKU0355","6","2300","13800","13800"
"8049","2026-10-04T05:00:00.000Z","SKU0356","7","4800","33600","33600"
"8098","2026-10-04T05:00:00.000Z","SKU0358","1","3800","3800","3800"
"8123","2026-10-04T05:00:00.000Z","SKU0359","2","800","1600","1600"
"8146","2026-10-04T05:00:00.000Z","SKU0360","3","3100","9300","9300"
"8171","2026-10-04T05:00:00.000Z","SKU0361","4","1100","4400","4400"
"8196","2026-10-04T05:00:00.000Z","SKU0362","5","1300","6500","6500"
"8220","2026-10-04T05:00:00.000Z","SKU0363","6","3300","19800","19800"
"8269","2026-10-04T05:00:00.000Z","SKU0366","1","4800","4800","4800"
"8294","2026-10-04T05:00:00.000Z","SKU0367","2","2800","5600","5600"
"8317","2026-10-04T05:00:00.000Z","SKU0368","3","3800","11400","11400"
"8342","2026-10-04T05:00:00.000Z","SKU0369","4","800","3200","3200"
"8367","2026-10-04T05:00:00.000Z","SKU0370","5","3100","15500","15500"
"8391","2026-10-04T05:00:00.000Z","SKU0371","6","1100","6600","6600"
"8416","2026-10-04T05:00:00.000Z","SKU0372","7","1300","9100","9100"
"8465","2026-10-04T05:00:00.000Z","SKU0374","1","1800","1800","1800"
"8490","2026-10-04T05:00:00.000Z","SKU0375","2","2300","4600","4600"
"8513","2026-10-04T05:00:00.000Z","SKU0376","3","4800","14400","14400"
"8538","2026-10-04T05:00:00.000Z","SKU0378","5","3800","19000","19000"
"8562","2026-10-04T05:00:00.000Z","SKU0379","6","800","4800","4800"
"8587","2026-10-04T05:00:00.000Z","SKU0380","7","3100","21700","21700"
"8636","2026-10-04T05:00:00.000Z","SKU0382","1","1300","1300","1300"
"8661","2026-10-04T05:00:00.000Z","SKU0383","2","3300","6600","6600"
"8684","2026-10-04T05:00:00.000Z","SKU0384","3","1800","5400","5400"
"8709","2026-10-04T05:00:00.000Z","SKU0385","4","2300","9200","9200"
"8734","2026-10-04T05:00:00.000Z","SKU0386","5","4800","24000","24000"
"8758","2026-10-04T05:00:00.000Z","SKU0387","6","2800","16800","16800"
"8783","2026-10-04T05:00:00.000Z","SKU0388","7","3800","26600","26600"
"8832","2026-10-04T05:00:00.000Z","SKU0391","2","1100","2200","2200"
"8855","2026-10-04T05:00:00.000Z","SKU0392","3","1300","3900","3900"
"8880","2026-10-04T05:00:00.000Z","SKU0393","4","3300","13200","13200"
"8905","2026-10-04T05:00:00.000Z","SKU0394","5","1800","9000","9000"
"8929","2026-10-04T05:00:00.000Z","SKU0395","6","2300","13800","13800"
"8954","2026-10-04T05:00:00.000Z","SKU0396","7","4800","33600","33600"
"9003","2026-10-04T05:00:00.000Z","SKU0398","1","3800","3800","3800"
"9028","2026-10-04T05:00:00.000Z","SKU0399","2","800","1600","1600"
"9051","2026-10-04T05:00:00.000Z","SKU0400","3","3200","9600","9600"
"9076","2026-10-04T05:00:00.000Z","SKU0401","4","1200","4800","4800"
"9101","2026-10-04T05:00:00.000Z","SKU0402","5","1400","7000","7000"
"9125","2026-10-04T05:00:00.000Z","SKU0404","7","1900","13300","13300"
"9174","2026-10-04T05:00:00.000Z","SKU0406","1","4900","4900","4900"
"9199","2026-10-04T05:00:00.000Z","SKU0407","2","2900","5800","5800"
"9222","2026-10-04T05:00:00.000Z","SKU0408","3","3900","11700","11700"
"9247","2026-10-04T05:00:00.000Z","SKU0409","4","900","3600","3600"
"9272","2026-10-04T05:00:00.000Z","SKU0410","5","3200","16000","16000"
"9296","2026-10-04T05:00:00.000Z","SKU0411","6","1200","7200","7200"
"9321","2026-10-04T05:00:00.000Z","SKU0412","7","1400","9800","9800"
"9370","2026-10-04T05:00:00.000Z","SKU0414","1","1900","1900","1900"
"9395","2026-10-04T05:00:00.000Z","SKU0415","2","2400","4800","4800"
"9419","2026-10-04T05:00:00.000Z","SKU0417","4","2900","11600","11600"
"9444","2026-10-04T05:00:00.000Z","SKU0418","5","3900","19500","19500"
"9468","2026-10-04T05:00:00.000Z","SKU0419","6","900","5400","5400"
"9493","2026-10-04T05:00:00.000Z","SKU0420","7","3200","22400","22400"
"9542","2026-10-04T05:00:00.000Z","SKU0422","1","1400","1400","1400"
"9567","2026-10-04T05:00:00.000Z","SKU0423","2","3400","6800","6800"
"9590","2026-10-04T05:00:00.000Z","SKU0424","3","1900","5700","5700"
"9615","2026-10-04T05:00:00.000Z","SKU0425","4","2400","9600","9600"
"9640","2026-10-04T05:00:00.000Z","SKU0426","5","4900","24500","24500"
"9664","2026-10-04T05:00:00.000Z","SKU0427","6","2900","17400","17400"
"9689","2026-10-04T05:00:00.000Z","SKU0428","7","3900","27300","27300"
"9714","2026-10-04T05:00:00.000Z","SKU0430","1","3200","3200","3200"
"9739","2026-10-04T05:00:00.000Z","SKU0431","2","1200","2400","2400"
"9762","2026-10-04T05:00:00.000Z","SKU0432","3","1400","4200","4200"
"9787","2026-10-04T05:00:00.000Z","SKU0433","4","3400","13600","13600"
"9812","2026-10-04T05:00:00.000Z","SKU0434","5","1900","9500","9500"
"9836","2026-10-04T05:00:00.000Z","SKU0435","6","2400","14400","14400"
"9861","2026-10-04T05:00:00.000Z","SKU0436","7","4900","34300","34300"
"9910","2026-10-04T05:00:00.000Z","SKU0438","1","3900","3900","3900"
"9935","2026-10-04T05:00:00.000Z","SKU0439","2","900","1800","1800"
"9958","2026-10-04T05:00:00.000Z","SKU0440","3","3200","9600","9600"
"9983","2026-10-04T05:00:00.000Z","SKU0441","4","1200","4800","4800"
"10008","2026-10-04T05:00:00.000Z","SKU0443","6","3400","20400","20400"
"10033","2026-10-04T05:00:00.000Z","SKU0444","7","1900","13300","13300"
"10082","2026-10-04T05:00:00.000Z","SKU0446","1","4900","4900","4900"
"10107","2026-10-04T05:00:00.000Z","SKU0447","2","2900","5800","5800"
"10130","2026-10-04T05:00:00.000Z","SKU0448","3","3900","11700","11700"
"10155","2026-10-04T05:00:00.000Z","SKU0449","4","900","3600","3600"
"10180","2026-10-04T05:00:00.000Z","SKU0450","5","3200","16000","16000"
"10204","2026-10-04T05:00:00.000Z","SKU0451","6","1200","7200","7200"
"10229","2026-10-04T05:00:00.000Z","SKU0452","7","1400","9800","9800"
"10278","2026-10-04T05:00:00.000Z","SKU0454","1","1900","1900","1900"
"10302","2026-10-04T05:00:00.000Z","SKU0456","3","4900","14700","14700"
"10327","2026-10-04T05:00:00.000Z","SKU0457","4","2900","11600","11600"
"10352","2026-10-04T05:00:00.000Z","SKU0458","5","3900","19500","19500"
"10376","2026-10-04T05:00:00.000Z","SKU0459","6","900","5400","5400"
"10401","2026-10-04T05:00:00.000Z","SKU0460","7","3200","22400","22400"
"10450","2026-10-04T05:00:00.000Z","SKU0462","1","1400","1400","1400"
"10475","2026-10-04T05:00:00.000Z","SKU0463","2","3400","6800","6800"
"10498","2026-10-04T05:00:00.000Z","SKU0464","3","1900","5700","5700"
"10523","2026-10-04T05:00:00.000Z","SKU0465","4","2400","9600","9600"
"10548","2026-10-04T05:00:00.000Z","SKU0466","5","4900","24500","24500"
"10572","2026-10-04T05:00:00.000Z","SKU0467","6","2900","17400","17400"
"10621","2026-10-04T05:00:00.000Z","SKU0470","1","3200","3200","3200"
"10646","2026-10-04T05:00:00.000Z","SKU0471","2","1200","2400","2400"
"10669","2026-10-04T05:00:00.000Z","SKU0472","3","1400","4200","4200"
"10694","2026-10-04T05:00:00.000Z","SKU0473","4","3400","13600","13600"
"10719","2026-10-04T05:00:00.000Z","SKU0474","5","1900","9500","9500"
"10743","2026-10-04T05:00:00.000Z","SKU0475","6","2400","14400","14400"
"10768","2026-10-04T05:00:00.000Z","SKU0476","7","4900","34300","34300"
"10817","2026-10-04T05:00:00.000Z","SKU0478","1","3900","3900","3900"
"10842","2026-10-04T05:00:00.000Z","SKU0479","2","900","1800","1800"
"10865","2026-10-04T05:00:00.000Z","SKU0480","3","3200","9600","9600"
"10890","2026-10-04T05:00:00.000Z","SKU0482","5","1400","7000","7000"
"10914","2026-10-04T05:00:00.000Z","SKU0483","6","3400","20400","20400"
"10939","2026-10-04T05:00:00.000Z","SKU0484","7","1900","13300","13300"
"10988","2026-10-04T05:00:00.000Z","SKU0486","1","4900","4900","4900"
"11013","2026-10-04T05:00:00.000Z","SKU0487","2","2900","5800","5800"
"11036","2026-10-04T05:00:00.000Z","SKU0488","3","3900","11700","11700"
"11061","2026-10-04T05:00:00.000Z","SKU0489","4","900","3600","3600"
"11086","2026-10-04T05:00:00.000Z","SKU0490","5","3200","16000","16000"
"11110","2026-10-04T05:00:00.000Z","SKU0491","6","1200","7200","7200"
"11135","2026-10-04T05:00:00.000Z","SKU0492","7","1400","9800","9800"
"11184","2026-10-04T05:00:00.000Z","SKU0495","2","2400","4800","4800"
"11207","2026-10-04T05:00:00.000Z","SKU0496","3","4900","14700","14700"
"11232","2026-10-04T05:00:00.000Z","SKU0497","4","2900","11600","11600"
"11257","2026-10-04T05:00:00.000Z","SKU0498","5","3900","19500","19500"
"11281","2026-10-04T05:00:00.000Z","SKU0499","6","900","5400","5400"
"27","2026-10-05T05:00:00.000Z","SKU0001","4","800","3200","3200"
"55","2026-10-05T05:00:00.000Z","SKU0002","8","1000","8000","8000"
"86","2026-10-05T05:00:00.000Z","SKU0004","2","1500","3000","3000"
"110","2026-10-05T05:00:00.000Z","SKU0005","3","2000","6000","6000"
"135","2026-10-05T05:00:00.000Z","SKU0006","4","4500","18000","18000"
"160","2026-10-05T05:00:00.000Z","SKU0007","5","2500","12500","12500"
"183","2026-10-05T05:00:00.000Z","SKU0008","6","3500","21000","21000"
"208","2026-10-05T05:00:00.000Z","SKU0009","7","500","3500","3500"
"257","2026-10-05T05:00:00.000Z","SKU0011","1","800","800","800"
"282","2026-10-05T05:00:00.000Z","SKU0012","2","1000","2000","2000"
"307","2026-10-05T05:00:00.000Z","SKU0014","4","1500","6000","6000"
"332","2026-10-05T05:00:00.000Z","SKU0015","5","2000","10000","10000"
"355","2026-10-05T05:00:00.000Z","SKU0016","6","4500","27000","27000"
"380","2026-10-05T05:00:00.000Z","SKU0017","7","2500","17500","17500"
"429","2026-10-05T05:00:00.000Z","SKU0019","1","500","500","500"
"454","2026-10-05T05:00:00.000Z","SKU0020","2","2800","5600","5600"
"478","2026-10-05T05:00:00.000Z","SKU0021","3","800","2400","2400"
"503","2026-10-05T05:00:00.000Z","SKU0022","4","1000","4000","4000"
"528","2026-10-05T05:00:00.000Z","SKU0023","5","3000","15000","15000"
"551","2026-10-05T05:00:00.000Z","SKU0024","6","1500","9000","9000"
"576","2026-10-05T05:00:00.000Z","SKU0025","7","2000","14000","14000"
"601","2026-10-05T05:00:00.000Z","SKU0027","1","2500","2500","2500"
"626","2026-10-05T05:00:00.000Z","SKU0028","2","3500","7000","7000"
"650","2026-10-05T05:00:00.000Z","SKU0029","3","500","1500","1500"
"675","2026-10-05T05:00:00.000Z","SKU0030","4","2800","11200","11200"
"700","2026-10-05T05:00:00.000Z","SKU0031","5","800","4000","4000"
"723","2026-10-05T05:00:00.000Z","SKU0032","6","1000","6000","6000"
"748","2026-10-05T05:00:00.000Z","SKU0033","7","3000","21000","21000"
"797","2026-10-05T05:00:00.000Z","SKU0035","1","2000","2000","2000"
"822","2026-10-05T05:00:00.000Z","SKU0036","2","4500","9000","9000"
"846","2026-10-05T05:00:00.000Z","SKU0037","3","2500","7500","7500"
"871","2026-10-05T05:00:00.000Z","SKU0038","4","3500","14000","14000"
"895","2026-10-05T05:00:00.000Z","SKU0040","6","2800","16800","16800"
"920","2026-10-05T05:00:00.000Z","SKU0041","7","800","5600","5600"
"969","2026-10-05T05:00:00.000Z","SKU0043","1","3000","3000","3000"
"994","2026-10-05T05:00:00.000Z","SKU0044","2","1500","3000","3000"
"1018","2026-10-05T05:00:00.000Z","SKU0045","3","2000","6000","6000"
"1043","2026-10-05T05:00:00.000Z","SKU0046","4","4500","18000","18000"
"1068","2026-10-05T05:00:00.000Z","SKU0047","5","2500","12500","12500"
"1091","2026-10-05T05:00:00.000Z","SKU0048","6","3500","21000","21000"
"1116","2026-10-05T05:00:00.000Z","SKU0049","7","500","3500","3500"
"1165","2026-10-05T05:00:00.000Z","SKU0051","1","800","800","800"
"1189","2026-10-05T05:00:00.000Z","SKU0053","3","3000","9000","9000"
"1214","2026-10-05T05:00:00.000Z","SKU0054","4","1500","6000","6000"
"1239","2026-10-05T05:00:00.000Z","SKU0055","5","2000","10000","10000"
"1262","2026-10-05T05:00:00.000Z","SKU0056","6","4500","27000","27000"
"1287","2026-10-05T05:00:00.000Z","SKU0057","7","2500","17500","17500"
"1336","2026-10-05T05:00:00.000Z","SKU0059","1","500","500","500"
"1361","2026-10-05T05:00:00.000Z","SKU0060","2","2800","5600","5600"
"1385","2026-10-05T05:00:00.000Z","SKU0061","3","800","2400","2400"
"1410","2026-10-05T05:00:00.000Z","SKU0062","4","1000","4000","4000"
"1435","2026-10-05T05:00:00.000Z","SKU0063","5","3000","15000","15000"
"1458","2026-10-05T05:00:00.000Z","SKU0064","6","1500","9000","9000"
"1507","2026-10-05T05:00:00.000Z","SKU0067","1","2500","2500","2500"
"1532","2026-10-05T05:00:00.000Z","SKU0068","2","3500","7000","7000"
"1556","2026-10-05T05:00:00.000Z","SKU0069","3","500","1500","1500"
"1581","2026-10-05T05:00:00.000Z","SKU0070","4","2800","11200","11200"
"1606","2026-10-05T05:00:00.000Z","SKU0071","5","800","4000","4000"
"1629","2026-10-05T05:00:00.000Z","SKU0072","6","1000","6000","6000"
"1654","2026-10-05T05:00:00.000Z","SKU0073","7","3000","21000","21000"
"1703","2026-10-05T05:00:00.000Z","SKU0075","1","2000","2000","2000"
"1728","2026-10-05T05:00:00.000Z","SKU0076","2","4500","9000","9000"
"1752","2026-10-05T05:00:00.000Z","SKU0077","3","2500","7500","7500"
"1777","2026-10-05T05:00:00.000Z","SKU0079","5","500","2500","2500"
"1800","2026-10-05T05:00:00.000Z","SKU0080","6","2800","16800","16800"
"1825","2026-10-05T05:00:00.000Z","SKU0081","7","800","5600","5600"
"1874","2026-10-05T05:00:00.000Z","SKU0083","1","3000","3000","3000"
"1899","2026-10-05T05:00:00.000Z","SKU0084","2","1500","3000","3000"
"1923","2026-10-05T05:00:00.000Z","SKU0085","3","2000","6000","6000"
"1948","2026-10-05T05:00:00.000Z","SKU0086","4","4500","18000","18000"
"1973","2026-10-05T05:00:00.000Z","SKU0087","5","2500","12500","12500"
"1996","2026-10-05T05:00:00.000Z","SKU0088","6","3500","21000","21000"
"2021","2026-10-05T05:00:00.000Z","SKU0089","7","500","3500","3500"
"2070","2026-10-05T05:00:00.000Z","SKU0092","2","1000","2000","2000"
"2094","2026-10-05T05:00:00.000Z","SKU0093","3","3000","9000","9000"
"2119","2026-10-05T05:00:00.000Z","SKU0094","4","1500","6000","6000"
"2144","2026-10-05T05:00:00.000Z","SKU0095","5","2000","10000","10000"
"2167","2026-10-05T05:00:00.000Z","SKU0096","6","4500","27000","27000"
"2192","2026-10-05T05:00:00.000Z","SKU0097","7","2500","17500","17500"
"2241","2026-10-05T05:00:00.000Z","SKU0099","1","500","500","500"
"2266","2026-10-05T05:00:00.000Z","SKU0100","2","2900","5800","5800"
"2290","2026-10-05T05:00:00.000Z","SKU0101","3","900","2700","2700"
"2315","2026-10-05T05:00:00.000Z","SKU0102","4","1100","4400","4400"
"2340","2026-10-05T05:00:00.000Z","SKU0103","5","3100","15500","15500"
"2364","2026-10-05T05:00:00.000Z","SKU0105","7","2100","14700","14700"
"2413","2026-10-05T05:00:00.000Z","SKU0107","1","2600","2600","2600"
"2438","2026-10-05T05:00:00.000Z","SKU0108","2","3600","7200","7200"
"2462","2026-10-05T05:00:00.000Z","SKU0109","3","600","1800","1800"
"2487","2026-10-05T05:00:00.000Z","SKU0110","4","2900","11600","11600"
"2512","2026-10-05T05:00:00.000Z","SKU0111","5","900","4500","4500"
"2535","2026-10-05T05:00:00.000Z","SKU0112","6","1100","6600","6600"
"2560","2026-10-05T05:00:00.000Z","SKU0113","7","3100","21700","21700"
"2609","2026-10-05T05:00:00.000Z","SKU0115","1","2100","2100","2100"
"2634","2026-10-05T05:00:00.000Z","SKU0116","2","4600","9200","9200"
"2659","2026-10-05T05:00:00.000Z","SKU0118","4","3600","14400","14400"
"2684","2026-10-05T05:00:00.000Z","SKU0119","5","600","3000","3000"
"2707","2026-10-05T05:00:00.000Z","SKU0120","6","2900","17400","17400"
"2732","2026-10-05T05:00:00.000Z","SKU0121","7","900","6300","6300"
"2781","2026-10-05T05:00:00.000Z","SKU0123","1","3100","3100","3100"
"2806","2026-10-05T05:00:00.000Z","SKU0124","2","1600","3200","3200"
"2830","2026-10-05T05:00:00.000Z","SKU0125","3","2100","6300","6300"
"2855","2026-10-05T05:00:00.000Z","SKU0126","4","4600","18400","18400"
"2880","2026-10-05T05:00:00.000Z","SKU0127","5","2600","13000","13000"
"2903","2026-10-05T05:00:00.000Z","SKU0128","6","3600","21600","21600"
"2928","2026-10-05T05:00:00.000Z","SKU0129","7","600","4200","4200"
"2953","2026-10-05T05:00:00.000Z","SKU0131","1","900","900","900"
"2978","2026-10-05T05:00:00.000Z","SKU0132","2","1100","2200","2200"
"3002","2026-10-05T05:00:00.000Z","SKU0133","3","3100","9300","9300"
"3027","2026-10-05T05:00:00.000Z","SKU0134","4","1600","6400","6400"
"3052","2026-10-05T05:00:00.000Z","SKU0135","5","2100","10500","10500"
"3075","2026-10-05T05:00:00.000Z","SKU0136","6","4600","27600","27600"
"3100","2026-10-05T05:00:00.000Z","SKU0137","7","2600","18200","18200"
"3149","2026-10-05T05:00:00.000Z","SKU0139","1","600","600","600"
"3174","2026-10-05T05:00:00.000Z","SKU0140","2","2900","5800","5800"
"3198","2026-10-05T05:00:00.000Z","SKU0141","3","900","2700","2700"
"3223","2026-10-05T05:00:00.000Z","SKU0142","4","1100","4400","4400"
"3247","2026-10-05T05:00:00.000Z","SKU0144","6","1600","9600","9600"
"3272","2026-10-05T05:00:00.000Z","SKU0145","7","2100","14700","14700"
"3321","2026-10-05T05:00:00.000Z","SKU0147","1","2600","2600","2600"
"3346","2026-10-05T05:00:00.000Z","SKU0148","2","3600","7200","7200"
"3370","2026-10-05T05:00:00.000Z","SKU0149","3","600","1800","1800"
"3395","2026-10-05T05:00:00.000Z","SKU0150","4","2900","11600","11600"
"3420","2026-10-05T05:00:00.000Z","SKU0151","5","900","4500","4500"
"3443","2026-10-05T05:00:00.000Z","SKU0152","6","1100","6600","6600"
"3468","2026-10-05T05:00:00.000Z","SKU0153","7","3100","21700","21700"
"3517","2026-10-05T05:00:00.000Z","SKU0155","1","2100","2100","2100"
"3541","2026-10-05T05:00:00.000Z","SKU0157","3","2600","7800","7800"
"3566","2026-10-05T05:00:00.000Z","SKU0158","4","3600","14400","14400"
"3591","2026-10-05T05:00:00.000Z","SKU0159","5","600","3000","3000"
"3614","2026-10-05T05:00:00.000Z","SKU0160","6","2900","17400","17400"
"3639","2026-10-05T05:00:00.000Z","SKU0161","7","900","6300","6300"
"3688","2026-10-05T05:00:00.000Z","SKU0163","1","3100","3100","3100"
"3713","2026-10-05T05:00:00.000Z","SKU0164","2","1600","3200","3200"
"3737","2026-10-05T05:00:00.000Z","SKU0165","3","2100","6300","6300"
"3762","2026-10-05T05:00:00.000Z","SKU0166","4","4600","18400","18400"
"3787","2026-10-05T05:00:00.000Z","SKU0167","5","2600","13000","13000"
"3810","2026-10-05T05:00:00.000Z","SKU0168","6","3600","21600","21600"
"3859","2026-10-05T05:00:00.000Z","SKU0171","1","900","900","900"
"3884","2026-10-05T05:00:00.000Z","SKU0172","2","1100","2200","2200"
"3908","2026-10-05T05:00:00.000Z","SKU0173","3","3100","9300","9300"
"3933","2026-10-05T05:00:00.000Z","SKU0174","4","1600","6400","6400"
"3958","2026-10-05T05:00:00.000Z","SKU0175","5","2100","10500","10500"
"3981","2026-10-05T05:00:00.000Z","SKU0176","6","4600","27600","27600"
"4006","2026-10-05T05:00:00.000Z","SKU0177","7","2600","18200","18200"
"4055","2026-10-05T05:00:00.000Z","SKU0179","1","600","600","600"
"4080","2026-10-05T05:00:00.000Z","SKU0180","2","2900","5800","5800"
"4104","2026-10-05T05:00:00.000Z","SKU0181","3","900","2700","2700"
"4129","2026-10-05T05:00:00.000Z","SKU0183","5","3100","15500","15500"
"4152","2026-10-05T05:00:00.000Z","SKU0184","6","1600","9600","9600"
"4177","2026-10-05T05:00:00.000Z","SKU0185","7","2100","14700","14700"
"4226","2026-10-05T05:00:00.000Z","SKU0187","1","2600","2600","2600"
"4251","2026-10-05T05:00:00.000Z","SKU0188","2","3600","7200","7200"
"4275","2026-10-05T05:00:00.000Z","SKU0189","3","600","1800","1800"
"4300","2026-10-05T05:00:00.000Z","SKU0190","4","2900","11600","11600"
"4325","2026-10-05T05:00:00.000Z","SKU0191","5","900","4500","4500"
"4348","2026-10-05T05:00:00.000Z","SKU0192","6","1100","6600","6600"
"4373","2026-10-05T05:00:00.000Z","SKU0193","7","3100","21700","21700"
"4422","2026-10-05T05:00:00.000Z","SKU0196","2","4600","9200","9200"
"4446","2026-10-05T05:00:00.000Z","SKU0197","3","2600","7800","7800"
"4471","2026-10-05T05:00:00.000Z","SKU0198","4","3600","14400","14400"
"4496","2026-10-05T05:00:00.000Z","SKU0199","5","600","3000","3000"
"4519","2026-10-05T05:00:00.000Z","SKU0200","6","3000","18000","18000"
"4544","2026-10-05T05:00:00.000Z","SKU0201","7","1000","7000","7000"
"4593","2026-10-05T05:00:00.000Z","SKU0203","1","3200","3200","3200"
"4618","2026-10-05T05:00:00.000Z","SKU0204","2","1700","3400","3400"
"4642","2026-10-05T05:00:00.000Z","SKU0205","3","2200","6600","6600"
"4667","2026-10-05T05:00:00.000Z","SKU0206","4","4700","18800","18800"
"4692","2026-10-05T05:00:00.000Z","SKU0207","5","2700","13500","13500"
"4716","2026-10-05T05:00:00.000Z","SKU0209","7","700","4900","4900"
"4765","2026-10-05T05:00:00.000Z","SKU0211","1","1000","1000","1000"
"4790","2026-10-05T05:00:00.000Z","SKU0212","2","1200","2400","2400"
"4814","2026-10-05T05:00:00.000Z","SKU0213","3","3200","9600","9600"
"4839","2026-10-05T05:00:00.000Z","SKU0214","4","1700","6800","6800"
"4864","2026-10-05T05:00:00.000Z","SKU0215","5","2200","11000","11000"
"4887","2026-10-05T05:00:00.000Z","SKU0216","6","4700","28200","28200"
"4912","2026-10-05T05:00:00.000Z","SKU0217","7","2700","18900","18900"
"4961","2026-10-05T05:00:00.000Z","SKU0219","1","700","700","700"
"4986","2026-10-05T05:00:00.000Z","SKU0220","2","3000","6000","6000"
"5011","2026-10-05T05:00:00.000Z","SKU0222","4","1200","4800","4800"
"5036","2026-10-05T05:00:00.000Z","SKU0223","5","3200","16000","16000"
"5059","2026-10-05T05:00:00.000Z","SKU0224","6","1700","10200","10200"
"5084","2026-10-05T05:00:00.000Z","SKU0225","7","2200","15400","15400"
"5133","2026-10-05T05:00:00.000Z","SKU0227","1","2700","2700","2700"
"5158","2026-10-05T05:00:00.000Z","SKU0228","2","3700","7400","7400"
"5182","2026-10-05T05:00:00.000Z","SKU0229","3","700","2100","2100"
"5207","2026-10-05T05:00:00.000Z","SKU0230","4","3000","12000","12000"
"5232","2026-10-05T05:00:00.000Z","SKU0231","5","1000","5000","5000"
"5255","2026-10-05T05:00:00.000Z","SKU0232","6","1200","7200","7200"
"5280","2026-10-05T05:00:00.000Z","SKU0233","7","3200","22400","22400"
"5305","2026-10-05T05:00:00.000Z","SKU0235","1","2200","2200","2200"
"5330","2026-10-05T05:00:00.000Z","SKU0236","2","4700","9400","9400"
"5354","2026-10-05T05:00:00.000Z","SKU0237","3","2700","8100","8100"
"5379","2026-10-05T05:00:00.000Z","SKU0238","4","3700","14800","14800"
"5404","2026-10-05T05:00:00.000Z","SKU0239","5","700","3500","3500"
"5427","2026-10-05T05:00:00.000Z","SKU0240","6","3000","18000","18000"
"5452","2026-10-05T05:00:00.000Z","SKU0241","7","1000","7000","7000"
"5501","2026-10-05T05:00:00.000Z","SKU0243","1","3200","3200","3200"
"5526","2026-10-05T05:00:00.000Z","SKU0244","2","1700","3400","3400"
"5550","2026-10-05T05:00:00.000Z","SKU0245","3","2200","6600","6600"
"5575","2026-10-05T05:00:00.000Z","SKU0246","4","4700","18800","18800"
"5599","2026-10-05T05:00:00.000Z","SKU0248","6","3700","22200","22200"
"5624","2026-10-05T05:00:00.000Z","SKU0249","7","700","4900","4900"
"5673","2026-10-05T05:00:00.000Z","SKU0251","1","1000","1000","1000"
"5698","2026-10-05T05:00:00.000Z","SKU0252","2","1200","2400","2400"
"5722","2026-10-05T05:00:00.000Z","SKU0253","3","3200","9600","9600"
"5747","2026-10-05T05:00:00.000Z","SKU0254","4","1700","6800","6800"
"5772","2026-10-05T05:00:00.000Z","SKU0255","5","2200","11000","11000"
"5795","2026-10-05T05:00:00.000Z","SKU0256","6","4700","28200","28200"
"5820","2026-10-05T05:00:00.000Z","SKU0257","7","2700","18900","18900"
"5869","2026-10-05T05:00:00.000Z","SKU0259","1","700","700","700"
"5893","2026-10-05T05:00:00.000Z","SKU0261","3","1000","3000","3000"
"5918","2026-10-05T05:00:00.000Z","SKU0262","4","1200","4800","4800"
"5943","2026-10-05T05:00:00.000Z","SKU0263","5","3200","16000","16000"
"5966","2026-10-05T05:00:00.000Z","SKU0264","6","1700","10200","10200"
"5991","2026-10-05T05:00:00.000Z","SKU0265","7","2200","15400","15400"
"6040","2026-10-05T05:00:00.000Z","SKU0267","1","2700","2700","2700"
"6065","2026-10-05T05:00:00.000Z","SKU0268","2","3700","7400","7400"
"6089","2026-10-05T05:00:00.000Z","SKU0269","3","700","2100","2100"
"6114","2026-10-05T05:00:00.000Z","SKU0270","4","3000","12000","12000"
"6139","2026-10-05T05:00:00.000Z","SKU0271","5","1000","5000","5000"
"6162","2026-10-05T05:00:00.000Z","SKU0272","6","1200","7200","7200"
"6211","2026-10-05T05:00:00.000Z","SKU0275","1","2200","2200","2200"
"6236","2026-10-05T05:00:00.000Z","SKU0276","2","4700","9400","9400"
"6260","2026-10-05T05:00:00.000Z","SKU0277","3","2700","8100","8100"
"6285","2026-10-05T05:00:00.000Z","SKU0278","4","3700","14800","14800"
"6310","2026-10-05T05:00:00.000Z","SKU0279","5","700","3500","3500"
"6333","2026-10-05T05:00:00.000Z","SKU0280","6","3000","18000","18000"
"6358","2026-10-05T05:00:00.000Z","SKU0281","7","1000","7000","7000"
"6407","2026-10-05T05:00:00.000Z","SKU0283","1","3200","3200","3200"
"6432","2026-10-05T05:00:00.000Z","SKU0284","2","1700","3400","3400"
"6456","2026-10-05T05:00:00.000Z","SKU0285","3","2200","6600","6600"
"6481","2026-10-05T05:00:00.000Z","SKU0287","5","2700","13500","13500"
"6504","2026-10-05T05:00:00.000Z","SKU0288","6","3700","22200","22200"
"6529","2026-10-05T05:00:00.000Z","SKU0289","7","700","4900","4900"
"6578","2026-10-05T05:00:00.000Z","SKU0291","1","1000","1000","1000"
"6603","2026-10-05T05:00:00.000Z","SKU0292","2","1200","2400","2400"
"6627","2026-10-05T05:00:00.000Z","SKU0293","3","3200","9600","9600"
"6652","2026-10-05T05:00:00.000Z","SKU0294","4","1700","6800","6800"
"6677","2026-10-05T05:00:00.000Z","SKU0295","5","2200","11000","11000"
"6700","2026-10-05T05:00:00.000Z","SKU0296","6","4700","28200","28200"
"6725","2026-10-05T05:00:00.000Z","SKU0297","7","2700","18900","18900"
"6774","2026-10-05T05:00:00.000Z","SKU0300","2","3100","6200","6200"
"6798","2026-10-05T05:00:00.000Z","SKU0301","3","1100","3300","3300"
"6823","2026-10-05T05:00:00.000Z","SKU0302","4","1300","5200","5200"
"6848","2026-10-05T05:00:00.000Z","SKU0303","5","3300","16500","16500"
"6871","2026-10-05T05:00:00.000Z","SKU0304","6","1800","10800","10800"
"6896","2026-10-05T05:00:00.000Z","SKU0305","7","2300","16100","16100"
"6945","2026-10-05T05:00:00.000Z","SKU0307","1","2800","2800","2800"
"6970","2026-10-05T05:00:00.000Z","SKU0308","2","3800","7600","7600"
"6994","2026-10-05T05:00:00.000Z","SKU0309","3","800","2400","2400"
"7019","2026-10-05T05:00:00.000Z","SKU0310","4","3100","12400","12400"
"7044","2026-10-05T05:00:00.000Z","SKU0311","5","1100","5500","5500"
"7068","2026-10-05T05:00:00.000Z","SKU0313","7","3300","23100","23100"
"7117","2026-10-05T05:00:00.000Z","SKU0315","1","2300","2300","2300"
"7142","2026-10-05T05:00:00.000Z","SKU0316","2","4800","9600","9600"
"7166","2026-10-05T05:00:00.000Z","SKU0317","3","2800","8400","8400"
"7191","2026-10-05T05:00:00.000Z","SKU0318","4","3800","15200","15200"
"7216","2026-10-05T05:00:00.000Z","SKU0319","5","800","4000","4000"
"7239","2026-10-05T05:00:00.000Z","SKU0320","6","3100","18600","18600"
"7264","2026-10-05T05:00:00.000Z","SKU0321","7","1100","7700","7700"
"7313","2026-10-05T05:00:00.000Z","SKU0323","1","3300","3300","3300"
"7338","2026-10-05T05:00:00.000Z","SKU0324","2","1800","3600","3600"
"7363","2026-10-05T05:00:00.000Z","SKU0326","4","4800","19200","19200"
"7388","2026-10-05T05:00:00.000Z","SKU0327","5","2800","14000","14000"
"7411","2026-10-05T05:00:00.000Z","SKU0328","6","3800","22800","22800"
"7436","2026-10-05T05:00:00.000Z","SKU0329","7","800","5600","5600"
"7485","2026-10-05T05:00:00.000Z","SKU0331","1","1100","1100","1100"
"7510","2026-10-05T05:00:00.000Z","SKU0332","2","1300","2600","2600"
"7534","2026-10-05T05:00:00.000Z","SKU0333","3","3300","9900","9900"
"7559","2026-10-05T05:00:00.000Z","SKU0334","4","1800","7200","7200"
"7584","2026-10-05T05:00:00.000Z","SKU0335","5","2300","11500","11500"
"7607","2026-10-05T05:00:00.000Z","SKU0336","6","4800","28800","28800"
"7632","2026-10-05T05:00:00.000Z","SKU0337","7","2800","19600","19600"
"7657","2026-10-05T05:00:00.000Z","SKU0339","1","800","800","800"
"7682","2026-10-05T05:00:00.000Z","SKU0340","2","3100","6200","6200"
"7706","2026-10-05T05:00:00.000Z","SKU0341","3","1100","3300","3300"
"7731","2026-10-05T05:00:00.000Z","SKU0342","4","1300","5200","5200"
"7756","2026-10-05T05:00:00.000Z","SKU0343","5","3300","16500","16500"
"7779","2026-10-05T05:00:00.000Z","SKU0344","6","1800","10800","10800"
"7804","2026-10-05T05:00:00.000Z","SKU0345","7","2300","16100","16100"
"7853","2026-10-05T05:00:00.000Z","SKU0347","1","2800","2800","2800"
"7878","2026-10-05T05:00:00.000Z","SKU0348","2","3800","7600","7600"
"7902","2026-10-05T05:00:00.000Z","SKU0349","3","800","2400","2400"
"7927","2026-10-05T05:00:00.000Z","SKU0350","4","3100","12400","12400"
"7951","2026-10-05T05:00:00.000Z","SKU0352","6","1300","7800","7800"
"7976","2026-10-05T05:00:00.000Z","SKU0353","7","3300","23100","23100"
"8025","2026-10-05T05:00:00.000Z","SKU0355","1","2300","2300","2300"
"8050","2026-10-05T05:00:00.000Z","SKU0356","2","4800","9600","9600"
"8074","2026-10-05T05:00:00.000Z","SKU0357","3","2800","8400","8400"
"8099","2026-10-05T05:00:00.000Z","SKU0358","4","3800","15200","15200"
"8124","2026-10-05T05:00:00.000Z","SKU0359","5","800","4000","4000"
"8147","2026-10-05T05:00:00.000Z","SKU0360","6","3100","18600","18600"
"8172","2026-10-05T05:00:00.000Z","SKU0361","7","1100","7700","7700"
"8221","2026-10-05T05:00:00.000Z","SKU0363","1","3300","3300","3300"
"8245","2026-10-05T05:00:00.000Z","SKU0365","3","2300","6900","6900"
"8270","2026-10-05T05:00:00.000Z","SKU0366","4","4800","19200","19200"
"8295","2026-10-05T05:00:00.000Z","SKU0367","5","2800","14000","14000"
"8318","2026-10-05T05:00:00.000Z","SKU0368","6","3800","22800","22800"
"8343","2026-10-05T05:00:00.000Z","SKU0369","7","800","5600","5600"
"8392","2026-10-05T05:00:00.000Z","SKU0371","1","1100","1100","1100"
"8417","2026-10-05T05:00:00.000Z","SKU0372","2","1300","2600","2600"
"8441","2026-10-05T05:00:00.000Z","SKU0373","3","3300","9900","9900"
"8466","2026-10-05T05:00:00.000Z","SKU0374","4","1800","7200","7200"
"8491","2026-10-05T05:00:00.000Z","SKU0375","5","2300","11500","11500"
"8514","2026-10-05T05:00:00.000Z","SKU0376","6","4800","28800","28800"
"8563","2026-10-05T05:00:00.000Z","SKU0379","1","800","800","800"
"8588","2026-10-05T05:00:00.000Z","SKU0380","2","3100","6200","6200"
"8612","2026-10-05T05:00:00.000Z","SKU0381","3","1100","3300","3300"
"8637","2026-10-05T05:00:00.000Z","SKU0382","4","1300","5200","5200"
"8662","2026-10-05T05:00:00.000Z","SKU0383","5","3300","16500","16500"
"8685","2026-10-05T05:00:00.000Z","SKU0384","6","1800","10800","10800"
"8710","2026-10-05T05:00:00.000Z","SKU0385","7","2300","16100","16100"
"8759","2026-10-05T05:00:00.000Z","SKU0387","1","2800","2800","2800"
"8784","2026-10-05T05:00:00.000Z","SKU0388","2","3800","7600","7600"
"8808","2026-10-05T05:00:00.000Z","SKU0389","3","800","2400","2400"
"8833","2026-10-05T05:00:00.000Z","SKU0391","5","1100","5500","5500"
"8856","2026-10-05T05:00:00.000Z","SKU0392","6","1300","7800","7800"
"8881","2026-10-05T05:00:00.000Z","SKU0393","7","3300","23100","23100"
"8930","2026-10-05T05:00:00.000Z","SKU0395","1","2300","2300","2300"
"8955","2026-10-05T05:00:00.000Z","SKU0396","2","4800","9600","9600"
"8979","2026-10-05T05:00:00.000Z","SKU0397","3","2800","8400","8400"
"9004","2026-10-05T05:00:00.000Z","SKU0398","4","3800","15200","15200"
"9029","2026-10-05T05:00:00.000Z","SKU0399","5","800","4000","4000"
"9052","2026-10-05T05:00:00.000Z","SKU0400","6","3200","19200","19200"
"9077","2026-10-05T05:00:00.000Z","SKU0401","7","1200","8400","8400"
"9126","2026-10-05T05:00:00.000Z","SKU0404","2","1900","3800","3800"
"9150","2026-10-05T05:00:00.000Z","SKU0405","3","2400","7200","7200"
"9175","2026-10-05T05:00:00.000Z","SKU0406","4","4900","19600","19600"
"9200","2026-10-05T05:00:00.000Z","SKU0407","5","2900","14500","14500"
"9223","2026-10-05T05:00:00.000Z","SKU0408","6","3900","23400","23400"
"9248","2026-10-05T05:00:00.000Z","SKU0409","7","900","6300","6300"
"9297","2026-10-05T05:00:00.000Z","SKU0411","1","1200","1200","1200"
"9322","2026-10-05T05:00:00.000Z","SKU0412","2","1400","2800","2800"
"9346","2026-10-05T05:00:00.000Z","SKU0413","3","3400","10200","10200"
"9371","2026-10-05T05:00:00.000Z","SKU0414","4","1900","7600","7600"
"9396","2026-10-05T05:00:00.000Z","SKU0415","5","2400","12000","12000"
"9420","2026-10-05T05:00:00.000Z","SKU0417","7","2900","20300","20300"
"9469","2026-10-05T05:00:00.000Z","SKU0419","1","900","900","900"
"9494","2026-10-05T05:00:00.000Z","SKU0420","2","3200","6400","6400"
"9518","2026-10-05T05:00:00.000Z","SKU0421","3","1200","3600","3600"
"9543","2026-10-05T05:00:00.000Z","SKU0422","4","1400","5600","5600"
"9568","2026-10-05T05:00:00.000Z","SKU0423","5","3400","17000","17000"
"9591","2026-10-05T05:00:00.000Z","SKU0424","6","1900","11400","11400"
"9616","2026-10-05T05:00:00.000Z","SKU0425","7","2400","16800","16800"
"9665","2026-10-05T05:00:00.000Z","SKU0427","1","2900","2900","2900"
"9690","2026-10-05T05:00:00.000Z","SKU0428","2","3900","7800","7800"
"9715","2026-10-05T05:00:00.000Z","SKU0430","4","3200","12800","12800"
"9740","2026-10-05T05:00:00.000Z","SKU0431","5","1200","6000","6000"
"9763","2026-10-05T05:00:00.000Z","SKU0432","6","1400","8400","8400"
"9788","2026-10-05T05:00:00.000Z","SKU0433","7","3400","23800","23800"
"9837","2026-10-05T05:00:00.000Z","SKU0435","1","2400","2400","2400"
"9862","2026-10-05T05:00:00.000Z","SKU0436","2","4900","9800","9800"
"9886","2026-10-05T05:00:00.000Z","SKU0437","3","2900","8700","8700"
"9911","2026-10-05T05:00:00.000Z","SKU0438","4","3900","15600","15600"
"9936","2026-10-05T05:00:00.000Z","SKU0439","5","900","4500","4500"
"9959","2026-10-05T05:00:00.000Z","SKU0440","6","3200","19200","19200"
"9984","2026-10-05T05:00:00.000Z","SKU0441","7","1200","8400","8400"
"10009","2026-10-05T05:00:00.000Z","SKU0443","1","3400","3400","3400"
"10034","2026-10-05T05:00:00.000Z","SKU0444","2","1900","3800","3800"
"10058","2026-10-05T05:00:00.000Z","SKU0445","3","2400","7200","7200"
"10083","2026-10-05T05:00:00.000Z","SKU0446","4","4900","19600","19600"
"10108","2026-10-05T05:00:00.000Z","SKU0447","5","2900","14500","14500"
"10131","2026-10-05T05:00:00.000Z","SKU0448","6","3900","23400","23400"
"10156","2026-10-05T05:00:00.000Z","SKU0449","7","900","6300","6300"
"10205","2026-10-05T05:00:00.000Z","SKU0451","1","1200","1200","1200"
"10230","2026-10-05T05:00:00.000Z","SKU0452","2","1400","2800","2800"
"10254","2026-10-05T05:00:00.000Z","SKU0453","3","3400","10200","10200"
"10279","2026-10-05T05:00:00.000Z","SKU0454","4","1900","7600","7600"
"10303","2026-10-05T05:00:00.000Z","SKU0456","6","4900","29400","29400"
"10328","2026-10-05T05:00:00.000Z","SKU0457","7","2900","20300","20300"
"10377","2026-10-05T05:00:00.000Z","SKU0459","1","900","900","900"
"10402","2026-10-05T05:00:00.000Z","SKU0460","2","3200","6400","6400"
"10426","2026-10-05T05:00:00.000Z","SKU0461","3","1200","3600","3600"
"10451","2026-10-05T05:00:00.000Z","SKU0462","4","1400","5600","5600"
"10476","2026-10-05T05:00:00.000Z","SKU0463","5","3400","17000","17000"
"10499","2026-10-05T05:00:00.000Z","SKU0464","6","1900","11400","11400"
"10524","2026-10-05T05:00:00.000Z","SKU0465","7","2400","16800","16800"
"10573","2026-10-05T05:00:00.000Z","SKU0467","1","2900","2900","2900"
"10597","2026-10-05T05:00:00.000Z","SKU0469","3","900","2700","2700"
"10622","2026-10-05T05:00:00.000Z","SKU0470","4","3200","12800","12800"
"10647","2026-10-05T05:00:00.000Z","SKU0471","5","1200","6000","6000"
"10670","2026-10-05T05:00:00.000Z","SKU0472","6","1400","8400","8400"
"10695","2026-10-05T05:00:00.000Z","SKU0473","7","3400","23800","23800"
"10744","2026-10-05T05:00:00.000Z","SKU0475","1","2400","2400","2400"
"10769","2026-10-05T05:00:00.000Z","SKU0476","2","4900","9800","9800"
"10793","2026-10-05T05:00:00.000Z","SKU0477","3","2900","8700","8700"
"10818","2026-10-05T05:00:00.000Z","SKU0478","4","3900","15600","15600"
"10843","2026-10-05T05:00:00.000Z","SKU0479","5","900","4500","4500"
"10866","2026-10-05T05:00:00.000Z","SKU0480","6","3200","19200","19200"
"10915","2026-10-05T05:00:00.000Z","SKU0483","1","3400","3400","3400"
"10940","2026-10-05T05:00:00.000Z","SKU0484","2","1900","3800","3800"
"10964","2026-10-05T05:00:00.000Z","SKU0485","3","2400","7200","7200"
"10989","2026-10-05T05:00:00.000Z","SKU0486","4","4900","19600","19600"
"11014","2026-10-05T05:00:00.000Z","SKU0487","5","2900","14500","14500"
"11037","2026-10-05T05:00:00.000Z","SKU0488","6","3900","23400","23400"
"11062","2026-10-05T05:00:00.000Z","SKU0489","7","900","6300","6300"
"11111","2026-10-05T05:00:00.000Z","SKU0491","1","1200","1200","1200"
"11136","2026-10-05T05:00:00.000Z","SKU0492","2","1400","2800","2800"
"11160","2026-10-05T05:00:00.000Z","SKU0493","3","3400","10200","10200"
"11185","2026-10-05T05:00:00.000Z","SKU0495","5","2400","12000","12000"
"11208","2026-10-05T05:00:00.000Z","SKU0496","6","4900","29400","29400"
"11233","2026-10-05T05:00:00.000Z","SKU0497","7","2900","20300","20300"
"11282","2026-10-05T05:00:00.000Z","SKU0499","1","900","900","900"
"28","2026-10-06T05:00:00.000Z","SKU0001","4","800","3200","3200"
"56","2026-10-06T05:00:00.000Z","SKU0002","8","1000","8000","8000"
"87","2026-10-06T05:00:00.000Z","SKU0004","5","1500","7500","7500"
"111","2026-10-06T05:00:00.000Z","SKU0005","6","2000","12000","12000"
"136","2026-10-06T05:00:00.000Z","SKU0006","7","4500","31500","31500"
"184","2026-10-06T05:00:00.000Z","SKU0008","1","3500","3500","3500"
"209","2026-10-06T05:00:00.000Z","SKU0009","2","500","1000","1000"
"233","2026-10-06T05:00:00.000Z","SKU0010","3","2800","8400","8400"
"258","2026-10-06T05:00:00.000Z","SKU0011","4","800","3200","3200"
"283","2026-10-06T05:00:00.000Z","SKU0012","5","1000","5000","5000"
"308","2026-10-06T05:00:00.000Z","SKU0014","7","1500","10500","10500"
"356","2026-10-06T05:00:00.000Z","SKU0016","1","4500","4500","4500"
"381","2026-10-06T05:00:00.000Z","SKU0017","2","2500","5000","5000"
"405","2026-10-06T05:00:00.000Z","SKU0018","3","3500","10500","10500"
"430","2026-10-06T05:00:00.000Z","SKU0019","4","500","2000","2000"
"455","2026-10-06T05:00:00.000Z","SKU0020","5","2800","14000","14000"
"479","2026-10-06T05:00:00.000Z","SKU0021","6","800","4800","4800"
"504","2026-10-06T05:00:00.000Z","SKU0022","7","1000","7000","7000"
"552","2026-10-06T05:00:00.000Z","SKU0024","1","1500","1500","1500"
"577","2026-10-06T05:00:00.000Z","SKU0025","2","2000","4000","4000"
"602","2026-10-06T05:00:00.000Z","SKU0027","4","2500","10000","10000"
"627","2026-10-06T05:00:00.000Z","SKU0028","5","3500","17500","17500"
"651","2026-10-06T05:00:00.000Z","SKU0029","6","500","3000","3000"
"676","2026-10-06T05:00:00.000Z","SKU0030","7","2800","19600","19600"
"724","2026-10-06T05:00:00.000Z","SKU0032","1","1000","1000","1000"
"749","2026-10-06T05:00:00.000Z","SKU0033","2","3000","6000","6000"
"773","2026-10-06T05:00:00.000Z","SKU0034","3","1500","4500","4500"
"798","2026-10-06T05:00:00.000Z","SKU0035","4","2000","8000","8000"
"823","2026-10-06T05:00:00.000Z","SKU0036","5","4500","22500","22500"
"847","2026-10-06T05:00:00.000Z","SKU0037","6","2500","15000","15000"
"872","2026-10-06T05:00:00.000Z","SKU0038","7","3500","24500","24500"
"896","2026-10-06T05:00:00.000Z","SKU0040","1","2800","2800","2800"
"921","2026-10-06T05:00:00.000Z","SKU0041","2","800","1600","1600"
"945","2026-10-06T05:00:00.000Z","SKU0042","3","1000","3000","3000"
"970","2026-10-06T05:00:00.000Z","SKU0043","4","3000","12000","12000"
"995","2026-10-06T05:00:00.000Z","SKU0044","5","1500","7500","7500"
"1019","2026-10-06T05:00:00.000Z","SKU0045","6","2000","12000","12000"
"1044","2026-10-06T05:00:00.000Z","SKU0046","7","4500","31500","31500"
"1092","2026-10-06T05:00:00.000Z","SKU0048","1","3500","3500","3500"
"1117","2026-10-06T05:00:00.000Z","SKU0049","2","500","1000","1000"
"1141","2026-10-06T05:00:00.000Z","SKU0050","3","2800","8400","8400"
"1166","2026-10-06T05:00:00.000Z","SKU0051","4","800","3200","3200"
"1190","2026-10-06T05:00:00.000Z","SKU0053","6","3000","18000","18000"
"1215","2026-10-06T05:00:00.000Z","SKU0054","7","1500","10500","10500"
"1263","2026-10-06T05:00:00.000Z","SKU0056","1","4500","4500","4500"
"1288","2026-10-06T05:00:00.000Z","SKU0057","2","2500","5000","5000"
"1312","2026-10-06T05:00:00.000Z","SKU0058","3","3500","10500","10500"
"1337","2026-10-06T05:00:00.000Z","SKU0059","4","500","2000","2000"
"1362","2026-10-06T05:00:00.000Z","SKU0060","5","2800","14000","14000"
"1386","2026-10-06T05:00:00.000Z","SKU0061","6","800","4800","4800"
"1411","2026-10-06T05:00:00.000Z","SKU0062","7","1000","7000","7000"
"1459","2026-10-06T05:00:00.000Z","SKU0064","1","1500","1500","1500"
"1483","2026-10-06T05:00:00.000Z","SKU0066","3","4500","13500","13500"
"1508","2026-10-06T05:00:00.000Z","SKU0067","4","2500","10000","10000"
"1533","2026-10-06T05:00:00.000Z","SKU0068","5","3500","17500","17500"
"1557","2026-10-06T05:00:00.000Z","SKU0069","6","500","3000","3000"
"1582","2026-10-06T05:00:00.000Z","SKU0070","7","2800","19600","19600"
"1630","2026-10-06T05:00:00.000Z","SKU0072","1","1000","1000","1000"
"1655","2026-10-06T05:00:00.000Z","SKU0073","2","3000","6000","6000"
"1679","2026-10-06T05:00:00.000Z","SKU0074","3","1500","4500","4500"
"1704","2026-10-06T05:00:00.000Z","SKU0075","4","2000","8000","8000"
"1729","2026-10-06T05:00:00.000Z","SKU0076","5","4500","22500","22500"
"1753","2026-10-06T05:00:00.000Z","SKU0077","6","2500","15000","15000"
"1801","2026-10-06T05:00:00.000Z","SKU0080","1","2800","2800","2800"
"1826","2026-10-06T05:00:00.000Z","SKU0081","2","800","1600","1600"
"1850","2026-10-06T05:00:00.000Z","SKU0082","3","1000","3000","3000"
"1875","2026-10-06T05:00:00.000Z","SKU0083","4","3000","12000","12000"
"1900","2026-10-06T05:00:00.000Z","SKU0084","5","1500","7500","7500"
"1924","2026-10-06T05:00:00.000Z","SKU0085","6","2000","12000","12000"
"1949","2026-10-06T05:00:00.000Z","SKU0086","7","4500","31500","31500"
"1997","2026-10-06T05:00:00.000Z","SKU0088","1","3500","3500","3500"
"2022","2026-10-06T05:00:00.000Z","SKU0089","2","500","1000","1000"
"2046","2026-10-06T05:00:00.000Z","SKU0090","3","2800","8400","8400"
"2071","2026-10-06T05:00:00.000Z","SKU0092","5","1000","5000","5000"
"2095","2026-10-06T05:00:00.000Z","SKU0093","6","3000","18000","18000"
"2120","2026-10-06T05:00:00.000Z","SKU0094","7","1500","10500","10500"
"2168","2026-10-06T05:00:00.000Z","SKU0096","1","4500","4500","4500"
"2193","2026-10-06T05:00:00.000Z","SKU0097","2","2500","5000","5000"
"2217","2026-10-06T05:00:00.000Z","SKU0098","3","3500","10500","10500"
"2242","2026-10-06T05:00:00.000Z","SKU0099","4","500","2000","2000"
"2267","2026-10-06T05:00:00.000Z","SKU0100","5","2900","14500","14500"
"2291","2026-10-06T05:00:00.000Z","SKU0101","6","900","5400","5400"
"2316","2026-10-06T05:00:00.000Z","SKU0102","7","1100","7700","7700"
"2365","2026-10-06T05:00:00.000Z","SKU0105","2","2100","4200","4200"
"2389","2026-10-06T05:00:00.000Z","SKU0106","3","4600","13800","13800"
"2414","2026-10-06T05:00:00.000Z","SKU0107","4","2600","10400","10400"
"2439","2026-10-06T05:00:00.000Z","SKU0108","5","3600","18000","18000"
"2463","2026-10-06T05:00:00.000Z","SKU0109","6","600","3600","3600"
"2488","2026-10-06T05:00:00.000Z","SKU0110","7","2900","20300","20300"
"2536","2026-10-06T05:00:00.000Z","SKU0112","1","1100","1100","1100"
"2561","2026-10-06T05:00:00.000Z","SKU0113","2","3100","6200","6200"
"2585","2026-10-06T05:00:00.000Z","SKU0114","3","1600","4800","4800"
"2610","2026-10-06T05:00:00.000Z","SKU0115","4","2100","8400","8400"
"2635","2026-10-06T05:00:00.000Z","SKU0116","5","4600","23000","23000"
"2660","2026-10-06T05:00:00.000Z","SKU0118","7","3600","25200","25200"
"2708","2026-10-06T05:00:00.000Z","SKU0120","1","2900","2900","2900"
"2733","2026-10-06T05:00:00.000Z","SKU0121","2","900","1800","1800"
"2757","2026-10-06T05:00:00.000Z","SKU0122","3","1100","3300","3300"
"2782","2026-10-06T05:00:00.000Z","SKU0123","4","3100","12400","12400"
"2807","2026-10-06T05:00:00.000Z","SKU0124","5","1600","8000","8000"
"2831","2026-10-06T05:00:00.000Z","SKU0125","6","2100","12600","12600"
"2856","2026-10-06T05:00:00.000Z","SKU0126","7","4600","32200","32200"
"2904","2026-10-06T05:00:00.000Z","SKU0128","1","3600","3600","3600"
"2929","2026-10-06T05:00:00.000Z","SKU0129","2","600","1200","1200"
"2954","2026-10-06T05:00:00.000Z","SKU0131","4","900","3600","3600"
"2979","2026-10-06T05:00:00.000Z","SKU0132","5","1100","5500","5500"
"3003","2026-10-06T05:00:00.000Z","SKU0133","6","3100","18600","18600"
"3028","2026-10-06T05:00:00.000Z","SKU0134","7","1600","11200","11200"
"3076","2026-10-06T05:00:00.000Z","SKU0136","1","4600","4600","4600"
"3101","2026-10-06T05:00:00.000Z","SKU0137","2","2600","5200","5200"
"3125","2026-10-06T05:00:00.000Z","SKU0138","3","3600","10800","10800"
"3150","2026-10-06T05:00:00.000Z","SKU0139","4","600","2400","2400"
"3175","2026-10-06T05:00:00.000Z","SKU0140","5","2900","14500","14500"
"3199","2026-10-06T05:00:00.000Z","SKU0141","6","900","5400","5400"
"3224","2026-10-06T05:00:00.000Z","SKU0142","7","1100","7700","7700"
"3248","2026-10-06T05:00:00.000Z","SKU0144","1","1600","1600","1600"
"3273","2026-10-06T05:00:00.000Z","SKU0145","2","2100","4200","4200"
"3297","2026-10-06T05:00:00.000Z","SKU0146","3","4600","13800","13800"
"3322","2026-10-06T05:00:00.000Z","SKU0147","4","2600","10400","10400"
"3347","2026-10-06T05:00:00.000Z","SKU0148","5","3600","18000","18000"
"3371","2026-10-06T05:00:00.000Z","SKU0149","6","600","3600","3600"
"3396","2026-10-06T05:00:00.000Z","SKU0150","7","2900","20300","20300"
"3444","2026-10-06T05:00:00.000Z","SKU0152","1","1100","1100","1100"
"3469","2026-10-06T05:00:00.000Z","SKU0153","2","3100","6200","6200"
"3493","2026-10-06T05:00:00.000Z","SKU0154","3","1600","4800","4800"
"3518","2026-10-06T05:00:00.000Z","SKU0155","4","2100","8400","8400"
"3542","2026-10-06T05:00:00.000Z","SKU0157","6","2600","15600","15600"
"3567","2026-10-06T05:00:00.000Z","SKU0158","7","3600","25200","25200"
"3615","2026-10-06T05:00:00.000Z","SKU0160","1","2900","2900","2900"
"3640","2026-10-06T05:00:00.000Z","SKU0161","2","900","1800","1800"
"3664","2026-10-06T05:00:00.000Z","SKU0162","3","1100","3300","3300"
"3689","2026-10-06T05:00:00.000Z","SKU0163","4","3100","12400","12400"
"3714","2026-10-06T05:00:00.000Z","SKU0164","5","1600","8000","8000"
"3738","2026-10-06T05:00:00.000Z","SKU0165","6","2100","12600","12600"
"3763","2026-10-06T05:00:00.000Z","SKU0166","7","4600","32200","32200"
"3811","2026-10-06T05:00:00.000Z","SKU0168","1","3600","3600","3600"
"3835","2026-10-06T05:00:00.000Z","SKU0170","3","2900","8700","8700"
"3860","2026-10-06T05:00:00.000Z","SKU0171","4","900","3600","3600"
"3885","2026-10-06T05:00:00.000Z","SKU0172","5","1100","5500","5500"
"3909","2026-10-06T05:00:00.000Z","SKU0173","6","3100","18600","18600"
"3934","2026-10-06T05:00:00.000Z","SKU0174","7","1600","11200","11200"
"3982","2026-10-06T05:00:00.000Z","SKU0176","1","4600","4600","4600"
"4007","2026-10-06T05:00:00.000Z","SKU0177","2","2600","5200","5200"
"4031","2026-10-06T05:00:00.000Z","SKU0178","3","3600","10800","10800"
"4056","2026-10-06T05:00:00.000Z","SKU0179","4","600","2400","2400"
"4081","2026-10-06T05:00:00.000Z","SKU0180","5","2900","14500","14500"
"4105","2026-10-06T05:00:00.000Z","SKU0181","6","900","5400","5400"
"4153","2026-10-06T05:00:00.000Z","SKU0184","1","1600","1600","1600"
"4178","2026-10-06T05:00:00.000Z","SKU0185","2","2100","4200","4200"
"4202","2026-10-06T05:00:00.000Z","SKU0186","3","4600","13800","13800"
"4227","2026-10-06T05:00:00.000Z","SKU0187","4","2600","10400","10400"
"4252","2026-10-06T05:00:00.000Z","SKU0188","5","3600","18000","18000"
"4276","2026-10-06T05:00:00.000Z","SKU0189","6","600","3600","3600"
"4301","2026-10-06T05:00:00.000Z","SKU0190","7","2900","20300","20300"
"4349","2026-10-06T05:00:00.000Z","SKU0192","1","1100","1100","1100"
"4374","2026-10-06T05:00:00.000Z","SKU0193","2","3100","6200","6200"
"4398","2026-10-06T05:00:00.000Z","SKU0194","3","1600","4800","4800"
"4423","2026-10-06T05:00:00.000Z","SKU0196","5","4600","23000","23000"
"4447","2026-10-06T05:00:00.000Z","SKU0197","6","2600","15600","15600"
"4472","2026-10-06T05:00:00.000Z","SKU0198","7","3600","25200","25200"
"4520","2026-10-06T05:00:00.000Z","SKU0200","1","3000","3000","3000"
"4545","2026-10-06T05:00:00.000Z","SKU0201","2","1000","2000","2000"
"4569","2026-10-06T05:00:00.000Z","SKU0202","3","1200","3600","3600"
"4594","2026-10-06T05:00:00.000Z","SKU0203","4","3200","12800","12800"
"4619","2026-10-06T05:00:00.000Z","SKU0204","5","1700","8500","8500"
"4643","2026-10-06T05:00:00.000Z","SKU0205","6","2200","13200","13200"
"4668","2026-10-06T05:00:00.000Z","SKU0206","7","4700","32900","32900"
"4717","2026-10-06T05:00:00.000Z","SKU0209","2","700","1400","1400"
"4741","2026-10-06T05:00:00.000Z","SKU0210","3","3000","9000","9000"
"4766","2026-10-06T05:00:00.000Z","SKU0211","4","1000","4000","4000"
"4791","2026-10-06T05:00:00.000Z","SKU0212","5","1200","6000","6000"
"4815","2026-10-06T05:00:00.000Z","SKU0213","6","3200","19200","19200"
"4840","2026-10-06T05:00:00.000Z","SKU0214","7","1700","11900","11900"
"4888","2026-10-06T05:00:00.000Z","SKU0216","1","4700","4700","4700"
"4913","2026-10-06T05:00:00.000Z","SKU0217","2","2700","5400","5400"
"4937","2026-10-06T05:00:00.000Z","SKU0218","3","3700","11100","11100"
"4962","2026-10-06T05:00:00.000Z","SKU0219","4","700","2800","2800"
"4987","2026-10-06T05:00:00.000Z","SKU0220","5","3000","15000","15000"
"5012","2026-10-06T05:00:00.000Z","SKU0222","7","1200","8400","8400"
"5060","2026-10-06T05:00:00.000Z","SKU0224","1","1700","1700","1700"
"5085","2026-10-06T05:00:00.000Z","SKU0225","2","2200","4400","4400"
"5109","2026-10-06T05:00:00.000Z","SKU0226","3","4700","14100","14100"
"5134","2026-10-06T05:00:00.000Z","SKU0227","4","2700","10800","10800"
"5159","2026-10-06T05:00:00.000Z","SKU0228","5","3700","18500","18500"
"5183","2026-10-06T05:00:00.000Z","SKU0229","6","700","4200","4200"
"5208","2026-10-06T05:00:00.000Z","SKU0230","7","3000","21000","21000"
"5256","2026-10-06T05:00:00.000Z","SKU0232","1","1200","1200","1200"
"5281","2026-10-06T05:00:00.000Z","SKU0233","2","3200","6400","6400"
"5306","2026-10-06T05:00:00.000Z","SKU0235","4","2200","8800","8800"
"5331","2026-10-06T05:00:00.000Z","SKU0236","5","4700","23500","23500"
"5355","2026-10-06T05:00:00.000Z","SKU0237","6","2700","16200","16200"
"5380","2026-10-06T05:00:00.000Z","SKU0238","7","3700","25900","25900"
"5428","2026-10-06T05:00:00.000Z","SKU0240","1","3000","3000","3000"
"5453","2026-10-06T05:00:00.000Z","SKU0241","2","1000","2000","2000"
"5477","2026-10-06T05:00:00.000Z","SKU0242","3","1200","3600","3600"
"5502","2026-10-06T05:00:00.000Z","SKU0243","4","3200","12800","12800"
"5527","2026-10-06T05:00:00.000Z","SKU0244","5","1700","8500","8500"
"5551","2026-10-06T05:00:00.000Z","SKU0245","6","2200","13200","13200"
"5576","2026-10-06T05:00:00.000Z","SKU0246","7","4700","32900","32900"
"5600","2026-10-06T05:00:00.000Z","SKU0248","1","3700","3700","3700"
"5625","2026-10-06T05:00:00.000Z","SKU0249","2","700","1400","1400"
"5649","2026-10-06T05:00:00.000Z","SKU0250","3","3000","9000","9000"
"5674","2026-10-06T05:00:00.000Z","SKU0251","4","1000","4000","4000"
"5699","2026-10-06T05:00:00.000Z","SKU0252","5","1200","6000","6000"
"5723","2026-10-06T05:00:00.000Z","SKU0253","6","3200","19200","19200"
"5748","2026-10-06T05:00:00.000Z","SKU0254","7","1700","11900","11900"
"5796","2026-10-06T05:00:00.000Z","SKU0256","1","4700","4700","4700"
"5821","2026-10-06T05:00:00.000Z","SKU0257","2","2700","5400","5400"
"5845","2026-10-06T05:00:00.000Z","SKU0258","3","3700","11100","11100"
"5870","2026-10-06T05:00:00.000Z","SKU0259","4","700","2800","2800"
"5894","2026-10-06T05:00:00.000Z","SKU0261","6","1000","6000","6000"
"5919","2026-10-06T05:00:00.000Z","SKU0262","7","1200","8400","8400"
"5967","2026-10-06T05:00:00.000Z","SKU0264","1","1700","1700","1700"
"5992","2026-10-06T05:00:00.000Z","SKU0265","2","2200","4400","4400"
"6016","2026-10-06T05:00:00.000Z","SKU0266","3","4700","14100","14100"
"6041","2026-10-06T05:00:00.000Z","SKU0267","4","2700","10800","10800"
"6066","2026-10-06T05:00:00.000Z","SKU0268","5","3700","18500","18500"
"6090","2026-10-06T05:00:00.000Z","SKU0269","6","700","4200","4200"
"6115","2026-10-06T05:00:00.000Z","SKU0270","7","3000","21000","21000"
"6163","2026-10-06T05:00:00.000Z","SKU0272","1","1200","1200","1200"
"6187","2026-10-06T05:00:00.000Z","SKU0274","3","1700","5100","5100"
"6212","2026-10-06T05:00:00.000Z","SKU0275","4","2200","8800","8800"
"6237","2026-10-06T05:00:00.000Z","SKU0276","5","4700","23500","23500"
"6261","2026-10-06T05:00:00.000Z","SKU0277","6","2700","16200","16200"
"6286","2026-10-06T05:00:00.000Z","SKU0278","7","3700","25900","25900"
"6334","2026-10-06T05:00:00.000Z","SKU0280","1","3000","3000","3000"
"6359","2026-10-06T05:00:00.000Z","SKU0281","2","1000","2000","2000"
"6383","2026-10-06T05:00:00.000Z","SKU0282","3","1200","3600","3600"
"6408","2026-10-06T05:00:00.000Z","SKU0283","4","3200","12800","12800"
"6433","2026-10-06T05:00:00.000Z","SKU0284","5","1700","8500","8500"
"6457","2026-10-06T05:00:00.000Z","SKU0285","6","2200","13200","13200"
"6505","2026-10-06T05:00:00.000Z","SKU0288","1","3700","3700","3700"
"6530","2026-10-06T05:00:00.000Z","SKU0289","2","700","1400","1400"
"6554","2026-10-06T05:00:00.000Z","SKU0290","3","3000","9000","9000"
"6579","2026-10-06T05:00:00.000Z","SKU0291","4","1000","4000","4000"
"6604","2026-10-06T05:00:00.000Z","SKU0292","5","1200","6000","6000"
"6628","2026-10-06T05:00:00.000Z","SKU0293","6","3200","19200","19200"
"6653","2026-10-06T05:00:00.000Z","SKU0294","7","1700","11900","11900"
"6701","2026-10-06T05:00:00.000Z","SKU0296","1","4700","4700","4700"
"6726","2026-10-06T05:00:00.000Z","SKU0297","2","2700","5400","5400"
"6750","2026-10-06T05:00:00.000Z","SKU0298","3","3700","11100","11100"
"6775","2026-10-06T05:00:00.000Z","SKU0300","5","3100","15500","15500"
"6799","2026-10-06T05:00:00.000Z","SKU0301","6","1100","6600","6600"
"6824","2026-10-06T05:00:00.000Z","SKU0302","7","1300","9100","9100"
"6872","2026-10-06T05:00:00.000Z","SKU0304","1","1800","1800","1800"
"6897","2026-10-06T05:00:00.000Z","SKU0305","2","2300","4600","4600"
"6921","2026-10-06T05:00:00.000Z","SKU0306","3","4800","14400","14400"
"6946","2026-10-06T05:00:00.000Z","SKU0307","4","2800","11200","11200"
"6971","2026-10-06T05:00:00.000Z","SKU0308","5","3800","19000","19000"
"6995","2026-10-06T05:00:00.000Z","SKU0309","6","800","4800","4800"
"7020","2026-10-06T05:00:00.000Z","SKU0310","7","3100","21700","21700"
"7069","2026-10-06T05:00:00.000Z","SKU0313","2","3300","6600","6600"
"7093","2026-10-06T05:00:00.000Z","SKU0314","3","1800","5400","5400"
"7118","2026-10-06T05:00:00.000Z","SKU0315","4","2300","9200","9200"
"7143","2026-10-06T05:00:00.000Z","SKU0316","5","4800","24000","24000"
"7167","2026-10-06T05:00:00.000Z","SKU0317","6","2800","16800","16800"
"7192","2026-10-06T05:00:00.000Z","SKU0318","7","3800","26600","26600"
"7240","2026-10-06T05:00:00.000Z","SKU0320","1","3100","3100","3100"
"7265","2026-10-06T05:00:00.000Z","SKU0321","2","1100","2200","2200"
"7289","2026-10-06T05:00:00.000Z","SKU0322","3","1300","3900","3900"
"7314","2026-10-06T05:00:00.000Z","SKU0323","4","3300","13200","13200"
"7339","2026-10-06T05:00:00.000Z","SKU0324","5","1800","9000","9000"
"7364","2026-10-06T05:00:00.000Z","SKU0326","7","4800","33600","33600"
"7412","2026-10-06T05:00:00.000Z","SKU0328","1","3800","3800","3800"
"7437","2026-10-06T05:00:00.000Z","SKU0329","2","800","1600","1600"
"7461","2026-10-06T05:00:00.000Z","SKU0330","3","3100","9300","9300"
"7486","2026-10-06T05:00:00.000Z","SKU0331","4","1100","4400","4400"
"7511","2026-10-06T05:00:00.000Z","SKU0332","5","1300","6500","6500"
"7535","2026-10-06T05:00:00.000Z","SKU0333","6","3300","19800","19800"
"7560","2026-10-06T05:00:00.000Z","SKU0334","7","1800","12600","12600"
"7608","2026-10-06T05:00:00.000Z","SKU0336","1","4800","4800","4800"
"7633","2026-10-06T05:00:00.000Z","SKU0337","2","2800","5600","5600"
"7658","2026-10-06T05:00:00.000Z","SKU0339","4","800","3200","3200"
"7683","2026-10-06T05:00:00.000Z","SKU0340","5","3100","15500","15500"
"7707","2026-10-06T05:00:00.000Z","SKU0341","6","1100","6600","6600"
"7732","2026-10-06T05:00:00.000Z","SKU0342","7","1300","9100","9100"
"7780","2026-10-06T05:00:00.000Z","SKU0344","1","1800","1800","1800"
"7805","2026-10-06T05:00:00.000Z","SKU0345","2","2300","4600","4600"
"7829","2026-10-06T05:00:00.000Z","SKU0346","3","4800","14400","14400"
"7854","2026-10-06T05:00:00.000Z","SKU0347","4","2800","11200","11200"
"7879","2026-10-06T05:00:00.000Z","SKU0348","5","3800","19000","19000"
"7903","2026-10-06T05:00:00.000Z","SKU0349","6","800","4800","4800"
"7928","2026-10-06T05:00:00.000Z","SKU0350","7","3100","21700","21700"
"7952","2026-10-06T05:00:00.000Z","SKU0352","1","1300","1300","1300"
"7977","2026-10-06T05:00:00.000Z","SKU0353","2","3300","6600","6600"
"8001","2026-10-06T05:00:00.000Z","SKU0354","3","1800","5400","5400"
"8026","2026-10-06T05:00:00.000Z","SKU0355","4","2300","9200","9200"
"8051","2026-10-06T05:00:00.000Z","SKU0356","5","4800","24000","24000"
"8075","2026-10-06T05:00:00.000Z","SKU0357","6","2800","16800","16800"
"8100","2026-10-06T05:00:00.000Z","SKU0358","7","3800","26600","26600"
"8148","2026-10-06T05:00:00.000Z","SKU0360","1","3100","3100","3100"
"8173","2026-10-06T05:00:00.000Z","SKU0361","2","1100","2200","2200"
"8197","2026-10-06T05:00:00.000Z","SKU0362","3","1300","3900","3900"
"8222","2026-10-06T05:00:00.000Z","SKU0363","4","3300","13200","13200"
"8246","2026-10-06T05:00:00.000Z","SKU0365","6","2300","13800","13800"
"8271","2026-10-06T05:00:00.000Z","SKU0366","7","4800","33600","33600"
"8319","2026-10-06T05:00:00.000Z","SKU0368","1","3800","3800","3800"
"8344","2026-10-06T05:00:00.000Z","SKU0369","2","800","1600","1600"
"8368","2026-10-06T05:00:00.000Z","SKU0370","3","3100","9300","9300"
"8393","2026-10-06T05:00:00.000Z","SKU0371","4","1100","4400","4400"
"8418","2026-10-06T05:00:00.000Z","SKU0372","5","1300","6500","6500"
"8442","2026-10-06T05:00:00.000Z","SKU0373","6","3300","19800","19800"
"8467","2026-10-06T05:00:00.000Z","SKU0374","7","1800","12600","12600"
"8515","2026-10-06T05:00:00.000Z","SKU0376","1","4800","4800","4800"
"8539","2026-10-06T05:00:00.000Z","SKU0378","3","3800","11400","11400"
"8564","2026-10-06T05:00:00.000Z","SKU0379","4","800","3200","3200"
"8589","2026-10-06T05:00:00.000Z","SKU0380","5","3100","15500","15500"
"8613","2026-10-06T05:00:00.000Z","SKU0381","6","1100","6600","6600"
"8638","2026-10-06T05:00:00.000Z","SKU0382","7","1300","9100","9100"
"8686","2026-10-06T05:00:00.000Z","SKU0384","1","1800","1800","1800"
"8711","2026-10-06T05:00:00.000Z","SKU0385","2","2300","4600","4600"
"8735","2026-10-06T05:00:00.000Z","SKU0386","3","4800","14400","14400"
"8760","2026-10-06T05:00:00.000Z","SKU0387","4","2800","11200","11200"
"8785","2026-10-06T05:00:00.000Z","SKU0388","5","3800","19000","19000"
"8809","2026-10-06T05:00:00.000Z","SKU0389","6","800","4800","4800"
"8857","2026-10-06T05:00:00.000Z","SKU0392","1","1300","1300","1300"
"8882","2026-10-06T05:00:00.000Z","SKU0393","2","3300","6600","6600"
"8906","2026-10-06T05:00:00.000Z","SKU0394","3","1800","5400","5400"
"8931","2026-10-06T05:00:00.000Z","SKU0395","4","2300","9200","9200"
"8956","2026-10-06T05:00:00.000Z","SKU0396","5","4800","24000","24000"
"8980","2026-10-06T05:00:00.000Z","SKU0397","6","2800","16800","16800"
"9005","2026-10-06T05:00:00.000Z","SKU0398","7","3800","26600","26600"
"9053","2026-10-06T05:00:00.000Z","SKU0400","1","3200","3200","3200"
"9078","2026-10-06T05:00:00.000Z","SKU0401","2","1200","2400","2400"
"9102","2026-10-06T05:00:00.000Z","SKU0402","3","1400","4200","4200"
"9127","2026-10-06T05:00:00.000Z","SKU0404","5","1900","9500","9500"
"9151","2026-10-06T05:00:00.000Z","SKU0405","6","2400","14400","14400"
"9176","2026-10-06T05:00:00.000Z","SKU0406","7","4900","34300","34300"
"9224","2026-10-06T05:00:00.000Z","SKU0408","1","3900","3900","3900"
"9249","2026-10-06T05:00:00.000Z","SKU0409","2","900","1800","1800"
"9273","2026-10-06T05:00:00.000Z","SKU0410","3","3200","9600","9600"
"9298","2026-10-06T05:00:00.000Z","SKU0411","4","1200","4800","4800"
"9323","2026-10-06T05:00:00.000Z","SKU0412","5","1400","7000","7000"
"9347","2026-10-06T05:00:00.000Z","SKU0413","6","3400","20400","20400"
"9372","2026-10-06T05:00:00.000Z","SKU0414","7","1900","13300","13300"
"9421","2026-10-06T05:00:00.000Z","SKU0417","2","2900","5800","5800"
"9445","2026-10-06T05:00:00.000Z","SKU0418","3","3900","11700","11700"
"9470","2026-10-06T05:00:00.000Z","SKU0419","4","900","3600","3600"
"9495","2026-10-06T05:00:00.000Z","SKU0420","5","3200","16000","16000"
"9519","2026-10-06T05:00:00.000Z","SKU0421","6","1200","7200","7200"
"9544","2026-10-06T05:00:00.000Z","SKU0422","7","1400","9800","9800"
"9592","2026-10-06T05:00:00.000Z","SKU0424","1","1900","1900","1900"
"9617","2026-10-06T05:00:00.000Z","SKU0425","2","2400","4800","4800"
"9641","2026-10-06T05:00:00.000Z","SKU0426","3","4900","14700","14700"
"9666","2026-10-06T05:00:00.000Z","SKU0427","4","2900","11600","11600"
"9691","2026-10-06T05:00:00.000Z","SKU0428","5","3900","19500","19500"
"9716","2026-10-06T05:00:00.000Z","SKU0430","7","3200","22400","22400"
"9764","2026-10-06T05:00:00.000Z","SKU0432","1","1400","1400","1400"
"9789","2026-10-06T05:00:00.000Z","SKU0433","2","3400","6800","6800"
"9813","2026-10-06T05:00:00.000Z","SKU0434","3","1900","5700","5700"
"9838","2026-10-06T05:00:00.000Z","SKU0435","4","2400","9600","9600"
"9863","2026-10-06T05:00:00.000Z","SKU0436","5","4900","24500","24500"
"9887","2026-10-06T05:00:00.000Z","SKU0437","6","2900","17400","17400"
"9912","2026-10-06T05:00:00.000Z","SKU0438","7","3900","27300","27300"
"9960","2026-10-06T05:00:00.000Z","SKU0440","1","3200","3200","3200"
"9985","2026-10-06T05:00:00.000Z","SKU0441","2","1200","2400","2400"
"10010","2026-10-06T05:00:00.000Z","SKU0443","4","3400","13600","13600"
"10035","2026-10-06T05:00:00.000Z","SKU0444","5","1900","9500","9500"
"10059","2026-10-06T05:00:00.000Z","SKU0445","6","2400","14400","14400"
"10084","2026-10-06T05:00:00.000Z","SKU0446","7","4900","34300","34300"
"10132","2026-10-06T05:00:00.000Z","SKU0448","1","3900","3900","3900"
"10157","2026-10-06T05:00:00.000Z","SKU0449","2","900","1800","1800"
"10181","2026-10-06T05:00:00.000Z","SKU0450","3","3200","9600","9600"
"10206","2026-10-06T05:00:00.000Z","SKU0451","4","1200","4800","4800"
"10231","2026-10-06T05:00:00.000Z","SKU0452","5","1400","7000","7000"
"10255","2026-10-06T05:00:00.000Z","SKU0453","6","3400","20400","20400"
"10280","2026-10-06T05:00:00.000Z","SKU0454","7","1900","13300","13300"
"10304","2026-10-06T05:00:00.000Z","SKU0456","1","4900","4900","4900"
"10329","2026-10-06T05:00:00.000Z","SKU0457","2","2900","5800","5800"
"10353","2026-10-06T05:00:00.000Z","SKU0458","3","3900","11700","11700"
"10378","2026-10-06T05:00:00.000Z","SKU0459","4","900","3600","3600"
"10403","2026-10-06T05:00:00.000Z","SKU0460","5","3200","16000","16000"
"10427","2026-10-06T05:00:00.000Z","SKU0461","6","1200","7200","7200"
"10452","2026-10-06T05:00:00.000Z","SKU0462","7","1400","9800","9800"
"10500","2026-10-06T05:00:00.000Z","SKU0464","1","1900","1900","1900"
"10525","2026-10-06T05:00:00.000Z","SKU0465","2","2400","4800","4800"
"10549","2026-10-06T05:00:00.000Z","SKU0466","3","4900","14700","14700"
"10574","2026-10-06T05:00:00.000Z","SKU0467","4","2900","11600","11600"
"10598","2026-10-06T05:00:00.000Z","SKU0469","6","900","5400","5400"
"10623","2026-10-06T05:00:00.000Z","SKU0470","7","3200","22400","22400"
"10671","2026-10-06T05:00:00.000Z","SKU0472","1","1400","1400","1400"
"10696","2026-10-06T05:00:00.000Z","SKU0473","2","3400","6800","6800"
"10720","2026-10-06T05:00:00.000Z","SKU0474","3","1900","5700","5700"
"10745","2026-10-06T05:00:00.000Z","SKU0475","4","2400","9600","9600"
"10770","2026-10-06T05:00:00.000Z","SKU0476","5","4900","24500","24500"
"10794","2026-10-06T05:00:00.000Z","SKU0477","6","2900","17400","17400"
"10819","2026-10-06T05:00:00.000Z","SKU0478","7","3900","27300","27300"
"10867","2026-10-06T05:00:00.000Z","SKU0480","1","3200","3200","3200"
"10891","2026-10-06T05:00:00.000Z","SKU0482","3","1400","4200","4200"
"10916","2026-10-06T05:00:00.000Z","SKU0483","4","3400","13600","13600"
"10941","2026-10-06T05:00:00.000Z","SKU0484","5","1900","9500","9500"
"10965","2026-10-06T05:00:00.000Z","SKU0485","6","2400","14400","14400"
"10990","2026-10-06T05:00:00.000Z","SKU0486","7","4900","34300","34300"
"11038","2026-10-06T05:00:00.000Z","SKU0488","1","3900","3900","3900"
"11063","2026-10-06T05:00:00.000Z","SKU0489","2","900","1800","1800"
"11087","2026-10-06T05:00:00.000Z","SKU0490","3","3200","9600","9600"
"11112","2026-10-06T05:00:00.000Z","SKU0491","4","1200","4800","4800"
"11137","2026-10-06T05:00:00.000Z","SKU0492","5","1400","7000","7000"
"11161","2026-10-06T05:00:00.000Z","SKU0493","6","3400","20400","20400"
"11209","2026-10-06T05:00:00.000Z","SKU0496","1","4900","4900","4900"
"11234","2026-10-06T05:00:00.000Z","SKU0497","2","2900","5800","5800"
"11258","2026-10-06T05:00:00.000Z","SKU0498","3","3900","11700","11700"
"11283","2026-10-06T05:00:00.000Z","SKU0499","4","900","3600","3600"